date,title,text,source,url
2012-05-25,Bsd%20Annual%20Report%202011%20Press%20Release,"PRESS RELEASE BANK SUPERVISION ANNUAL REPORT 2011 Nairobi, Kenya (25 May 2012)  The Central Bank of Kenya (CBK) has today released the Bank Supervision Annual Report for 2011. The report which can be downloaded from www.centralbank.go.ke reviews the performance of the banking sector in 2011 and also highlights other significant developments. Releasing the report, the Governor of the Central Bank of Kenya, Professor Njuguna Ndungu noted that, The banking sector registered improved growth in 2011. The asset base of the sector increased by 20.2 percent from Ksh. 1.68 trillion in December 2010 to Ksh. 2.02 trillion in December 2011. The sector also recorded an increase in pre-tax profit by 20.5 percent to stand at Ksh. 89.5 billion in 2011. This performance was underpinned by adoption of cost effective delivery channels and regional expansion. The report also highlights other notable developments in the legal and regulatory framework in 2011. These include the Appointment of the Anti-Money Laundering (AML) Advisory Board in June 2011, by the Deputy Prime Minister and the Minister for Finance. The AML Board is established under Section 49 of the Proceeds of Crime and Anti-Money Laundering Act 2009. Going forward, one of the priorities of the AML Board will be to provide guidance in defining the strategic direction of the Financial Reporting Centre (FRC) including its set up and staffing. On the regional and international front  The Central Bank of Kenya signed Memorandum of Understanding (MOU) with the Central Bank of Nigeria in June 2011 and the Bank of Mauritius in August 2011 respectively. The MOUs are part of initiatives to enhance cross border collaboration and sharing of information with other regulators.  Kenyan banks have set-up subsidiaries in the East African Community (EAC) Partner States and South Sudan. As at end of 2011, ten banks had subsidiaries operating in EAC and South Sudan. The subsidiaries which had 223 branches had total assets worth Ksh. 195.6 billion and posted profit before tax of Ksh 2.3 billion.  The Central Bank of Kenya authorized two new Representative Offices namely the Hong Kong Shanghai Banking Corporation Limited (HSBC Ltd) of United Kingdom (in April 2011) and FirstRand Bank Ltd of South Africa (in November 2011). The establishment of the two Representative Offices brought the total number of Representative Offices operating in Kenya as at 31st December 2011 to four. The other two are HDFC Bank Ltd of India (authorized in 2008) and Nedbank Ltd of South Africa (authorized in 2010). Representative Offices are established by foreign banks who wish to have a presence in the country without having to launch fully fledged banking operations. The increasing number of Representative Offices established in Kenya signifies growing interest in the Kenyan banking sector from regional and international banks. This indicates the existing business opportunities in the banking sector that are yet to be exploited. Commenting on the sectors outlook for 2012, the Governor indicated that, the sectors growth momentum is expected to be supported by continued adoption of innovative and cost effective channels of offering financial services by banks coupled with regional expansion among other initiatives. The Central Bank in conjunction with Government will continue on its policy path of maintaining macro-economic stability. This will ensure that inflationary pressures and exchange rate volatility experienced in 2011 are tamed. CBK will continue supporting initiatives by the banking sector to mitigate the impact of the high interest rate regime on consumers such as extension of loan tenors and waiving of early repayment charges. This stance takes cognizance of the anticipated short-term nature of the high interest rate regime as inflation abates. For more information please contact Communications Manager, Central Bank of Kenya E-mail commscentralbank.go.ke Tel 286 13713940 2",Press Release,https://www.centralbank.go.ke//images/docs/media/2012/bsd%20annual%20report%202011%20press%20release.pdf
2017-07-31,686341701_Press Release   Imperial Bank   Expression Of Interest,"PRESS RELEASE COMMENCEMENT OF PROCESS FOR AN INVESTOR TO SUBMIT AN EXPRESSION OF INTEREST WITH RESPECT TO IMPERIAL BANK LIMITED (IN RECEIVERSHIP) The Central Bank of Kenya (CBK) together with the Kenya Deposit Insurance Corporation (KDIC) is inviting investors to present an initial Expression of Interest (EOI) to take an equity interest in Imperial Bank Limited (In Receivership) (IBLR or the Bank) or propose other transaction structures with respect to IBLR. CBK and KDIC, the appointed Receiver, are executing their mandates in this matter in accordance with the Laws of Kenya. Imperial Bank Limited (IBL), was founded in 1992 and provided banking, financial and related services in Kenya across 28 branches. This announcement commences a formal process of selecting a preferred investor for the Bank, which should be concluded within 48 weeks from July 31, 2017, being the date of the extension of the receivership. Following the receipt and evaluation of EOIs, a shortlist of qualifying investors (Shortlisted Investors) will be granted access to a comprehensive confidential data room to develop a formal proposal. The Shortlisted Investors will be determined in a fair process using appropriate criteria based on, inter alia, regulatory imperatives and prudential guidelines to maximise the probability of an optimal recovery for depositors, creditors and other stakeholders of IBLR, whilst also mindful of seeking to preserve and develop a sound and innovative banking system in Kenya. EOIs must be received before 5.00 p.m. (East Africa Time) on September 29, 2017. Interested investors are referred to the EOI which can be located on the following websites www.depositinsurance.co.ke or www.centralbank.go.ke. CENTRAL BANK OF KENYA September 8, 2017 Page 1 of 2 IMPERIAL BANK LIMITED (IN RECEIVERSHIP) INDICATIVE TIMELINE AND MILESTONES FOR RESOLUTION Month Page 2 of 2 guA guA guA guA peS peS peS peS peS tcO tcO tcO tcO Week starting 31 07 14 21 28 04 11 18 25 02 09 16 23 Week ending 04 11 18 25 01 08 15 22 29 06 13 20 27 Indicative timetable 1 2 3 4 5 6 7 8 9 10 11 12 13 Approval of 12 month extension 31 July 2017 D Data room preparation Preparation of data room - - - - - - - - D Preparation of Information Memorandum (IM) - - - - - - - - D Expression of Interest (EOI) Preparation of the Public EOI Invitation - - D Preparation of potential investor list - - D Contact potential investors - - D Publish EOI Invitation - - D Potential investors review the EOI Invitation - - D Receipt of EOIs D Evaluation of EOIs and selection of Shortlisted Investors - D Communication to Shortlisted Investors D Non-binding offer (NBO) Preparation of Confidentiality Undertaking (CU) - D Shortlisted Investors are sent the CU D Shortlisted Investors sign the CU - D Send IM to potential investors D Month tcO voN voN voN voN ceD ceD ceD ceD naJ naJ naJ naJ naJ Week starting 03 10 17 24 01 08 15 22 29 05 12 19 26 02 Week ending 30 06 13 20 27 04 11 18 25 01 08 15 22 29 Indicative timetable 14 15 16 17 18 19 20 21 22 23 24 25 26 27 Due diligence and QA in virtual data room - - - - - - D Management presentations - - - - - - D Site visits - D Credit file reviews - D Shortlisted Investors submit Non Binding Offers - D Evaluation of Non Binding Offers - D Selection of Final Investor - - D Transaction finalisation D Month beF beF raM raM rpA rpA rpA yaM yaM nuJ nuJ luJ Week starting 05 19 05 19 02 16 30 14 28 11 25 09 Week ending 09 23 09 23 06 20 04 18 01 15 29 13 27 Indicative timetable 28 30 32 34 36 38 40 42 44 46 48 50 52 Negotiation with Final Investor and Stakeholders - - - - - D Finalisation of legal documents - - - - D Completion of Conditions Precedent - - - - D Transaction finalisation D snoitcelE lareneG doirep rebmeceD noitcelE laitnediserP dn2 pihsrevieceR luJ enildaed 23",Press Release,https://www.centralbank.go.ke/uploads/press_releases/686341701_Press Release - Imperial Bank - Expression of Interest.pdf
2017-07-31,876265848_Press Release   Imperial Bank Limited   Update,"PRESS RELEASE UPDATE ON THE PROCESS FOR AN INVESTOR TO SUBMIT AN EXPRESSION OF INTEREST WITH RESPECT TO IMPERIAL BANK LIMITED (IN RECEIVERSHIP) Following the September 8, 2017 announcement inviting investors to present an initial Expression of Interest (EOI) to take an interest in Imperial Bank Limited (In Receivership) (IBLR or the Bank) or propose other transaction structures with respect to IBLR, the deadline for submission of EOIs expired on September 29, 2017. During this period, a total of three responses to the EOI were received. The evaluation of the EOIs has now been completed and a shortlist of qualifying investors (Shortlisted Investors) has been identified. The Shortlisted Investors were determined using appropriate and objective criteria based on, inter alia, regulatory imperatives and prudential guidelines which will ensure a speedy and optimal recovery for depositors, creditors and other stakeholders of IBLR, whilst also mindful of seeking to preserve and develop a sound and innovative banking system in Kenya. Shortlisted Investors and other respondents have been informed of the outcome of this process. Shortlisted Investors will be granted access to a comprehensive confidential data room that will allow them to develop a formal proposal for IBLR, after completion of appropriate confidentiality agreements. Shortlisted Investors have been requested to submit their formal proposals by January 15, 2018, 500 p.m. (East African Time). The Central Bank of Kenya and the Kenyan Deposit Insurance Corporation, the appointed Receiver, are executing their mandates in this matter in accordance with the Laws of Kenya. Central Bank of Kenya Kenya Deposit Insurance Corporation October 13, 2017 Month A u g A u g A u g A u g S e p S e p S e p S e p S e p O ct O ct O ct O ct Week starting 31 07 14 21 28 04 11 18 25 02 09 16 23 Week ending 04 11 18 25 01 08 15 22 29 06 13 20 27 Indicative timetable 1 2 3 4 5 6 7 8 9 10 11 12 13 Approval of 12 month extension 31 July 2017 D Data room preparation Preparation of data room - - - - - - - - D Preparation of Information Memorandum (IM) - - - - - - - - D Expression of Interest (EOI) P P C r r o e e n p p t a a a r r c a a t t t i i p o o o n n t e o o n f f t t p ia h o l e t i n e P v n u e t b i s a l t l i o c in r E s v O es I t o I r n v li i s t t ation c t i o n s - - - - - - D D D al El e cti o n Publish EOI Invitation E l e - - D e nti Potential investors review the EOI Invitation a l - - D e si d Receipt of EOIs n e r D n d Pr Evaluation of EOIs and selection of Shortlisted Investors e - D 2 G Communication to Shortlisted Investors D Non-binding offer (NBO) Preparation of Confidentiality Undertaking (CU) - D Shortlisted Investors are sent the CU D Shortlisted Investors sign the CU - D Open virtual including information memorandum D Month O ct N o v N o v N o v N o v D e c D e c D e c D e c J a n J a n J a n J a n J a n Week starting 30 06 13 20 27 04 11 18 25 01 08 15 22 29 Week ending 03 10 17 24 01 08 15 22 29 05 12 19 26 02 Indicative timetable 14 15 16 17 18 19 20 21 22 23 24 25 26 27 Due diligence and QA in virtual data room - - - - - - D Management presentations - - - - - - D r Site visits - D b e d m o Credit file reviews - D ri e e Shortlisted Investors submit Non Binding Offers e c p - D D Evaluation of Non Binding Offers - D Selection of Final Investor - - D Month F e b F e b M ar M ar A pr A pr A pr M a y M a y J u n J u n J ul J ul Week starting 05 19 05 19 02 16 30 14 28 11 25 09 23 Week ending 09 23 09 23 06 20 04 18 01 15 29 13 27 Indicative timetable 28 30 32 34 36 38 40 42 44 46 48 50 52 Negotiation with Final Investor and Stakeholders - - - - - D p hi e Finalisation of legal documents - - - - D v e r s dli n Completion of Conditions Precedent - - - - D ei e a cd e Transaction finalisation D R",Press Release,https://www.centralbank.go.ke/uploads/press_releases/876265848_Press Release - Imperial Bank Limited - Update.pdf
2018-01-04,547132684_Press Release   Chase Bank   Acceptance Of The Binding Offer,"PRESS RELEASE CHASE BANK (KENYA) LIMITED (IN RECIEVERSHIP) Central Bank of Kenya (CBK) and Kenya Deposit Insurance Corporation (KDIC) announce the receipt and acceptance of a Binding Offer from SBM Holdings Limited (SBM) with respect to Chase Bank (Kenya) Limited (In Receivership) (CBLR). The Binding Offer, accepted on 4 January 2018, includes the acquisition of certain assets and matched liabilities from CBLR. This Binding Offer is similar to the Non-Binding Offer that was discussed with depositors on October 6, 2017. The offer still needs to be executed and operationalised, and it is expected that this transaction will inter alia ensure the transfer of 75 percent of the value of deposits currently under moratorium and the transfer of staff and branches of the existing CBLR operations. Non-moratorium depositors will continue to have full unrestricted access to their funds. CBK and KDIC plan to meet CBLR depositors on Wednesday, 10th and Thursday, 11th January 2018. SBM is a leading financial services group and the second largest company listed on the Stock Exchange of Mauritius, with a growing international presence currently extending to Madagascar, India and Kenya, where SBM acquired Fidelity Bank in May 2017. SBM has a market capitalisation of approximately 600 million, with the Government of Mauritius as a significant shareholder, and total assets in excess of 4 billion. SBM provides all services of a universal bank within a diversified business model. Lines of business include, inter alia Retail, SME and Corporate Banking. Through this acquisition, and combined with its other operations in Kenya, SBM will bring its experience and expertise from Mauritius and other markets, to further enhance competitiveness and the resilience of Kenyas banking sector. CBK and KDIC assess that SBMs Binding Offer represents a viable proposal for the substantial resolution of CBLR, for the benefit of depositors and the strengthening of the Kenyan financial sector. It is expected that the transaction will be concluded upon the execution and operationalisation of the Binding Offer. CBK and KDIC reiterate their commitment in keeping with their respective mandates and in accordance with the Laws of Kenya, to protect the interest of depositors, creditors, and the wider public interest. CENTRAL BANK OF KENYA KENYA DEPOSIT INSURANCE CORPORATION January 5, 2018",Press Release,https://www.centralbank.go.ke/uploads/press_releases/547132684_Press Release - Chase Bank - Acceptance of the Binding Offer.pdf
2018-03-01,1009004358_Press Release   Imperial Bank Limited October 3 2018,"PRESS RELEASE IMPERIAL BANK LIMITED (IN RECEIVERSHIP) RECEIPT OF BINDING OFFER FROM KCB BANK KENYA LIMITED Central Bank of Kenya (CBK) and Kenya Deposit Insurance Corporation (KDIC) announce the receipt of a binding offer dated September 27, 2018, from KCB Bank Kenya Limited (KCB) with respect to Imperial Bank Limited (In Receivership) (IBLR) as part of the Expression of Interest (EOI) process that was announced on October 13, 2017 Press Release. Following receipt and assessment of KCBs non- binding proposal, CBK and KDIC engaged KCB in discussions aimed at maximizing the value for depositors Press Release. CBK and KDIC will provide further details to stakeholders as soon as the binding offer has been fully assessed. In particular, a meeting with depositors will be called shortly. Additionally, in the High Court Civil Case No. 303 of 2018, on September 26, 2018, CBK, KDIC, and Kenya Tea Development Agency Limited (KTDA) consented in an Order adopted by the High Court to maintain the status quo (i.e., continuation of IBLRs receivership) until the matter is determined by the Court. The case will be mentioned on January 15, 2019. CBK and KDIC expect that this Order provides sufficient time to conclude the matter of KCBs binding offer. CBK and KDIC reiterate their commitment in keeping with their respective mandates and in accordance with the Laws of Kenya, to protect the interest of depositors, creditors, and the wider public interest. CENTRAL BANK OF KENYA KENYA DEPOSIT INSURANCE CORPORATION October 3, 2018",Press Release,https://www.centralbank.go.ke/uploads/press_releases/1009004358_Press Release - Imperial Bank Limited October 3 2018.pdf
2019-05-07,1685225134_Press Release   Announcement Of Afro Asia Fintech Festival (003),"PRESS RELEASE WORLDS FIRST AFRO-ASIA FINTECH FESTIVAL TO FOCUS ON SUSTAINABLE FINANCE, TRANSFORMING LIVES NairobiSingapore, 7 May 2019 The Central Bank of Kenya (CBK) and the Monetary Authority of Singapore (MAS) announce the inaugural Afro-Asia FinTech Festival, to be held in Nairobi, Kenya, from 15 to 16 July 2019. Jointly organised by the two central banks, the Festival  the first of its kind globally  will provide a platform for connections, collaborations and exchange of ideas between Africa and Asia. It will also further boost the FinTech ecosystems in the two regions. Dubbed FinTech in the Savannah, the theme of the Festival is Sustainable Finance Inclusive and Green. The Festival will explore financial services innovations from emerging Afro-Asian markets that can transform legacy systems, and bring about lasting environmental and social benefits for citizens and society. The two-day Summit consists of a FinTech Conference, FinTech Exhibition and break-out sessions for deep-dives into the applications of these ideas with industry. The Conference will see robust discussions around three key topics  Technology for Tomorrow, which discusses issues in artificial intelligence (AI) and big data cybersecurity, technology risks and RegTech  Social Impact, which looks at impact investing1 as well as micro, small and medium enterprise financing and  Spirit of Innovation, which explores the evolution of mobile financial services, InsurTech and Digital Pension. Participants can also look forward to a vibrant marketplace of ideas and innovative solutions at the FinTech Exhibition which features some of the best technology firms and FinTech players from Africa and Asia. 1 Capital that is directed to enterprises that not only generates a financial return but also an environmental or social impact. Dr. Patrick Njoroge, Governor, CBK said, CBK is honoured to partner MAS in co-creating a unique platform for policy-makers, technology entrepreneurs, financial industry leaders and other players to come together and tap their diverse knowledge and experiences. Cross-border cooperation is increasingly important as global problems cannot be resolved in isolation. We need to come together as a global community to learn from each other and co-create solutions that will improve the lives of our people. Mr. Ravi Menon, Managing Director, MAS, said, Some of the most exciting developments in technology-enabled financial inclusion are happening in Africa and Asia. The central banks of Kenya and Singapore share a vision to build an Afro-Asia platform to synergise efforts in FinTech innovation. With Kenya and Singapore as the starting points, we hope to bring our two regions closer together to innovate and make financial services more accessible and affordable for our people. CENTRAL BANK OF KENYA MONETARY AUTHORITY OF SINGAPORE May 7, 2019  For media queries, please contact Casie Eng Assistant Director (Communications) Monetary Authority of Singapore Tel 65 6422 5428 Email casieengmas.gov.sg Wallace Kantai Assistant Director, Governors Office Head of Communications Central Bank of Kenya Tel 254 20 286 1399 Email kantaiwgcentralbank.go.ke Additional information The Afro-Asia FinTech Festival is modelled after the Singapore FinTech Festival, the worlds largest FinTech event and global knowledge platform held in Singapore every November. The best ideas from the Savannah will also be showcased at the Singapore FinTech Festival 2019, to show the progress that both continents are making in advancing financial services innovation.  About the Monetary Authority of Singapore The Monetary Authority of Singapore (MAS) is Singapores central bank and integrated financial regulator. As central bank, MAS promotes sustained, non-inflationary economic growth through the conduct of monetary policy and close macroeconomic surveillance and analysis. It manages Singapores exchange rate, official foreign reserves, and liquidity in the banking sector. As an integrated financial supervisor, MAS fosters a sound financial services sector through its prudential oversight of all financial institutions in Singapore  banks, insurers, capital market intermediaries, financial advisors, and stock exchanges. It is also responsible for well-functioning financial markets, sound conduct, and investor education. MAS also works with the financial industry to promote Singapore as a dynamic international financial centre. It facilitates the development of infrastructure, adoption of technology, and upgrading of skills in the financial industry. About the Central Bank of Kenya The Central Bank of Kenya is established under Article 231 (1) of the Constitution of Kenya with the principal purpose of formulating and implementing monetary policy directed to achieving and maintaining stability in the general level of prices fostering the liquidity, solvency and proper functioning of a stable market-based financial system supporting the economic policy of the Government, including its objectives for growth and employment. CBK also formulates and implements foreign exchange policy holds and manages foreign exchange reserves licenses and supervises authorised dealers and, formulates and implements policies as best promote the establishment, regulation and supervision of efficient and effective payment, clearing and settlement systems acts as banker and adviser to, and as fiscal agent of the Government. About Singapore FinTech Festival Singapore FinTech Festival (SFF) is the worlds largest FinTech festival and global platform for the FinTech community, drawing close to 45,000 participants comprising FinTech players, technopreneurs, policy makers, financial industry leaders, investors including private equity players and venture capitalists, and academics. The 2018 Festival saw participants from over 127 countries, hosted more than 250 global luminaries and 480 exhibitors, and featured highlights such as the FinTech Conference with a new AI in Finance Summit and Global Investors Summit, the FinTech Awards, Global FinTech Hackcelerator, Innovation Lab Crawl and Industry Networking and Workshops. The Festival is organised by the Monetary Authority of Singapore (MAS) in partnership with The Association of Banks in Singapore and in collaboration with SingEx Holdings. Find out more at httpfintechfestival.sg.",Press Release,https://www.centralbank.go.ke/uploads/press_releases/1685225134_Press Release - Announcement of Afro-Asia Fintech Festival (003).pdf
2020-10-09,"1807632143_Press Release   Undp, Uncdf, Switzerland And Kenya Launch A New Initiative To Govern Bigfintech For Greater Good","PRESS RELEASE UNDP, UNCDF, Switzerland and Kenya launch a new initiative to govern BigFintech for greater good A first of its kind meeting between regulators, key institutions, market players, and UN agencies to align BigFintechs with the Sustainable Development Goals Geneva, 9 October 2020 - Regulators, UN agencies, market actors and officials from 10 countries will gather virtually on October 9th to launch the Dialogue on Global Digital Finance Governance, implementing one of the key recommendations of the UNSG Digital Finance Task Force, to catalyse international and corporate governance innovations to ensure BigFintechs benefit all. Many positive developments have happened that align fintech with sustainable development, which need to be built upon. BigFinTechs present a different challenge in that their size and scope present much greater potential for both positive and negative impacts. Strengthening the opportunities and mitigating the risks with governance innovations will ensure that BigFinTechs and fintech follow a similar path in supporting the greater good noted Achim Steiner, cochair of the Digital Finance Task Force and UNDP Administrator. BigFintechs are the new giants of tomorrows financial system, with technology driving an upsurge in growth, scale and diversification into financial services. Such BigFintechs originate from different contexts, from Chinas AntGroup to Africas numerous mobile money companies, South East Asias ride hailing services, Facebook Pay, Amazon and Google in the US, Jio in India, Mercado Libre in Latin America and many more. These platforms have positive impacts - from deepening financial inclusion to creating livelihood opportunities to enabling direct citizen action - but also bring new challenges. Negative impacts on sustainable development, intended and non- intended are numerous (research indicates that ride-hailing services create more air pollution than trips they displace, wages get suppressed as digital platforms scale, decisions made by e-commerce big players can impact hundreds of thousands of SMEs in other markets, data privacy breaches are making headlines). Digitalization has been the silver lining in the dark cloud of the coronavirus (COVID-19) pandemic, enabling official and personal transfers to vulnerable households and facilitating essential social services including health, education and online shopping. But with opportunities come risks, particularly of market concentration by BigFintechs. A global discourse on these emerging risks that brings everyone to the table is imperative, said Patrick Njoroge, the Governor of the Central Bank of Kenya.  www.undp.org  Follow us Some of the issues to be discussed on October 9th include market concentration, data governance and monopolization risks, the role of e-commerce platforms to facilitate access to global markets, taxation issues, digital currencies macro-economic impacts in developing countries. Good governance of Big Tech and Fintech is one of developments cutting edge issues that will define tomorrows world. It requires a new geometry of actors to ensure that no one is left behind. The Dialogue on Global Digital Finance Governance offers a unique platform to convene a wide range of stakeholders, including from the Global South and bring in new perspectives to different relevant international bodies Amb. Christian Frutiger, Assistant Director, Swiss Agency for Development and Cooperation. Specific outcomes shall include SDGs principles into international policy and regulation on BigFintechs and advancing corporate governance innovations with BigFintechs. The Dialogues ambition is to catalyze in the next coming years new norms and practices for BigFintechs and digital finance can play a major role in contributing to the 2030 agenda. ----------------------------------------------------------------------------------------------------------------------- The Dialogue on Global Digital Finance seeks to facilitate a balanced and more inclusive dialogue, particularly involving developing nations, on SDG-aligned governance of global digital financing platforms. It convenes representatives from central banks, finance, trade and other relevant ministries, cross-sector regulatory bodies, LDCs and non-state actors from developing countries, and representatives from key institutions such as FSB, BIS, IMF, World Bank and Global Partnership for Financial Inclusion affiliated entities. The platform provides a means for advancing consensus on policy and regulatory responses to the development of global digital financing platforms appropriate for developing contexts and economies. It also seeks to catalyse governance innovations that improve consideration of the SDGs and can support developing countries to harness digital finance in leapfrogging towards sustainable development. The initiative is co- chaired by the UNDP Administrator and the Governor of Central Bank of Kenya, funded by the Swiss Agency for Development Cooperation and hosted by UNDP and UNCDF. Additional quote Governance innovations are pre-conditions for harnessing digitalization in delivering financing of the SDGs. Regulations and standards governing digital financing need to be informed by SDG commitments and goals, with a particular need to ensure that the SDGs inform the governance of a new generation of global digital financing platforms with cross-border, spillover impacts. Market actors, both existing and new, play a critical role in developing financial products that take the SDGs into account, both in terms of environmental and social risks and positive impacts about which customers and users care. Governance innovations will be needed to incentivize and, where necessary, require these developments, as well as mitigate risks from digitalization itself. UN Secretary General Digital Finance Task Force report Press contact FDFA Switzerland, Paola Ceresetti, paola.ceresettieda.admin.ch, 41792401918 UNDP Geneva Sarah Bel, sarah.belundp.org, 41799341117 UNCDF Brussels Karima Wardak, karima.wardakuncdf.org, 32491082475 Kenya Central Bank Wallace Kantai, kantaiwgcentralbank.go.ke, 254 20 2860000 13701395  www.undp.org  Follow us",Press Release,"https://www.centralbank.go.ke/uploads/press_releases/1807632143_Press Release - UNDP, UNCDF, Switzerland and Kenya Launch a New Initiative to Govern BigFintech for Greater Good.pdf"
2022-11-18,"2014400234_Fsb Press Release   Fsb Sub Saharan Africa Group Discusses Global And Regional Vulnerabilities, Climate Related Risks And Cross Border Payments'","Press release Press enquiries 41 61 280 8486 pressfsb.org Ref 422022 18 November 2022 FSB Sub-Saharan Africa group discusses global and regional vulnerabilities, climate-related risks and cross-border payments The Financial Stability Board (FSB) Regional Consultative Group for Sub-Saharan Africa met in Diani, Ukunda, hosted by the Central Bank of Kenya, to discuss global and regional economic and financial market challenges, as well as progress in strengthening arrangements for crisis preparedness and management. Members also received an update on the FSBs work plan for 2023. The group discussed the increasingly challenging outlook for financial stability in the region arising from volatile commodity markets, high inflationary pressures and tighter global financial conditions. The group also discussed episodes of illiquidity in various financial markets and other vulnerabilities affecting the region, such as, the stress in global energy prices and rising debt levels. The limited fiscal policy space of many authorities in the region underscores the need to remain vigilant. The group discussed ways to enhance crisis preparedness and management in the region and the importance of cross-border cooperation. Food insecurity is a growing issue both because of short-term supply constraints and more fundamentally through climate change. Members discussed the issues that arise for financial authorities. They also reviewed progress of the FSBs Roadmap to address financial risks from climate change, including the FSBs recommendations for regulatory and supervisory approaches to climate-related risks published in October 2022. Members were updated on the FSBs prioritisation of work to implement its Roadmap to enhance cross-border payments by improving cost, speed, access and transparency. The three priority areas are payment system interoperability and extension legal, regulatory and supervisory frameworks and cross-border data exchange and message standards. The group discussed initiatives to enhance cross-border payments in the region, including potential use of central bank digital currencies for cross-border payments while noting the importance of compliance with anti-money laundering and combating the financing of terrorism (AML-CFT) standards. Members thanked the Central Bank of Kenya for their very efficient organisation of the meeting. Notes to editors The FSB RCG for Sub-Saharan Africa meeting is co-chaired by Lesetja Kganyago, Governor, South African Reserve Bank, and Ernest Addison, Governor, Bank of Ghana. Membership Switchboard 41 61 280 80 80 E-mail fsbfsb.org CH-4002 Basel, Switzerland includes financial authorities from Angola, Botswana, Ghana, Kenya, Mauritius, Namibia, Nigeria, South Africa, Tanzania, Uganda and Zambia as well as the Central Bank of West African States (BCEAO) and the Bank of Central African States (BEAC). Permanent observers include the Committee of Central Bank Governors of the Southern African Development Community, and the East African Community. For this meeting, the following central banks from the region were invited as guests Bank of the Republic of Burundi, Central Bank of Congo, Central Bank of South Sudan and National Bank of Rwanda. The FSB has six Regional Consultative Groups, established under the FSB Charter, to bring together financial authorities from FSB member and non-member countries to exchange views on vulnerabilities affecting financial systems and on initiatives to promote financial stability.1 Typically, each Regional Consultative Group meets twice each year. The FSB coordinates at the international level the work of national financial authorities and international standard-setting bodies and develops and promotes the implementation of effective regulatory, supervisory, and other financial sector policies in the interest of financial stability. It brings together national authorities responsible for financial stability in 24 countries and jurisdictions, international financial institutions, sector-specific international groupings of regulators and supervisors, and committees of central bank experts. The FSB also conducts outreach with approximately 70 other jurisdictions through its six Regional Consultative Groups. The FSB is chaired by Klaas Knot, President of De Nederlandsche Bank. The FSB Secretariat is located in Basel, Switzerland, and hosted by the Bank for International Settlements. For further information on the FSB, visit the FSB website, www.fsb.org. 1 The FSB Regional Consultative Groups cover the following regions Americas, Asia, Commonwealth of Independent States, Europe, Middle East and North Africa, and sub-Saharan Africa. 2",Press Release,"https://www.centralbank.go.ke/uploads/press_releases/2014400234_FSB Press Release - FSB Sub-Saharan Africa group discusses global and regional vulnerabilities, climate-related risks and cross-border payments'.pdf"
2022-12-16,834999694_Communique On The 13Th Joint Financial Sector Regulators' Board Meeting,"Communique on the 13th Joint Financial Sector Regulators Board Meeting Kisumu, 16 December 2022  The 13th Joint Financial Sector Regulators Forum (JFSRF) was held in Kisumu between December 13th and 16th, 2022. This was the first such in-person Forum since 2019, with the Covid-19 pandemic making it impossible to hold Forums in 2020 and 2021. The Forum took stock of progress made on resolutions of the 12th Joint Boards Meeting and deliberated on emerging issues as manifested in this years theme Fostering financial stability in the face of frontier risks, policy, and regulatory challenges. The 13th JFSRF took place in a period of significant transformation in the domestic financial sector, particularly brought about by accelerated digitisation. While these have immense potential benefits, they also pose risks to the stability of the financial sector, including cyber fraud, data protection issues, consumer protection, and product pricing. The Forum recognised the significant policy changes that have altered the business and regulators operating environment. Globally, the monetary policy tightening by advanced economies to stem inflationary pressures have not only increased volatility in the financial markets, but also created elevated uncertainties to the economies in emerging markets. The Forum also took cognisance of climate-related risks and their impact on the financial sector. While recognising the need for continuing collaboration and partnership among financial sector regulators, the 13th JFSRF resolved, inter alia 1. To consider the recommendation of the National Treasury and Economic Planning for the formation of a Technical Working Group of concerned regulators to make recommendations to the Cabinet Secretary on the establishment of a comprehensive oversight framework on crypto assets activities and players in Kenya. These recommendations will be subsequent to wide consultations and deliberations across the financial sector and other relevant stakeholders. 2. To progress work on financial system stability surveillance, assessment and analysis including preparation, publication and dissemination of financial stability reports. 3. To enhance the progress of efforts towards financial literacy and awareness programmes. These programmes are crucial as financial inclusion deepens, and financial products become more sophisticated and widely available. 4. To coordinate the development of a framework on promoting adoption of technology and innovations in the financial services sector to enhance effective regulation and supervision. 5. To task each regulator with the completion of the Islamic Finance initiatives within established timelines based on the guidance from the National Treasury and Economic Planning. 6. To jointly address the risks posed by climate change and develop appropriate recommendations noting the increasing frequency of climate related disasters and their impact on the financial sector. Note to editors The Financial Sector Regulators Forum (FSR) was established in 2009 through a Memorandum of Understanding (MoU). The principal objective of the Forum is to promote cooperation and collaboration in areas of mutual interest including but not limited to, Information sharing, Legal and policy issues, Regulation and supervision approaches frameworks, Fostering financial stability surveillance, assessment and analysis, Communications and Public Relations, Investigation and Enforcement and Capacity Building The regulators hold annual Joint Financial Sector Regulators Forum (JFSRF) to deliberate on issues touching on the countrys financial stability and health. These forums are attended by board members drawn from all the regulators, the chief executive officers and technical staff.",Press Release,https://www.centralbank.go.ke/uploads/press_releases/834999694_Communique on the 13th Joint Financial Sector Regulators' Board Meeting.pdf
2024-01-01,,"Circulars Circulars Year Title Year Title 2024 Banking Circular No. 1 of 2024 - Changes to the CBK Discount (Overnight) Window Facility 2025 Banking Circular No. 2 of 2025 - Changes to the CBK Discount (Overnight) Window Facility 2024 Banking Circular No. 2 of 2024 - Migration of Domestic High Value Payment System to ISO 20022 Standards 2024 Microfinance Banks Circular No. 1 of 2024 - Migration of Domestic High Value Payment System to ISO 20022 Standards 2023 Central Bank of Kenya Circular No. 13 of 2023 - Highlights of the AML CFT (Amendment) Act 2023 2023 Banking Circular No. 15 of 2023 - Highlights of the AML CFT (Amendment) Act 2023 2023 Central Bank of Kenya Circular No. 11 of 2023 - Dissemination of ML-TF-PF Sectoral Risk Assessment Report 2023 Banking Circular No. 12 of 2023 - Dissemination of ML-TF-PF Sectoral Risk Assessment 2023 Banking Circular No. 11 of 2023 - Request for Information on Unlicensed or Unauthorized MVTS 2023 Banking Circular No. 8 of 2023 - Compliance with Banking Act and Central Bank of Kenya Prudential Guidelines 2023 Central Bank of Kenya Circular No. 2 of 2023 - Implementation of the Recommended Actions in the AML CFT MER of Kenya 2023 Banking Circular No. 6 of 2023 - Implementation of the Recommended Actions in the AML CFT MER of Kenya 2023 Payments Circular No. 13 of 2023 CDD EDD and Record Keeping 2023 Central Bank Circular No. 12 of 2023 - AML CFT CPF Obligations on CDD EDD and Record Keeping 2023 Banking Circular No. 14 of 2023 - AML CFT CPF Obligations on CDD EDD and Record Keeping 2023 Payments Circular No. 9 of 2023 Guidance Beneficial Ownership 2023 Central Bank of Kenya Circular No. 10 of 2023- Guidance n Beneficial Ownership 2023 Banking Circular No. 10 of 2023 - Guidance on Beneficial Ownership 2023 Banking Circular No.16 of 2023 - Introduction of Electronic Matching Systems (EMS) in the Interbank Foreign Exchange Market 2023 Banking Circular No 7 of 2023 - Changes to Operations in the Interbank Foreign Exchange Market 2023 Banking Circular No 6 of 2023 - Changes to Haircuts Applicable to Government Securities used as Collateral for Vertical Repos, CBK Discount (Overnight) Window and Intra-Day Liquidity Facility 2023 Banking Circular No. 5 of 2023 - Changes to the CBK Discount (Overnight) Window Facility 2023 Banking Circular No. 5 of 2023 - Changes to the CBK Discount (Overnight) Window Facility 2023 Banking Circular No. 4 of 2023 - Report on The National Risk Assessment on Money Laundering and Terrorism Financing and The Mutual Evaluation Report for Kenya 2023 Banking Circular 3 of 2023 - End of IFRS 9 Transition Period 2022 Banking Circular Number 6 of 2022 - Resumption of Charges between Mobile Money Wallets and Bank Accounts 2022 Banking Circular Number 5 of 2022 - Additional Guidance on Large Cash Transactions 2022 Banking Circular No. 4 of 2022 - Credit Repair Framework 2022 Banking Circular No. 2 of 2022 - Compliance with the Banking (CRB) Regulations, 2020 2022 Banking Circular No.3 of 2022 - Credit Reports Issued by Credit Reference Bureaus 2022 Banking Circular No.1 of 2022 - Expiry of Cash Reserve Ratio Emergency Measure 2023 Banking Circular No.1 of 2023 - Issuance of the Kenya Foreign Exchange Code 2023 Banking Circular No. 2 of 2023 - Publishing of the Domestic High Value Payments ISO 20022 Message Standards 2021 Central Bank of Kenya (Digital Credit Providers) Regulations, 2021 2021 Banking Circular No. 6 of 2021 - Guidance on Libor Transition 2021 Central Bank of Kenya Guidance on LIBOR Transition 2021 Banking Circular No. 4 of 2021 - Guidance on Climate-Related Risk Management 2021 Banking Circular No 3 of 2021 - Commencement of Cash Operations at CBK Kisii Centre 2021 Banking Circular No. 2 of 2021 - Amendment of Risk Weight on Mortgage Loans 2021 Banking Circular No 1 of 2021 - Commencement of Operations at CBK Kisii Centre 2020 Banking Circular No. 11 of 2020 - Internal Capital Adequacy Assessment Process (ICAAP) 2020 Guidance Note to the Banking Sector on Pandemic Planning 2020 Banking Circular No. 5 of 2020 - Issuance of a Guidance Note on Pandemic Planning for the Banking Sector 2020 Banking Circular No. 4 of 2020 - Review of Cash Reserve Ratio 2020 Banking Circular No. 3 of 2020 - Implementation of Emergency Measures 2020 Banking Circular No. 2 of 2020 - Precautionary Measures to Ensure Business Continuity and Mitigate Pandemic Risk 2019 Banking Circular No. 5 of 2019 - Rollout of New Data Specification Template (Version 4) for Sharing of Credit Information with Credit Reference Bureaus(CRBs) 2019 Banking Circular No. 2 of 2019 - Independent Review of AML-CFT Compliance Program 2019 Kenya Banking Sector Charter - 2019 2019 Banking Circular No. 1 of 2019 - Kenya Banking Sector Charter 2018 Banking Circular No 9 of 2018 2018 Microfinance Banking Circular No. 1 of 2018 2018 Banking Circular No. 3 of 2018 2018 Guidance Note on Money Laundering Risk Assessment 2018 Banking Circular No. 2 of 2018 - Guidance Note on Money Laundering Risk Assessment 2017 Banking Circular No. 4 of 2017 2017 Microfinance Banking Circular No. 2 of 2017 - Cost of Credit Website Portal 2018 Banking Circular No. 1 of 2018 2017 Guidance Note on CyberSecurity 2017 Draft Guidance Note on Cyber Risk 2017 Banking Circular No 1 of 2017 - Central Bank Rate 2017 Banking Circular No. 2 of 2017 - Unlicensed Deposit Taking Entities and Pyramid Schemes 2017 Banking Circular No. 3 of 2017 - Cost of Credit Website Portal 2016 GUIDANCE NOTE ON INTERNAL CAPITAL ADEQUACY ASSESSMENT PROCESS 2016 Banking Circular No 7 of 2016 2016 Banking Circular No 6 of 2016 - Increase of Charges and Conversion of Savings Products to Transactional Products 2016 Banking Circular No 5 of 2016 - Review of Central Bank Rate 2016 Banking Circular No 4 of 2016 - The Banking Amendment Act 2016 2016 Banking Circular No 3 of 2016 - Implementation of Communications on Specified Entities 2016 Banking Circular No 2 of 2016 - Review of Central Bank Rate (CBR) 2016 Banking Circular No 1 of 2016 - Additional Guidelines on Large Cash Transactions 2016 Central Bank Circular No 3 of 2016 - Submission of Credit Information to Licensed Credit Reference Bureaus 2016 Central Bank Circular No 2 of 2016 - Implementation of Communications on Specified Entities 2016 Central Bank Circular No 1 of 2016 - Implementation of Communications on Specified Entities 2016 Microfinance Banking Circular No 1 of 2016 - Implementation of Communications on Specified Entities 2015 Banking Circular No 14 of 2015 - Virtual Currencies - Bitcoin 2015 Banking Circular No 13 of 2015 - Compliance with Sections 4 and 9A of Banking Act - Vetting of Directors and Senior Officers 2015 Banking Circular No 12 of 2015 - Compliance with the AML-CFT Law 2015 Banking Circular No 11 of 2015 - Interbank Foreign Exchange Market 2015 Banking Circular No 10 of 2015 - Interbank Foreign Exchange Market 2015 Banking Circular No 9 of 2015 - Compliance with the Prudential Guideline on Foreign Exchange Exposure Limits - CBK-PG-06 2015 Banking Circular No 8 of 2015 - Review of CBR and Introduction of a 3-day Repo 2015 Banking Circular No 7 of 2015 - Change of the Kenya Banks Reference Rate (KBRR) 2015 Banking Circular No 6 of 2015 - Authorized Foreign Exchange Inter-Dealer Broker - Micromega Africa Money Brokers 2015 Banking Circular No 5 of 2015 - Review of Central Bank Rate (CBR) 2015 Banking Circular No 4 of 2015 - Authorized Foreign Exchange Dealers-Brokers 2015 Banking Circular No 3 of 2015 - Foreign Exchange Dealing with Unauthorized Dealers-Brokers 2015 Banking Circular No 2 of 2015 - Implementation of the UN Security Council Resolutions on Sudan 2015 Banking Circular No 1 of 2015 - Operationalizaton of the Kenya Banks Reference Rate (KBRR) 2015 Microfinance Banking Circular No 2 of 2015 - Change of the Kenya Banks Reference Rate (KBRR) 2015 Microfinance Banking Circular No 1 of 2015 - Operationalization of Kenya Banks Reference Rate (KBRR) 2014 Banking Circular No 6 of 2014 - Integration of the National Bank of Rwanda into the East African Payment System (EAPS) 2014 Banking Circular No 5 of 2014 - Implementation of the UN Security Council Resolutions on Central African Republic 2014 Banking Circular No 4 of 2014 - Operationalization of Kenya Banks Reference Rate (KBRR) 2014 Banking Circular No 3 of 2014 - Opening of EAPS Rwandese Francs Accounts 2014 Banking Circular No 2 of 2014 - Implementation of the UN Security Council Resolutions on Central African Republic 2014 Banking Circular No 1 of 2014 - Rollout of Full File Credit Information Sharing 2014 Microfinance Banking Circular No 1 of 2014 - Operationalization of Kenya Banks Reference Rate (KBRR) 2013 Banking Circular No 4 of 2013 - Issuance of Prudential Guielines on Incidental Business Activities and Non-Operating Holding Companies 2013 Banking Circular No 3 of 2013 - Review of the Central Bank Rate (CBR) 2013 Banking Circular No 2 of 2013 - KES1 Page on Reuters 3000 Extra 2013 Banking Circular No 1 of 2013 - Review of the Central Bank Rate 2012 Banking Circular No 10 of 2012 - Review of the Central Bank Rate 2012 Banking Circular No 9 of 2012 - Issuance of Revised Prudential Guidelines and Risk Management Guidelines 2012 Banking Circular No 8 of 2012 - Suspicious Transaction Reports (STRs) 2012 Banking Circular No 7 of 2012 - Suspicious Transaction Reports 2012 Banking Circular No 6 of 2012 - Review of the Central Bank Rate 2012 Banking Circular No 5 of 2012 - KEPSS (RTGS) Backup Test 2012 Banking Circular No 4 of 2012 - Review of the Central Bank Rate 2012 Banking Circular No 3 of 2012 - Multiple Tenures on Term Auction Deposit (TAD) Facility 2012 Banking Circular No 2 of 2012 - Implementation of New Banking System 2012 Banking Circular No 1 of 2012 - Implementation of New Banking System 2011 Banking Circular No 12 of 2011 - Amendments to Foreign Exchange Exposure Limits 2011 Banking Circular No 11 of 2011 2011 Banking Circular No 10 of 2011 - Adjustment of the Central Bank Rate 2011 Banking Circular No 9 of 2011 - Guidelines on the Management of Liquidity through the CBK Discount Window and Cash Reserve Ratio 2011 Banking Circular No 8 of 2011 - Guidelines on the Use of the Central Bank of Kenya Discount (Overnight) Window 2011 Banking Circular No 7 of 2011 - The Central Bank Rate and Cash Reserve Ratio 2011 Banking Circular No 6 of 2011 - Guidelines on the use of CBK Discount 2011 Banking Circular No 5 of 2011 - Further Tightening of Monetary Policy Stance Via Active Liquidity Management to Rein in Inflationary Expectations 2009 Banking Circular No 8 of 2009 2011 Banking Circular No 4 of 2011 - Revision of the Cash Reserve Requirement and the Central Bank Rate 2011 Banking Circular No 3 of 2011 - Implementation of East African Cross-Border Payment System 2011 Banking Circular No 2 of 2011 - Review of the Central Bank Rate 2011 Banking Circular No 1 of 2011 - Review of the Central Bank Rate 2010 Banking Circular No 4 of 2010 - Review of CBR 2010 Banking Circular No 3 of 2010 - Roll Out of Credit Information Sharing Under the Banking Act 2010 Banking Circular No 2 of 2010 - Guideline on Agent Banking 2010 Banking Circular No 1 of 2010 - Review of CBR 2009 Banking Circular No 11 of 2009 - Disclosure of Deposits to Deposit Protection Fund Board 2009 Banking Circular No 10 of 2009 2009 Banking Circular No 9 of 2009 - Review of CBR Rate 2009 Banking Circular No 7 of 2009 - Adjustment of Central Bank Rate (CBR) and Cash Reserve Ration (CRR) 2009 Banking Circular No 6 of 2009 - Improvement of Currency operations 2009 Banking Circular No 5 of 2009 - KEPSS rules  procedures  KEPSS operating schedule 2009 Banking Circular No 4 of 2009 - Revision of CBR and Tenors for reporeverse repo, late repo and term auction deposit facility 2009 Banking Circular No 3 of 2009 - Interbank (Horizontal) Master Repurchase Agreement (MRA) 2009 Banking Circular No 2 of 2009 - Adjustment of the Central Bank Rate (CBR) 2009 Banking Circular No 1 of 2009 - Confirmation of secondary trading transactions for government securities 2008 Banking Circular No 9 of 2008 - Revision of the rediscount rates methodology for government securities 2008 Banking Circular No 8 of 2008 - Reduction of the threshold for investments in Treasury Bills in the primary market 2008 Banking Circular No 7 of 2008 - Revision of the CRR and the CBR 2008 Banking Circular No 6 of 2008 - Introduction of the Interbank (Horizontal) Master Repurchase Agreement (MRA) 2008 Banking Circular No 5 of 2008 - Revision of Central Bank Rate (CBR) 2008 Banking Circular No 4 of 2008 Revised - Amendment- Revised guidelines for currency transactions 2008 Banking Circular No 4 of 2008 - Revised guidelines for currency transactions 2008 Banking Circular No 3 of 2008 - Term Auction Deposit 2008 Banking Circular No 2 of 2008- End of the test period for the new CBK BS(M) return 2008 Banking Circular No 1 of 2008 - Prudential Guidelines on Business Continuity Management (BCM) QuickLinks Forex Tenders Invest News Multimedia Press Releases Careers Cost of Credit Website MPC Press Briefing i-Supplier Portal Auction Results Treasury Bills Treasury Bonds",Monetary Policy Statement,https://www.centralbank.go.ke/policy-procedures/legislation-and-guidelines/circulars/
2024-11-15,961224673_Communique On The 15Th Joint Financial Sector Regulators Board Meeting,"Communique of the 15th Joint Financial Sector Regulators Forum Mombasa County, 15 November 2024 The 15th Joint Financial Sector Regulators Forum (JFSRF) was held in Mombasa County on November 15th 2024. The Forum was established to facilitate effective information sharing, foster alignment on key legal and policy matters and develop robust regulatory frameworks to ensure stability of the financial sector. The meeting was hosted by the Central Bank of Kenya and chaired by the Retirement Benefits Authority. It was attended by Boards of Directors, Chief Executive Officers and staff from the Capital Markets Authority (CMA), the Central Bank of Kenya (CBK), the Insurance Regulatory Authority (IRA), the Retirement Benefits Authority (RBA), and the Sacco Societies Regulatory Authority (SASRA). Also present were Boards, Chief Executive Officers and staff from the Kenya Deposit Insurance Corporation (KDIC), and the Policyholders Compensation Fund (PCF). KDIC and PCF were officially admitted into the JFSR as associate members. The 15th Retreat of the Forum was convened to take stock of progress made on the implementation of resolutions of the 14th Joint Boards Meeting held on 17th November 2023. It also discussed emerging risks and opportunities as espoused in this years theme Financial Stability and Policy Challenges in Multi-Shocks Environment. In line with this theme, the Retreat benefited from presentations from guest expert speakers on governance and administrative practices in the public and private sector, climate change risks, opportunities and sustainability financing, Islamic financing, Anti-Money Laundering and Counter-Terrorism Financing (AMLCFT). In his opening remarks, the Cabinet Secretary of the National Treasury and Economic Planning highlighted the significance of the financial sectors contribution to the economy, and the need to address risks for continued financial stability. In particular, climate-related risk initiatives will enable the sector to remain stable in the face of emerging climate challenges. Further, the initiatives to address cybersecurity as well as the ongoing development of a legal and regulatory framework for Virtual Assets and Virtual Asset Service Providers will enable the country to foster developments in the sector. The CS also reiterated the National Treasurys commitment to fast tracking the development of the Islamic finance policy and regulatory framework. The Boards of Directors of the Forum took cognisance of the prevailing macro financial conditions and review of presentations and resolved as follows 1. Cybersecurity threats to the financial sector remain real, due to increased reliance on financial technologies to drive innovations for efficiency gains. However, this has come with risks. All regulators have therefore resolved to have a framework of collaboration in testing of crosscutting innovations, enhance sectoral cybersecurity regulations and implement internal cybersecurity frameworks. 2. Given the increased complexity and interconnectedness of Kenyas financial sector, the regulators agreed to conduct resolvability assessments (preparedness for resolution) for conglomerates and undertake a national crisis simulation exercise by June 2025 to enhance crisis management capacity. 3. In recognition of the climate change related risks and opportunities, all regulators resolved to work with relevant stakeholders to develop a framework for strengthening climate risk analysis, Environmental, Social and Governance (ESG) reporting and climate-related disclosures including having the sector-wide Green Finance Taxonomy benefitting from work already done by the Central Bank of Kenya on the Banking Sector Green Taxonomy. 4. In recognition of the important role played by safety nets in contributing to overall financial sector stability through orderly resolution of troubled institutions and risk-minimization roles, the 15th Meeting of the Joint Financial Sector Regulators Forum admitted the Kenya Deposit Insurance Corporation and the Policyholders Compensation Fund as Associate members. 5. To deepen financial inclusion and entrench consumer protection practices, the regulators resolved to work jointly in the development of the National Financial Inclusion Strategy (2025  2028) and collaborate in the implementation of the Strategy. 6. All regulators resolved to enhance integrity in the financial sector by continually improving the supervisory framework on AMLCFT. Note to editors The Financial Sector Regulators Forum (FSR) was established in 2009 through a Memorandum of Understanding (MoU) to promote cooperation and collaboration in areas of mutual interest including but not limited to, Information sharing, collaboration and coordination on financial sector issues cutting across banking, insurance, Saccos, capital markets and retirement benefits sectors. The Forum holds annual retreats to review issues touching on the countrys financial stability and address emerging issues pertinent to growth and stability of Kenyas financial sector.",Press Release,https://www.centralbank.go.ke/uploads/press_releases/961224673_Communique on the 15th Joint Financial Sector Regulators Board Meeting.pdf
2025-11-07,1833361817_Press Release   Communique Of The 16Th Annual Board Retreat Of The Joint Financial Sector Regulators Forum,"Communique of the 16th Annual Board Retreat of the Joint Financial Sector Regulators Forum Financial sector lauds technology-driven innovations while emphasising the importance of proactive risk mapping and mitigation strategies Naivasha, 7 November 2025 The 16th Annual Board Retreat of the Joint Financial Sector Regulators Forum took place in Naivasha, Nakuru County, on 7th November 2025. Discussions were held under the theme Fostering Financial Stability and Resilience Amid Emerging Risks and Regulatory Reforms. The Retreat was held against the backdrop of rapid adoption of technology in the financial sector. These technology-driven financial innovations are quickly transforming the financial ecosystem. The innovations, which include virtual assets and bundled financial products, have enhanced access, improved efficiency, and improved the customer experience. However, they have also introduced new financial stability, regulatory, and consumer protection risks, which need closer monitoring. During the Retreat, there was concurrence on the need to assess the impact of innovative financial products on financial stability. The Forum recommended targeted research and monitoring, in order to enhance the capacity to identify and mitigate the emerging financial stability risks, while supporting innovation and financial inclusion. The Forum identified reliance on third party technology service providers as a major source of risk, especially if a single service provider serves many institutions. In the event of failure, the operations of many institutions are likely to be compromised, impacting their ability to deliver optimal services. Mapping of concentration risk associated with third party technology service providers and assessment of risks to the financial system was highlighted as a priority. The growing adoption of emerging technologies, including Artificial Intelligence and Machine Learning, has enhanced the speed and efficiency of service provision. However, some market players, including providers and customers, are not able to adapt quickly, which impacts the quality of services and fair treatment of customers. 1 The Forum agreed that a strategy be developed for these emerging technologies for the financial sector. The Forum also concurred on the need to strengthen supervisory capacity and tools to enhance effective Anti-Money Laundering, Countering the Financing of Terrorism, and Counter Proliferation Financing (AMLCFTCPF) supervision to position Kenya as a safe business and investment destination. There was agreement on the need to bolster consumer protection frameworks in a rapidly evolving marketplace. The Forum also identified the need to align the Crisis Management and Resolution Frameworks to international best practice. This includes the provision of Emergency Liquidity Assistance for distressed financial services providers, and adequate resolution funds to cover customers in order to enhance confidence in the financial sector. The FinAccess Sectoral Reports, which are additional outputs of the FinAccess Surveys between 2006 and 2024, were launched at the Forum, and are now available to the public. ENDS The Joint Financial Sector Regulators Forum was established in 2009 to facilitate effective information sharing, foster alignment on key legal and policy matters and develop robust regulatory frameworks to ensure stability of the financial sector. The 16th Annual Board Retreat of the Joint Financial Sector Regulators Forum was attended by Board members and senior management teams from the Capital Markets Authority (CMA), the Central Bank of Kenya (CBK), the Insurance Regulatory Authority (IRA), the Retirement Benefits Authority (RBA), the Sacco Societies Regulatory Authority (SASRA), the Kenya Deposit Insurance Corporation (KDIC), and the Policyholders Compensation Fund (PCF). 2",Press Release,https://www.centralbank.go.ke/uploads/press_releases/1833361817_Press Release - Communique of the 16th Annual Board Retreat of the Joint Financial Sector Regulators Forum.pdf
,"1585570366_Press Release   Chase Bank   October 5, 2017","PRESS RELEASE CHASE BANK LIMITED (IN RECEIVERSHIP) Following an application filed in the High Court by a depositor that is seeking inter alia an extension of the receivership over Chase Bank Limited (In Receivership) (CBLR), the matter was heard this morning in the presence of representatives of the applicant, Kenya Deposit Insurance Corporation (KDIC), and Central Bank of Kenya (CBK). The Court then issued orders adjourning the matter to November 14, 2017, for hearing of the application. In the meantime, the status quo would be maintained, i.e., the time of the receivership would be frozen from today until further orders of the Court. The receivership over CBLR was last extended for six months from April 7, 2017 (see Press Release). This followed the announcement on March 30, 2017, launching the process of identifying an investor to take an interest in CBLR and the request for initial Expression of Interest (EOI) from investors. A tentative timeline for this process was also announced. Maintaining the receivership will allow the ongoing process to be concluded, and a fitting resolution of CBLRs receivership. CBK and KDIC reiterate their commitment in keeping with their respective mandates and in accordance with the Laws of Kenya, to protect the interest of CBLR depositors, its creditors, and the wider public interest. Additionally, CBK and KDIC plan to engage with depositors, shareholders, and other stakeholders in the near future. CENTRAL BANK OF KENYA October 5, 2017",Press Release,"https://www.centralbank.go.ke/uploads/press_releases/1585570366_Press Release - Chase Bank - October 5, 2017.pdf"
,Press_Release_On_Licensing_Of_Daraja_Mfb,"PRESS RELEASE CBK LICENSES THE TENTH MICROFINANCE BANK  DARAJA MICROFINANCE BANK LIMITED The Central Bank of Kenya (CBK) has granted a licence to Daraja Microfinance Bank Limited (hereafter referred to as Daraja MFB) to carry out community microfinance banking business. The licence has been issued pursuant to Section 6 (1) of the Microfinance Act, 2006 and Regulation 5 (3) of the Microfinance Regulations, 2008. Daraja MFB becomes the tenth microfinance bank (MFB) to be licensed following the licensing of seven nationwide MFBs (Faulu Kenya MFB, Kenya Women MFB, SMEP MFB, REMU MFB, Rafiki MFB, Century MFB and SUMAC MFB) and two community- based MFB (Uwezo MFB and UI MFB). Daraja MFB is a Kenyan owned company limited by shares and intends to operate within the Dagoretti Division, Nairobi County. The MFB has set up its head office and branch on Karandini Road, off Naivasha Road, Dagoretti, Nairobi County. The MFBs target market is the Micro and Small Enterprises (MSEs), and their owners and employees who reside or operate businesses in Dagoretti. Daraja MFB will also target salaried individuals and will offer them security free loans that will be deducted through the check off system. Micro, small and medium enterprises (MSMEs), which represent over 90% of private business and contribute to more than 50% of employment and of GDP in most African countries, still remain a critical part of the economy1. These enterprises provide employment opportunities and contribute to economic growth and sustainable development. Nevertheless, they face a number of challenges, including access to finance, which is often considered to be their most significant challenge. The Central Bank has thus been in forefront in developing an all-inclusive financial system that reduces the impediments to accessing finance, including for MSEs. Further, the Central Bank has initiated, and will continually support, reforms to develop effective legal, regulatory and supervisory frameworks that support innovations to enhance the development of MSE financing and growth. Indeed, the entry of Daraja Microfinance Bank Limited into the formal financial sector will encourage innovation, competition and increased outreach in enhancing broad-based financial inclusion for the Kenyan populace, particularly the low income and MSEs. CENTRAL BANK OF KENYA 2ND FEBRUARY 2015 1 httpwww.afdb.orgentopics-and-sectorssectorsprivate-sectoractivities",Press Release,https://www.centralbank.go.ke//images/docs/media/Press%20Releases/Press_Release_on_Licensing_of_Daraja_MFB.pdf
,1650895806_Mpc Press Release   Meeting Of January 30 2023,"BANKI CENTRAL KUU YA BANK OF GOVERNOR KENYA KENYA Haile Selassie Avenue P. O. Box 60000-00200 Nairobi, Kenya Telephone 254 20 2861003 PRESS R ELEASE MONETARY POLICY C OMMITTEE MEETING The Monetary Policy Committee (MPC) met on January 30, 2023, against a backdrop of a weak global growth outlook, decline in global commodity prices, easing inflationary pressures, geopolitical tensions, persistent uncertainties, and measures taken by authorities around the world in response to these developments. The MPC reviewed the outcomes of its previous decisions and measures implemented to mitigate the adverse economic impact and financial disruptions.  Overall inflation decreased to 9.1 percent in December 2022 from 9.5 percent in November, mainly due to lower food prices. Food inflation declined to 13.8 percent in December from 15.4 percent in November, largely driven by a decrease in prices of maize and milk products following improved supply attributed to the ongoing harvests and impact of the recent short rains, respectively. Additionally, prices of edible oils and wheat products declined due to lower global commodity prices with the easing of international supply chain disruptions. Fuel inflation declined to 12.7 percent in December 2022 from 13.8 percent in November, due to lower international oil prices, but remains elevated on account of the scaling down of the fuel subsidy and increases in electricity prices due to higher tariffs. Overall inflation is expected to decline in the near term, also supported by the recently announced Government measures to allow duty-free imports of key food items particularly maize, rice and sugar.  The outlook for global growth has improved with easing inflation pressures in major economies particularly in the U.S., as well as Chinas lifting of COVID-19 restrictions. Additionally, volatility in global financial markets has moderated amid expectations of a slower pace of monetary policy tightening. Nevertheless, risks remain mainly reflecting geopolitical tensions particularly the ongoing war in Ukraine, and the pace of the monetary policy response in the advanced economies.  The recently released GDP data for the third quarter of 2022 together with leading indicators show that the Kenyan economy registered strong growth in 2022. Real GDP grew by 4.7 percent in the third quarter of 2022, mainly driven by robust activity in wholesale and retail trade, education, electricity and water, and real estate sectors. Based on available economic indicators, GDP is estimated to have grown by 5.6 percent in 2022. The economy is expected to remain resilient in 2023, supported by continued strong performance of the services sector and expected recovery in agriculture, despite the global uncertainties.  Two of the surveys conducted ahead of the MPC meetingthe CEOs Survey and Market Perceptions Surveyrevealed sustained optimism about business activity and economic growth prospects for the next 12 months. The optimism was attributed to the continued resilience of the private sector, and the impact of Government interventions including in the agriculture and MSMEs sectors, both of which are expected to support employment and growth. While respondents remain concerned about domestic inflation, they expect it to ease in the coming months. Additionally, their concerns about global recession and inflation have moderated.  The Survey of the Agriculture Sector revealed that prices of most food items were expected to decline or remain unchanged in February 2023. Additionally, respondents expected supply of food items, mainly maize, rice and wheat to increase in the coming months on account of ongoing harvests and the expected duty-free imports. Nevertheless, respondents identified high input costs and unpredictable weather conditions as the major factors constraining agricultural production.  Goods exports have remained strong, growing by 10.9 percent in 2022 compared with 2021. Receipts from tea and manufactured goods exports increased by 16.1 percent and 22.1 percent respectively during the period. The increase in receipts from tea exports reflects improved prices attributed to demand from traditional markets. Additionally, imports grew by 5.8 percent in 2022 compared to 25.4 percent in 2021, with lower imports of infrastructure related equipment due to completed projects. Oil imports grew by 60.3 percent on account of the elevated international prices which moderated in the fourth quarter of 2022. Receipts from services exports rebounded significantly reflecting sustained improvement in international travel and transport. Remittances totalled USD4,028 million in 2022, and were 8.3 percent higher compared to 2021. Against these developments, the current account deficit is now estimated at 4.9 percent of GDP in 2022 and is projected at 5.4 percent of GDP in 2023.  The CBK foreign exchange reserves, which currently stand at USD7,005 million (3.92 months of import cover), continue to provide adequate cover and a buffer against any short-term shocks in the foreign exchange market.  The banking sector remains stable and resilient, with strong liquidity and capital adequacy ratios. The ratio of gross non-performing loans (NPLs) to gross loans stood at 13.3 percent in December 2022, compared to 13.8 percent in October. Repayments and recoveries were noted in the trade, tourism, restaurant and hotels, transport and communication and manufacturing sectors. Banks have continued to make adequate provisions for the NPLs. The banking sector registered a strong performance in the year ended December 31, 2022, with the asset base increasing by 10 percent from Ksh.6 trillion at end of 2021 to Ksh.6.6 trillion. The performance was supported by banks reviewing their business models leveraging on technology and innovation, enhanced capital and liquidity buffers and a continued focus on customer-centricity.  Growth in private sector credit increased to 12.5 percent in 2022 compared to 8.6 percent in 2021. Strong credit growth was observed in the following sectors manufacturing (13.8 percent), transport and communication (23.5 percent), trade (11.4 percent), business services (13.7 percent), and consumer durables (12.9 percent). The number of loan applications and approvals increased, reflecting improved demand with increased economic activities.  The Committee noted the ongoing implementation of the FY202223 Government Budget, particularly the recent strong tax revenue collection reflecting enhanced tax administration efforts and increased economic activity. The proposed FY202223 Supplementary Budget, and rationalization of expenditure which is expected to support the envisaged fiscal consolidation in the medium term, were also noted. The Committee noted that the impact of the further tightening of monetary policy in November 2022 to anchor inflationary pressures was still transmitting in the economy. Additionally, the MPC noted that this action will be complemented by the recently announced Government measures to allow limited duty-free imports on specific food items, which are expected to moderate prices and further ease domestic inflationary pressures. The MPC concluded that the current monetary policy stance remains appropriate, and therefore decided to retain the Central Bank Rate (CBR) at 8.75 percent. The Committee will closely monitor the impact of the policy measures, as well as developments in the global and domestic economy, and stands ready to take additional measures, as necessary. The Committee will meet again in March 2023, but remains ready to re-convene earlier if necessary. Dr. Patrick Njoroge CHAIRMAN, MONETARY POLICY COMMITTEE January 30, 2023",Press Release,https://www.centralbank.go.ke/uploads/mpc_press_release/1650895806_MPC Press Release - Meeting of January 30 2023.pdf
,2057538255_Press Release   Launch Of Diaspora Remittances Survey Report,"PRESS RELEASE PUBLICATION OF THE RESULTS OF THE DIASPORA REMITTANCES SURVEY The Central Bank of Kenya (CBK) announces the publication of the results of the first- ever Diaspora Remittances Survey. The Survey was conducted from March to May 2021, aimed at collecting valuable information on remittance inflows to Kenya, with the objective of boosting the role of remittances in supporting the economy and livelihoods. The information gathered through the Survey included the efficiency and cost of alternative remittance channels the difficulties in remitting cash or non-cash transfers the availability of information to Kenyans in the diaspora about investment opportunities in Kenya and the usage of remittances received. Remittance inflows to Kenya have increased tremendously in recent years, with total remittances in 2021 reaching a record USD3,718 million. This surpassed the previous record of USD3,094 million set in 2020. These amounts are equivalent to approximately 3 percent of Kenyas GDP. However, only inflows through formal channelse.g., through authorized international remittance service providers in Kenya or commercial banksare included in the reported inflows, which exclude remittances through informal channels and in-kind remittances. The Survey therefore represents an additional step in the effort to improve statistics on remittances and in the understanding of the landscape for remittances more generally. The key findings of the Survey include remittances are directed at family members, who are largely self-employed, unemployed, or students. About half of the total remitted was allocated to investment in real estate (land and buildings) for recipients, mortgage payment for senders, and purchase of food and household goods. The Survey also confirmed the importance of mobile money operators and money transfer companies, in addition to banks, as the main channels for cash remittances. Further, the Kenyan diaspora prefer digital service providers due to convenience, promptness, and ease of access. On average, recipients receive remitted funds on the same day, reflecting the efficiency of these channels. Key problems that were identified included the high cost of remitting cash, and the inadequate information on investment opportunities in Kenya for the remitters. The Survey targeted Kenyans living abroad who had sent remittances in 2019. The respondents were reached with the support of the Ministry of Foreign Affairs and especially the Kenyan missions abroad, diaspora organizations, and other stakeholders. The Survey was conducted through an online questionnaire and attracted 1,321 respondents. We thank all stakeholders and especially the respondents for their input. CENTRAL BANK OF KENYA January 20, 2022",Press Release,https://www.centralbank.go.ke/uploads/press_releases/2057538255_Press Release - Launch of Diaspora Remittances Survey Report.pdf
,"1555347998_Press Release   Launch Of National Financial Inclusion Strategy 2025 2028, Fourth Medium Term Plan For Financial Services Sector 2023 2027, And Signing Of The Women Entrepreneurs Finance Code","PRESS RELEASE LAUNCH OF NATIONAL FINANCIAL INCLUSION STRATEGY 2025-2028, FOURTH MEDIUM TERM PLAN FOR FINANCIAL SERVICES SECTOR 2023- 2027, AND SIGNING OF THE WOMEN ENTREPRENEURS FINANCE CODE The Central Bank of Kenya (CBK) announces the launch of the National Financial Inclusion Strategy (NFIS) 2025-2028, the Fourth Medium Term Plan (MTP IV) for Financial Services Sector and the signing of Women Entrepreneurs (WE) Finance Code on December 4, 2025. The three policy frameworks provide strong foundation for transformation of Kenyas financial sector landscape. The NFIS 2025-2028 seeks to enhance equitable access to, and usage of, quality and affordable financial products and services (payment, credit, insurance, pension, savings and investment) delivered in a sustainable way to match customer needs. Development of the NFIS benefited from a wide range of stakeholders, local and foreign, as well substantial feedback from public participation process. This NFIS provides a platform for close collaboration, coordination, and cooperation among stakeholders seeks to minimise duplication of efforts among various players and ensures efficient use of resources in undertaking financial inclusion initiatives. The Strategy will also guide innovations, policies and initiatives by various stakeholders, for a coordinated approach in financial inclusion. It defines a broad range of financial services including payment, credit, insurance, pension, savings and investment and ensure holistic measurement of financial inclusion across the four dimensions of access, usage, quality and impact. The Strategy is organised into six pillars to address identified gaps for enhanced financial inclusion. These include the need to deepen penetration of access to financial services enhancing usage of quality and affordable financial products strengthening consumer protection and financial literacy development of inclusive green finance promotion of rural agriculture finance and improved access to finance for women, youth, MSMEs, People with Disabilities, and Forcibly Displaced Persons. It will be implemented through the National Financial Inclusion Council (NFIC) chaired by Principal Secretary (PS), The National Treasury (TNT), Technical Coordination Committee (TCC) chaired by the CBK Deputy Governor and supported by the NFIS Secretariat, Thematic Working Groups, and Financial Inclusion Advisory Groups. The Fourth Medium Term Plan (MTP IV) for the Financial Services Sector 2023-2027 (MTP IV FSS) sets the overall framework and policy direction for the financial services sector. It outlines key programmes and projects, including reform initiatives, for implementation over the five-year period. The MTP IV FSS recognises the role of the financial sector in supporting Kenyas longer-term development aspirations as enshrined in Vision 2030. Once fully implemented, the Plan is expected to position Kenya as a global and regional financial hub and increase financial services sector contribution to GDP. This is to be achieved through deepening access to formal finance by underserved groups across the country, including Micro, Small and Medium Enterprises (MSMEs), women, youth and persons with disability C2 CBK - Official (PWDs). It also aims to respond to emerging issues such as climate change and evolving digital landscape such as virtual assets and virtual assets service providers. The MTP IV FSS goals include deepening access to all financial services enhancing efficiency, stability and integrity in the financial sector promoting financial literacy and consumer protection and mobilizing higher levels of savings and investments. This requires policy, legal and regulatory reforms, across the Insurance Policy National Credit Information Sharing Policy Macroprudential Policy Unclaimed Financial Assets Policy Disaster Risk Financing Strategy Review of sub-sector legal frameworks and the establishment of the Kenya Credit Guarantee Company. Another important milestone for the countrys financial inclusion vision is the signing of Women Entrepreneurs (WE) Finance Code, a multi-stakeholder initiative to expand the number and type of institutions around the world working to close the financing gap for women entrepreneurs. The Code under the National Champion, CBK Deputy Governor, Dr. Susan Koech, provides a platform for financial sector leaders at all levels to prompt action inside and outside of their organizations to support and close financing gaps for women entrepreneurs. It systematises the collection, analysis and use of supply-side data on financing of women-led enterprises at the country level and globally. It catalyses new financial and non-financial mechanisms to meet the needs of Women-led MSMEs and mobilises capital, improving standards, policies and regulations to address data gaps and financing constraints. More than forty (40) institutions have signed the Code and commit themselves to achieving its set objectives. The launch of this NFIS alongside MTP IV FSS and WE Finance Code are expected to consolidate the gains made and leverage technology, data and synergy among stakeholders to harness emerging opportunities for a more inclusive, stable and sustainable financial sector to serve many generations to come. CBK will play pivotal role among other stakeholders to ensure successful implementation of these transformative frameworks for our financial sector. CENTRAL BANK OF KENYA DECEMBER 4, 2025 C2 CBK - Official",Press Release,"https://www.centralbank.go.ke/uploads/press_releases/1555347998_Press Release - Launch of National Financial Inclusion Strategy 2025-2028, Fourth Medium Term Plan for Financial Services Sector 2023-2027, and Signing of the Women Entrepreneurs Finance Code.pdf"
,1726446167_Press Release   Issuance Of The Kenya Green Finance Taxonomy And Climate Risk Disclosure Framework For The Banking Sector,"PRESS RELEASE ISSUANCE OF THE KENYA GREEN FINANCE TAXONOMY AND CLIMATE RISK DISCLOSURE FRAMEWORK FOR THE BANKING SECTOR The Central Bank of Kenya (CBK) issued Guidance on Climate-Related Risk Management to the banking sector in October 2021. In line with evolving reforms to mitigate the risks of climate change and as part of the CBKs ongoing second-generation reforms aimed at greening the banking sector, CBK has developed and released the Kenya Green Finance Taxonomy and the Climate Risk Disclosure Framework (httpswww.centralbank.go.kekenya-green-finance-taxonomy-climate-risk-disclosure- framework). This initiative is part of the Greening Financial Systems Technical Assistance Programme to CBK by the European Investment Bank (EIB) that commenced in October 20231. The KGFT is expected to guide target institutions on evaluation and classification of their economic activities according to the extent to which the activities support or hinder climate objectives and promote the transition to a low-carbon economy. Institutions are expected to apply the taxonomy in assessing the degree to which their business activities are aligned, under the taxonomys guiding principles. The KGFT largely drew from Kenyas Nationally Determined Contributions (NDCs) under the United Nations Framework Convention for Climate Change (UNFCCC) and other National Climate Policy Documents. The KGFT, which will be a live document subject to periodic updates, initially focuses on climate change mitigation and adaptation as its objectives. Other environmental objectives, such as biodiversity and related objectives, will be considered in future updates. The Climate Risk Disclosure Framework intends to assist commercial banks in collating and disclosing climate-related information in a relevant, useful, consistent and comparable manner. For investors, the framework provides the information needed to assess the financial implications of climate change on potential investments and identify companies well-positioned for the transition to a low-carbon economy. The general public and other stakeholders will benefit from increased transparency, fostering accountability within the financial sector and encouraging businesses to adopt more sustainable practices. The Framework is aligned with global best practices and standards such as the International Financial Reporting Standards (IFRS) S2 on climate-related disclosures and Basel Committee on Banking Supervision (BCBS) principles on climate-related financial risks. CENTRAL BANK OF KENYA APRIL 4, 2025 1 httpswww.centralbank.go.keuploadspressreleases558997586Press%20Release%20- %20EIB%20Partners%20with%20Central%20Bank%20of%20Kenya%20to%20Unlock%20Climate%20Finance.pdf C2 CBK - Official",Press Release,https://www.centralbank.go.ke/uploads/press_releases/1726446167_Press Release - Issuance of the Kenya Green Finance Taxonomy and Climate Risk Disclosure Framework for the Banking Sector.pdf
,Press_Release_Chase_Bank_Limited_April_7_2016,"PRESS RELEASE CHASE BANK LIMITED 1. The Central Bank of Kenya (CBK) has today, Thursday April 7, 2016, appointed the Kenya Deposit Insurance Corporation (KDIC) as a receiver for Chase Bank Limited for a period of twelve months, pursuant to the provisions of Sections 43(1), 43(2) and 53(1) of the Kenya Deposit Insurance Act, 2012. Chase Bank Limited was issued with a banking licence in 1996. 2. The appointment of KDIC as a receiver for Chase Bank Limited has been carried out in the interest of its depositors, creditors and members of the public. 3. Section 43(2) of the Kenya Deposit Insurance Act, 2012 requires CBK to appoint the KDIC as a receiver of a bank, if, among others, an unsafe or unsound condition to transact exists a bank is likely to fail to meet its financial obligations a bank has substantially insufficient capital or if there is a violation of any law or regulation. 4. One of CBKs primary role as a regulator is to foster the liquidity, solvency and proper functioning of a stable market-based financial system. Chase Bank Limited experienced liquidity difficulties, following inaccurate social media reports and the stepping aside of two of its directors. Consequently, it was not able to meet its financial obligations on April 6, 2016. 5. In light of the above, CBK has appointed the Kenya Deposit Insurance Corporation (KDIC) to assume the management, control and conduct of the affairs and business of the institution and to exercise all the powers of the institution to the exclusion of its Board of Directors and advise CBK of an appropriate resolution strategy as soon as is practicable and not later than twelve months from date of appointment. KDIC will release information on the progress in due course. 6. Customers with questions can call the KDIC on Tel. No. 0770 887992. Customers can also contact KDIC on email kdiccommunicationsdepositinsurance.go.ke for more information. 7. For media inquiries, call 0770 887992. 8. The Central Bank of Kenya remains committed to fostering banking system stability and will exercise its supervisory mandate in a fair and even-handed manner. CENTRAL BANK OF KENYA April 7, 2016",Press Release,https://www.centralbank.go.ke//images/docs/MPC%20Press%20Releases/Press_Release_Chase_Bank_Limited_April_7_2016.pdf
,1828731399_Press Release   Acquisition Of Certain Assets And Liabilities Of Spire Bank Limited By Equity Bank Kenya Limited,"PRESS RELEASE ACQUISITION OF CERTAIN ASSETS AND LIABILITIES OF SPIRE BANK LIMITED BY EQUITY BANK (KENYA) LIMITED The Central Bank of Kenya (CBK) announces the acquisition of certain Assets and Liabilities of Spire Bank Limited (Spire) by Equity Bank Kenya Limited (EBKL) effective January 31, 2023. This follows approval by CBK on January 23, and the Cabinet Secretary for the National Treasury and Planning on January 24, 2023, pursuant to Section 9 of the Banking Act. EBKL is a fully owned subsidiary of Equity Group Holdings Plc. It was first registered as Equity Building Society in 1984 under the Building Societies Act. It converted to a commercial bank in December 2004, and was listed on the Nairobi Securities Exchange (NSE) in August 2006. It was ranked 2 out of 39 banks in terms of market share as at December 31, 2022, with a market share of 12.5 percent with 191 branches across the country. Spire formerly known as Equatorial Commercial Bank Limited (ECB) started operations in 1984 as a non-bank financial institution and converted into a commercial bank on December 13, 1995. ECB and Southern Credit Banking Corporation Limited merged their respective businesses with effect from June 1, 2010, and retained the name ECB. In December 2014, Mwalimu National Cooperative Savings and Credit Society Limited (Mwalimu National) acquired a majority stake in ECB. Effective May 20, 2016, the bank changed its name to Spire Bank Limited. It was ranked 39 out of 39 banks in terms of market share as at December 31, 2022, with a market share of 0.01 percent with 12 branches across the country. As was announced earlier, CBK welcomes this transaction which will enhance the stability of the Kenyan banking sector. CENTRAL BANK OF KENYA January 30, 2023",Press Release,https://www.centralbank.go.ke/uploads/press_releases/1828731399_Press Release - Acquisition of Certain Assets and Liabilities of Spire Bank Limited by Equity Bank Kenya Limited.pdf
,1206917992_Press Release   Chase Bank   April 17 2018,"PRESS RELEASE CHASE BANK (KENYA) LIMITED (IN RECEIVERSHIP) Central Bank of Kenya (CBK) and Kenya Deposit Insurance Corporation (KDIC) announce the signing of an agreement between SBM Bank (Kenya) Limited (SBM Kenya), and KDIC for the acquisition by SBM Kenya of certain assets and assumption of certain deposits with respect to Chase Bank (Kenya) Limited (In Receivership) (CBLR). This concludes the discussions between SBM, KDIC and CBK on the CBLR transaction that was announced on January 5, 2018. The agreement provides that there will be a transfer of 75 percent of the value of deposits currently under moratorium at CBLR, and the transfer of the majority of staff and branches of the existing CBLR operations. 25 percent of the value of moratorium deposits will remain in CBLR. For the 75 percent of moratorium deposits to be transferred to SBM, the terms of these transferred deposits are to be as follows a) 25 percent of each transferred deposit is to be held in a current account with SBM Kenya, with unrestricted usage and without interest being payable thereon and b) a further 25 percent of each transferred deposit will be held in a savings account with SBM Kenya at an interest rate of 6.65 percent per annum, with unrestricted usage and c) the remainder of each transferred deposit will be held on fixed term deposit with SBM Kenya at an interest rate of 6.65 percent per annum , such deposits (together with the interest thereon) to mature, as to one-third of such remainder, on the first, second and third anniversaries of the transfer respectively. The customary conditions that apply to current and savings accounts, and term deposits, respectively, will apply to these deposits. The interest rates in (b) and (c) above will be aligned to the interest rates as prescribed by law. Non-moratorium depositors will also be transferred and will continue to have full unrestricted access to their funds. The date these deposits will be available, and the details under which the customer accounts will be managed, will be announced shortly. Through this acquisition, and combined with its other operations in Kenya, SBM will bring its experience and expertise from Mauritius and other markets, to further enhance the competitiveness and resilience of Kenyas banking sector. SBM Holdings Ltd (SBMH), together with its subsidiaries, is a leading financial services group in Mauritius, with a growing international presence currently extending to Madagascar, India and more recently in Kenya, where the SBM Group acquired Fidelity Bank in May 2017, thereafter renaming it SBM Kenya. SBMH is the third largest company listed on the Stock Exchange of Mauritius with a market capitalisation of approximately USD 680 million, with the Government of Mauritius as a significant shareholder, and total assets of USD 5.8 billion as at December 31, 2017. SBM provides all services of a universal bank within a diversified business model. Lines of business include, inter alia Retail, SME and Corporate Banking, Wealth Management and Investment Banking. CBK and KDIC assess that the transaction represents the substantial resolution of CBLR, for the benefit of depositors and the strengthening of the Kenyan financial sector. CBK and KDIC reiterate their commitment in keeping with their respective mandates and in accordance with the Laws of Kenya, to protect the interest of depositors, creditors, and the wider public interest. CENTRAL BANK OF KENYA KENYA DEPOSIT INSURANCE CORPORATION April 17, 2018",Press Release,https://www.centralbank.go.ke/uploads/press_releases/1206917992_Press Release - Chase Bank - April 17 2018.pdf
,Press_Release_Cbk_Introduces__Liquidity__Support__Framework__For_Banks,"PRESS RELEASE CENTRAL BANK OF KENYA INTRODUCES LIQUIDITY SUPPORT FRAMEWORK FOR COMMERCIAL AND MICROFINANCE BANKS The Central Bank of Kenya (CBK) is concerned about the anxiety that continued in the financial sector at the end of last week. This follows the placement of Chase Bank Limited under receivership on April 7, 2016, due to its inability to meet its financial obligations. This followed inaccurate social media reports and the stepping aside of two of its directors. Although the CBK is confident about the strength of the banking sector, we wish to reinforce our support to the sector. Consequently, from tomorrow Monday, April 11, 2016, we will avail a facility to any commercial or microfinance bank that comes under liquidity pressures arising from no fault of its own. We will avail this facility for as long as is necessary to return stability and confidence to the Kenyan financial sector. We have confidence in the rigor and strength of our banking sector and will continue to monitor and oversee full compliance to our laws and regulations. As has also been indicated, firm action will be taken against those who have abused their fiduciary positions of management of our financial institutions. CENTRAL BANK OF KENYA April 10, 2016",Press Release,https://www.centralbank.go.ke//images/docs/MPC%20Press%20Releases/Press_Release_CBK_Introduces__Liquidity__Support__Framework__for_Banks.pdf
,1436117227_Key Mfb Acquisation By Lolc   Press Release,"PRESS RELEASE ACQUISITION OF KEY MICROFINANCE BANK PLC BY LOLC MAURITIUS HOLDINGS LIMITED The Central Bank of Kenya (CBK) announces the acquisition of 73 percent shareholding of Key Microfinance Bank PLC (Key MFB) by LOLC Mauritius Holdings Limited (LOLC Mauritius) effective January 01, 2022. This follows CBKs approval on December 22, 2021, under Section 19 (4) of the Microfinance Act and approval by the Cabinet Secretary for the National Treasury and Planning on January 7, 2022, pursuant to Section 19(3)(b) of the Microfinance Act. LOLC Mauritius is a private company incorporated in Mauritius that is wholly owned by LOLC Holdings PLC. LOLC Mauritius holds investments in financial entities in Africa and is licensed by the Financial Services Commission of Mauritius. LOLC Holdings PLC is a Sri Lankan conglomerate holding investments in financial and non-financial entities and is listed on the Colombo Stock Exchange, Sri Lanka. The group had total assets of USD 4.4 billion as at March 31, 2021. LOLC Holdings PLC operates several microfinance businesses in Asia and is currently expanding in Africa. It acquired a majority stake in a microfinance bank in Nigeria in 2019, and was granted a licence to establish a microfinance bank in Zambia in 2020. Key MFB was granted a licence by CBK on December 31, 2010, to carry out nationwide deposit taking microfinance business. The MFB has three branches and one deposit taking marketing unit located in Nairobi and Meru counties. The institutions primary market is provision of financial services to Small and Medium Enterprises. It is categorised as a small microfinance bank with a market share of below 1 percent of the microfinance banking sector as at December 31, 2021. LOLC is a successful microfinance operator and its investment in Key MFB will reinvigorate the institutions business by recapitalizing the institution, transfer of best business practices and upgrading of the core banking system and digital banking channels. The investment will transform Key MFB business model in line with CBKs vision for the microfinance banking sector. CBK welcomes this transaction that will strengthen Key MFB and enhance the resilience of Kenyas microfinance banking sector. CENTRAL BANK OF KENYA February 8, 2022",Press Release,https://www.centralbank.go.ke/uploads/press_releases/1436117227_Key MFB Acquisation by LOLC - Press Release.pdf
,821025969_Press Release   Kenya National Bureau Of Statistics Rebases Cpi And Ppi And Launches Quarterly Labour Force Survey,"PRESS RELEASE KENYA NATIONAL BUREAU OF STATISTICS REBASES CPI AND PPI AND LAUNCHES QUARTERLY LABOUR FORCE SURVEY The Central Bank of Kenya (CBK) welcomes the release of three products today by the Kenya National Bureau of Statistics (KNBS) a rebased Consumer Price Index (CPI), a rebased Producer Price Index (PPI) and four Quarterly Labour Reports. These three products are aimed at enhancing the quality of statistics, including the measurement of inflation, upon which policymakers base their decisions. These revisions have been guided by internationally accepted best practices as well as the Common Market for East and Southern Africa (COMESA) and the East African Community Harmonized Consumer Price Index regulations. The CPI will have a new basket of 330 items, compared to the previous basket of 234 items. Obsolete items in the old basket have been dropped, while new and more relevant items have been included. The weights in the rebased CPI have also been updated and the Expenditure Groups have been recalculated, based on the 201516 Kenya Integrated Household Budget Survey. The review of the PPI was to reflect changed production patterns and a new industrial structure. The Quarterly Labour Force Survey will more accurately measure key labour statistics, including labour force participation, employment and labour utilisation. It is expected that the March 2020 inflation numbers to be released tomorrow (March 31) will reflect the newly rebased CPI. CENTRAL BANK OF KENYA March 30, 2020",Press Release,https://www.centralbank.go.ke/uploads/press_releases/821025969_Press Release - Kenya National Bureau of Statistics Rebases CPI and PPI and Launches Quarterly Labour Force Survey.pdf
,1124273044_Press Release   Imperial Bank Limited   March 24 2017,"PRESS RELEASE IMPERIAL BANK LIMITED (IN RECEIVERSHIP) Today the High Court granted a 90-day extension of the Receivership over Imperial Bank Limited (In Receivership) (IBL). This was following agreement between the shareholders, Kenya Deposit Insurance Corporation (KDIC) and Central Bank of Kenya (CBK), that it was necessary for the KDIC to be accorded more time to resolve the receivership. CBK consented to this extension on the basis that it is necessary for KDIC to continue as Receiver of IBL. CENTRAL BANK OF KENYA March 24, 2017",Press Release,https://www.centralbank.go.ke/uploads/press_releases/1124273044_Press Release - Imperial Bank Limited - March 24 2017.pdf
,1033270465_Public Notice   Caution Against Dealing With Entities And Persons Providing Money Or Value Transfer Services Without A License Or Authorisation From The Central ,"PUBLIC NOTICE CAUTION AGAINST DEALING WITH ENTITIES AND PERSONS PROVIDING MONEY OR VALUE TRANSFER SERVICES WITHOUT A LICENSE OR AUTHORISATION FROM THE CENTRAL BANK OF KENYA It has come to the attention of the Central Bank of Kenya (CBK) that there are entities and persons providing money or value transfer services without the requisite license or authorization from the CBK. Money or value transfer services include payment services regulated under the National Payment System Act, 2011 and money remittance services regulated under Money Remittance Regulations, 2013. This is to inform members of the public that it is a criminal offence to provide money or value transfer services without a license or authorization from the CBK. Such services do not enjoy the protection of the law and consumers stand to lose in case of any default by the providers of these services. Licensed entities operate as payment service providers or money remittance providers and they conspicuously display the CBK license or authorization in their business premises, for ease of public reference. The list of licensed money remittance providers and payment service providers can be accessed on the CBK website at httpswww.centralbank.go.ke . This is to caution andor warn members of the public against seeking money or value transfer services such as hawala from unlicensed service providers. The CBK has a duty to identify entities and persons providing unlicensed or unauthorized money or value transfer services and to have them prosecuted in a court of law. Members of the public are hereby requested to submit to the CBK, information on the identities and physical locations of entities and persons providing money or value services without a license or authorization from CBK. The information may be submitted anonymously if the person reporting does not wish to disclose hisher identity. The information should be submitted to Director Bank Supervision Department Central Bank of Kenya P. O. Box 60000, 00200 Nairobi E-mail fincentralbank.go.ke CENTRAL BANK OF KENYA NOVEMBER 6, 2023",Press Release,https://www.centralbank.go.ke/uploads/press_releases/1033270465_Public Notice - Caution against Dealing with Entities and Persons Providing Money or Value Transfer Services Without a License or Authorisation from the Central .pdf
,234813391_Press Release   Em Award Final,"PRESS RELEASE NAIROBI, Kenya - Central Bank of Kenya Governor, Dr. Patrick Njoroge yesterday received the Global Markets Central Bank Governor of the Year Award for Sub-Saharan Africa in the margins of the IMFWorld Bank meetings in Washington, DC. Global Markets noted that the Governor had received the award for his efforts to curb inflation, clean-up of the banking sector, and his drive to pursue a new policy of openness and transparency. The Governor was also praised for his admirable stewardship of the nations financial sector and vocal support for innovation in the industry. Upon being accorded the award, Dr. Njoroge made the following statement I am deeply moved to be accorded this award, the second I have received in the 15 months I have been at the CBK, but also delighted as it recognizes and validates our actions in a difficult environment. I wish to thank all who made this possible, and in particular, the Deputy Governor and staff of the CBK, and fellow Governors of other central banks for their support. Coming just three weeks after the CBK 50th anniversary celebrations, I dedicate this award to CBK staff  they are CBKs greatest assets, and are transforming it to a world-class modern central bank.  In May 2016, the Governor received the Central Bank Governor of the Year Award under the patronage of the African Development Bank (AfDB). CENTRAL BANK OF KENYA www.centralbank.go.ke CBKKenya httpwww.facebook.comcentralbankkenya CBKat50 October 9, 2016",Press Release,https://www.centralbank.go.ke/uploads/press_releases/234813391_PRESS RELEASE - EM AWARD-FINAL.pdf
,927230_Press Release   Licensing Of Digital Credit Providers March 2023,"PRESS RELEASE LICENSING OF DIGITAL CREDIT PROVIDERS The Central Bank of Kenya (CBK) announces the licensing of additional 10 Digital Credit Providers (DCPs). This is pursuant to Section 59(2) of the Central Bank of Kenya Act (CBK Act). This brings the number of licensed DCPs to 32 following the licensing of 22 DCPs announced in January 2023. CBK has received 401 applications since March 2022 and has worked closely with the applicants in reviewing their applications. Additionally, CBK has engaged other regulators and agencies pertinent to the licensing process, including the Office of the Data Protection Commissioner. The focus of the engagements has been inter alia on business models, consumer protection and fitness and propriety of proposed shareholders, directors, and management. This is to ensure adherence to the relevant laws and importantly that the interests of customers are safeguarded. We acknowledge the efforts of the applicants and the support of other regulators and agencies in this process. Details of the 32 licensed DCPs can be accessed here. Other applicants are at different stages in the process, largely awaiting the submission of requisite documentation. We urge these applicants to submit the pending documentation expeditiously to enable completion of the review of their applications. Reports by the public on unregulated DCPs can be sent through dcpscentralbank.go.ke. The licensing and oversight of DCPs as indicated previously, was precipitated by concerns raised by the public about the predatory practices of the unregulated DCPs, and in particular, their high cost, unethical debt collection practices, and the abuse of personal information. CENTRAL BANK OF KENYA March 27, 2023",Press Release,https://www.centralbank.go.ke/uploads/press_releases/927230_Press Release - Licensing of Digital Credit Providers March 2023.pdf
,854813240_Press Release   Chase Bank Creditors' Meeting   November 2018,"PRESS RELEASE MEETING WITH CHASE BANK (KENYA) LIMITED (IN RECEIVERSHIP) CREDITORS Central Bank of Kenya (CBK) and Kenya Deposit Insurance Corporation (KDIC) today met with creditors of Chase Bank (Kenya) Limited (In Receivership) (CBLR). The meeting in Nairobi was to update the creditors on the progress in resolving CBLR. All creditors, including bondholders, were invited to the meeting. CBK and KDIC emphasise that the ongoing key objectives of the process are to maximise the recovery of assets, and the stability of the financial sector. CBK and KDIC reiterate their commitment in keeping with their respective mandates and in accordance with the Laws of Kenya, to protect the interest of depositors, creditors, and the wider public interest. CENTRAL BANK OF KENYA KENYA DEPOSIT INSURANCE CORPORATION November 9, 2018",Press Release,https://www.centralbank.go.ke/uploads/press_releases/854813240_Press Release - Chase Bank Creditors' Meeting - November 2018.pdf
,1694774504_Press Release   Bob Collymore Condolences,"PRESS RELEASE CONDOLENCES ON THE PASSING OF ROBERT COLLYMORE The Governor of the Central Bank of Kenya (CBK) Dr. Patrick Njoroge, and the entire CBK family send their condolences to the family and friends of Bob Collymore, as well as the Safaricom family, following his passing this morning. Bob led Safaricom from November 2010, and helped make M-Pesa and its associated products a core part of Kenyas payment infrastructure. Through his leadership of the company at a crucial time, Bob helped position Kenya as a global leader in financial inclusion. His legacy will live on through all the people in Kenya and throughout the world whose lives have been changed by Safaricoms innovations. CENTRAL BANK OF KENYA July 1, 2019",Press Release,https://www.centralbank.go.ke/uploads/press_releases/1694774504_Press Release - Bob Collymore Condolences.pdf
,103592893_Press Release   Issuance Of Discussion Paper On Central Bank Digital Currency   Comments From The Public,"PRESS RELEASE ISSUANCE OF DISCUSSION PAPER ON CENTRAL BANK DIGITAL CURRENCY COMMENTS FROM THE PUBLIC In February 2022, the Central Bank of Kenya (CBK) issued a Discussion Paper on Central Bank Digital Currency and sought views from the public on the potential applicability of a Central Bank Digital Currency (CBDC) in Kenya. The objective was to inform policy decisions and public acceptance regarding the innovation. CBK has now compiled the comments and announces the issuance of Discussion Paper on Central Bank Digital Currency Comments from the Public. The paper summarizes the views that were received on the applicability of a CBDC in Kenya, in addition to providing an update on key CBDC developments since February 2022. An Annex in the paper also summarizes recent developments on crypto assets. The Discussion Paper elicited over 100 responses from a diverse range of individuals, public institutions, commercial banks, Payment Service Providers (PSPs), technology providers, academia, the legal fraternity, and international development partners. The responses were from across 9 countries Kenya, South Africa, United States of America, United Kingdom, the Netherlands, Germany, Switzerland, Sweden, and Japan. Respondents highlighted the following as the main potential benefits of CBDC increased efficiency, transparency, and lower costs. Conversely, respondents identified the following key risks disintermediation of banks, high implementation costs, technology and cyber risks, and financial exclusion. Respondents also highlighted the need to consider Kenyas highly developed digital payments ecosystem and the high level of financial inclusion. Further, while a CBDC may be useful for cross-border transactions, its risks should be carefully considered. The understanding of CBDC issues is deepening with the ongoing work internationally. For instance, the Bank for International Settlements (BIS), the International Monetary Fund (IMF), and other central banks continue to do research andor implement CBDC projects. Nevertheless, on the global stage, the allure of CBDCs is fading. Further, central banks that were first to roll out CBDCs have recently faced challenges that have hampered implementation. Additionally, recent instability in the global crypto assets market has amplified concerns and the need for a careful review of the innovation and technology risks. Against this backdrop, implementation of a CBDC in Kenya may not be a compelling priority in the short to medium term. Significantly, Kenyas pain points in payments could potentially continue to be addressed by other innovative solutions around the existing ecosystem. This would be consistent with CBKs vision for a payments system that is secure, fast, efficient, accessible to and works for Kenyans. Nevertheless, CBK will continue to monitor developments in CBDCs to inform future assessments of the need for CBDC in Kenya. Major global central banks have deferred the decision on the adoption of CBDCs. This measured approach is consistent with the approach that CBK is taking. CBK has also been collaborating with other central banks that have developed proof of concepts for CBDCs, to benefit from their experience. Additionally, CBK is working with central banks who have implemented CBDCs to understand if the expected benefits have been realized. CENTRAL BANK OF KENYA June 2, 2023",Press Release,https://www.centralbank.go.ke/uploads/press_releases/103592893_Press Release - Issuance of Discussion Paper on Central Bank Digital Currency - Comments from the Public.pdf
,245453051_Press Release   Application For Licensing By Dcps,"PRESS RELEASE APPLICATION FOR LICENSING BY DIGITAL CREDIT PROVIDERS On March 21, 2022, the Central Bank of Kenya (CBK) announced the publication of the Central Bank of Kenya (Digital Credit Providers) Regulations, 2022 (the Regulations) on March 18. The Regulations were issued pursuant to Sections 57(1), 57(3) and 57(4) of the Central Bank of Kenya Act (the CBK Act). They provide for the licensing and oversight of previously unregulated Digital Credit Providers (DCPs). Consequently, in accordance with Section 59(2) of the CBK Act, all previously unregulated DCPs are required to apply to CBK for a license within six months of the publication of the Regulations, i.e., by September 17, 2022, or cease operations. Two months have elapsed since the publication of the Regulations and several DCPs have already applied to be licensed. The purpose of this announcement is to remind all currently unregulated DCPs that have yet to apply for licensing, that they now have four months to the September 17, 2022, deadline. They should apply in good time as no extension will be granted after the application deadline of September 17, 2022. The licensing requirements for DCPs can be accessed here. CENTRAL BANK OF KENYA May 17, 2022",Press Release,https://www.centralbank.go.ke/uploads/press_releases/245453051_Press Release - Application for Licensing by DCPs.pdf
,209889286_Press Release   Diamond Trust Bank And Habib Bank,"PRESS RELEASE The Central Bank of Kenya (CBK) announces that it has been advised by both Diamond Trust Bank of Kenya Limited (DTBKL) and Habib Bank (K) Limited (HBL) of DTBKLs intention to acquire HBL. The transaction is subject to regulatory approvals in Kenya and Pakistan. DTBKL commenced operations in 1946 as a financial institution. It converted into a fully-fledged commercial bank in 1997 and subsequently merged with Premier Savings and Finance Limited in March 1999. DTBKL has evolved from its initial status as a community based non- bank financial institution into a fully-fledged, public-quoted commercial bank, with diversified product capability and a footprint in Kenya, Tanzania, Uganda and Burundi. It was ranked 6th out of 41 banks with a market share of 6.1 percent as at December 31, 2016 and a network of sixty one branches around the country. HBL was established in 1941 in Mumbai (India), and its Head Office moved to Karachi (Pakistan) in 1947. The bank has been operating in Kenya since 1956 when it opened its first branch in Mombasa. It was ranked 33rd out of 41 banks with a market share of 0.34 percent, as at December 31, 2016 and a network of six branches. The transaction is expected to be completed by July 2017. CBK will provide further updates as the transaction is progressed. CENTRAL BANK OF KENYA March 21, 2017",Press Release,https://www.centralbank.go.ke/uploads/press_releases/209889286_Press Release - Diamond Trust Bank and Habib Bank.pdf
,1034285239_Press Release   Separation And Transfer Of Mobile Money Business To Airtel Money Kenya Limited,"PRESS RELEASE SEPARATION AND TRANSFER OF MOBILE MONEY BUSINESS TO AIRTEL MONEY KENYA LIMITED The Central Bank of Kenya (CBK) announces the successful separation of the mobile money business from the telecommunications business which were previously under Airtel Networks Kenya Limited (ANKL). This was effected by a separation and transfer of the mobile money business to the new entity Airtel Money Kenya Limited (AMKL), a journey that started in 2019. CBK welcomes this milestone. The completion of this restructuring enables AMKL to ring-fence its operations and focus exclusively on its mobile money business. Significantly, this sets the foundation for AMKL to enhance governance over its mobile money business, strengthen its operations, and offer better services to its customers. CBK licensed AMKL as a Payment Service Provider (PSP) in line with the National Payment System Act, 2011 on January 21, 2022, and also granted a transition period to complete the transfer. Both AMKL and ANKL are incorporated in Kenya as separate subsidiaries of Airtel Africa Plc (Airtel Africa). Airtel Africa is headquartered in Dubai, United Arab Emirates, has operations in 14 African countries, and is listed on the London Stock Exchange. CBK has engaged PSPs to ensure that the activities under CBKs supervision are appropriately ring-fenced from other business lines. This will allow the PSPs to protect their CBK-regulated activities from shocks emanating from the other business activities, strengthen governance, enhance resilience, and focus on improving its services to customers. This effort will facilitate realization of the vision in the National Payments Strategy 2022 - 2025, of a secure, fast, efficient and collaborative payments system that supports financial inclusion and innovations that benefit Kenyans. CENTRAL BANK OF KENYA October 11, 2022",Press Release,https://www.centralbank.go.ke/uploads/press_releases/1034285239_Press Release - Separation and Transfer of Mobile Money Business to Airtel Money Kenya Limited.pdf
,245600680_Press Release   Enhancing Monetary Policy Transmission Through Dhowcsd Interest Rate Corridor And Improved Access To The Discount (Overnight) Window,"PRESS RELEASE ENHANCING MONETARY POLICY TRANSMISSION THROUGH DHOWCSD, INTEREST RATE CORRIDOR AND IMPROVED ACCESS TO THE DISCOUNT (OVERNIGHT) WINDOW The Monetary Policy Committee (MPC) that met on August 9, 2023, considered and approved measures aimed at improving the monetary policy implementation framework and enhancing the transmission of monetary policy. This is in line with the reforms outlined in the White Paper on Modernisation of the Monetary Policy Framework and Operations. Accordingly, the MPC approved measures based on inflation targeting and introduced an interbank interest rate corridor around the Central Bank Rate (CBR) set at CBR  2.5 percent. Henceforth, the monetary policy operations will be aimed at ensuring that the interbank rate, as an operating target, closely tracks the CBR. The framework allows the CBKs open market operations to be conducted on the basis of a flexible rate fixed quantity as is currently the case. This implies that the CBK will determine the amount of liquidity to inject or withdraw from the banking system and banks will be free to bid for the amount of liquidity they needoffer at their bidoffer price. In addition, to improve access to the Discount (Overnight) Window, the Committee approved changes to the terms and conditions for the facility, and the changes take effect immediately. The applicable interest rate on the facility has been reviewed from 600 basis points above the CBR to 400 basis points above the CBR. As has been the case, advances through the window will be secured by Government of Kenya securities subject to a haircut of 10 per cent and 20 per cent for Treasury bills and Treasury bonds, respectively. No other administrative encumbrances will be attached to the facility. The improved access to this facility is designed to enhance monetary policy transmission and complement the effectiveness of the interest rate corridor. The existing terms for access to the Intra-day Liquidity Facility (ILF) remain unchanged. The CBK also implemented the DhowCSD on July 31, 2023, an upgraded Central Securities Depository infrastructure which will greatly enhance efficiency in investment in Government Securities. The system has enabled an anywhere anytime investment in Treasury Bills and Treasury Bonds, a development that will greatly benefit all investors, and particularly the Kenyan Diaspora. DhowCSD will also improve the functioning of the interbank market by facilitating collaterised lending amongst commercial banks and further reduce segmentation in the interbank market. The CBK expects these measures to enhance monetary policy transmission and support the key objectives of price and financial system stability. CENTRAL BANK OF KENYA August 10, 2023",Press Release,https://www.centralbank.go.ke/uploads/press_releases/245600680_Press Release - Enhancing Monetary Policy Transmission Through DhowCSD Interest Rate Corridor and Improved Access to the Discount (Overnight) Window.pdf
,558997586_Press Release   Eib Partners With Central Bank Of Kenya To Unlock Climate Finance,"PRESS RELEASE Nairobi, 11th December 2023 European Investment Bank partners with Central Bank of Kenya to unlock Climate Finance  New partnership to enhance climate action by Kenyan financial institutions.  Climate best practice scheme to enhance climate risk understanding and impact of climate finance across Kenya. The European Investment Bank and the Central Bank of Kenya today launched a new climate finance best practice initiative to strengthen engagement by Kenyan financial institutions to finance climate related investment, enable commercial banks to mobilise climate finance essential to achieving a net zero economy and strengthening the climate resilience of the Kenyan financial systems. The two-year Kenyan technical assistance scheme is the first of its kind to be implemented in East Africa under the European Investment Banks Greening Financial Systems Programme, financed by the German government through the dedicated IKI FUND (EIB.ORG) (IKI Fund). The initiative will serve as a model for mobilising climate finance by tackling barriers that hold back engagement by commercial banks and will enable the Central Bank of Kenya to incorporate climate risk into the Kenyan regulatory framework. The scheme will also help to further increase the impact of climate related investment by developing the green taxonomy for the financial sector that supports scaling up green investment aligned with the goals of the 2015 Paris Climate Agreement. The Greening Financial Systems programme will help Kenyan banks and financial institutions to better embrace climate finance best practice across all activities, catalyse new funding for green projects, and better assess, monitor, and report on the climate related risks. The programme reflects the urgent need to mobilise climate finance outlined this past week at the COP 28 in Dubai and contributes to global efforts to limit global temperature increase and adapt to the impact of climate change. Commenting on the technical assistance agreement, EIB Vice President, Thomas stros said that greater efforts are being made to understand the barriers holding back green financing in Kenya. As highlighted by world leaders at COP 28, scaling up climate finance is essential to mobilise new investment to boost the green transition and help reduce the impact of climate change. Barriers remain that hold back the full engagement of banks in climate dedicated finance. It is hindered by the lack of long-term funding that matches the economic life of green investments, the higher perceived risk of climate investment and limited experience of how to originate and monitor climate finance. This new technical best practice partnership with the Central Bank of Kenya builds on the European Investment Banks long-standing partnership with Kenyan financial institutions to increase the impact of climate finance and unlock investment that better protects infrastructure and business from climate change, said Vice President stros. Governor of the Central Bank of Kenya, Dr. Kamau Thugge highlighted that, The Central Bank of Kenya is committed to the greening of the Kenyan financial sector. Towards this end, CBK issued Guidance on Climate-Related Risk Management in October 2021, to commercial banks. The Guidance was intended to facilitate banks in incorporating climate- risk related considerations in their governance, strategy, risk management and disclosures frameworks. Considerable progress has been made by banks in implementing the Guidance, but more remains to be done. As outlined in the EIBs Finance in Africa Report 2023, the increasing prevalence of climate risks on balance sheets has made climate an important part of the risk appraisal process for both new loans and existing portfolios. The latest EIB survey found that 59% of banks in Africa have a climate change strategy and a further 22% plan to introduce one. Banks across Africa are now stepping up their efforts to offer an expanded range of green finance products rather than just mitigating risk. Over the last decade, the European Investment Bank, which is the worlds largest international public bank and leading climate financier, has helped to strengthen climate finance technical skills of more than 40,000 African financial professionals. Additionally, it has provided more than EUR 534 million (Ksh 88 billion) over the last five years for private sector investment across Kenya in partnership with Kenyan businesses, banks, financial partners and microfinance institutions. Ends About the EIB The European Investment Bank (EIB) is the long-term lending institution of the European Union owned by its Member States. It makes long-term finance available for sound investment in order to contribute towards EU policy goals. EIB Global is the EIB Groups new specialised arm dedicated to increasing the impact of international partnerships and development finance outside of the EU. EIB Global is designed to foster strong, focused partnership within Team Europe, and as part of the EUs Global Gateway strategy alongside fellow development finance institutions, and civil society. EIB Global brings the Group closer to local people, companies and institutions through our offices across the world. About CBK The Central Bank of Kenya established under the Constitution of Kenya is responsible for formulating monetary policy to achieve and maintain price stability. The Central Bank also promotes financial stability an effective and efficient payment, clearing and settlement system formulates and implements foreign exchange policies holds and manages foreign exchange reserves issuing of currency and is the banker for, adviser to and fiscal agent of the Government. About the Greening Financial Systems TA Programme The EIB Greening Financial Systems TA Programme is funded by the International Climate Initiative (IKI) on behalf of the German Federal Ministry of Economic Affairs and Climate Action (BMWK). The Programme is BMWKs and EIBs joint contribution to the work of the NDC Partnership specifically, the Readiness support for greening central banks initiative. Press contacts  Harriet Ongaki, h.ongakieib.org , Mobile 254114106871  254729467795 Website www.eib.orgpress - Press Office 352 4379 21000  presseib.org  Wallace Kantai, commscentralbank.go.ke, Mobile 254 724 880460, Landline 254 20 286 1399",Press Release,https://www.centralbank.go.ke/uploads/press_releases/558997586_Press Release - EIB Partners with Central Bank of Kenya to Unlock Climate Finance.pdf
,1691854698_Press Release  Mobile Money Merchant Interoperability,"PRESS RELEASE LAUNCH OF MOBILE MONEY MERCHANT INTEROPERABILITY The Central Bank of Kenya (CBK) welcomes the launch today, April 8, 2022, of mobile money merchant interoperability by three mobile money providers (networks) Airtel Networks Kenya Limited, Safaricom PLC, and Telkom Kenya Limited. This is an important step in the evolution of Kenyas payment services, as it allows customers of these mobile money providers to make payments to any merchant regardless of the network they subscribe to. Without merchant interoperability of mobile money services, customers were forced to use alternative payment methods, including making transfers across networks, when making payments to merchants that are on different networks. This new service will further deepen the digitalisation of payments to large and small businesses using the already extensive mobile money rails, and therefore enabling customers to conveniently make payments. The lack of full interoperability has increased the complexity, time and costs associated with making payments. As outlined in the National Payments Strategy 2022-2025 the overall aim is to provide customers with a seamless, secure and affordable means to send and receive money in any network. CBK will continue to guide and facilitate the efforts to achieve full-scale interoperability across the payments ecosystem. This new service builds on the person-to-person (P2P) interoperability that was implemented in 2018. It is testament to close collaboration between the mobile money providers and also with CBK. In subsequent phases, interoperability will be extended to additional mobile money services such as pay bills and agents, to make the objective of pay anyone anywhere a reality. Increased interoperability brings us closer to realising the vision of a secure, fast, efficient and collaborative payments system that supports financial inclusion and innovations that benefit Kenyans. CENTRAL BANK OF KENYA April 8, 2022",Press Release,https://www.centralbank.go.ke/uploads/press_releases/1691854698_Press Release -Mobile Money Merchant Interoperability.pdf
,315915346_Press Release   Acquisition Of 49 Percent Of The Issued Share Capital Of Mayfair Cib Bank Ltd By Commercial International Bank Egypt,"PRESS RELEASE ACQUISITION OF 49 PERCENT OF THE ISSUED SHARE CAPITAL OF MAYFAIR CIB BANK LIMITED BY COMMERCIAL INTERNATIONAL BANK (EGYPT) S.A.E. The Central Bank of Kenya (CBK) announces the acquisition of 49 percent of the shareholding of Mayfair CIB Bank Limited (MBL) by Commercial International Bank (Egypt) S.A.E. (CIB) effective January 31, 2023. This follows CBKs approval on January 23, 2023, under Section 13(4) of the Banking Act and approval by the Cabinet Secretary for the National Treasury and Economic Planning on January 24, 2023, pursuant to Section 9(1) of the Banking Act. This transaction follows the earlier acquisition by CIB of 51 percent shareholding in MBL announced in April 2020. Subsequently, MBL is now a fully owned (100 percent) subsidiary of CIB. MBL was licensed in June 2017 and commenced operations in August 2017. The bank has five (5) branches in Nairobi, Eldoret and Mombasa and targets high net worth individuals and corporate market segment. It is categorised as a small bank with a market share of 0.26 percent as at December 2022. CIB was licensed by the Central Bank of Egypt on August 13, 1975. It is currently the leading private sector bank in Egypt with a total asset base of approximately USD19.8 billion (Ksh.2.5 trillion). It is listed on the Egyptian Stock Exchange, London Stock Exchange, and trades over the counter on the New York Stock Exchange. CIB has representative offices in the United Arab Emirates (UAE) and Ethiopia. CIBs business model mainly focuses on individuals, Small and Medium Enterprises (SMEs) institutions and corporates. CIB is the first Egyptian bank to establish a fully owned banking subsidiary in Kenya. The acquisition will anchor CIBs expansion into the East African region. Additionally, it will strengthen the trade and investment ties between Kenya and Egypt. CBK welcomes this transaction that will diversify and strengthen the resilience of the Kenyan banking sector. CENTRAL BANK OF KENYA January 30, 2023",Press Release,https://www.centralbank.go.ke/uploads/press_releases/315915346_Press Release - Acquisition of 49 Percent of the Issued Share Capital of Mayfair CIB Bank Ltd by Commercial International Bank Egypt.pdf
,1358006258_Press Release   National Payments Strategy Launch,"PRESS RELEASE LAUNCH OF THE NATIONAL PAYMENTS STRATEGY 2022-2025 The Central Bank of Kenya (CBK) today launched the National Payments Strategy 2022- 2025 (the Strategy), in an event that brought together representatives of key domestic, regional and international institutions that are connected to the payments space. While Kenyas leadership on mobile money is widely acknowledged, much more remains to be done. The Strategy seeks to consolidate the gains made so far and marking out the path towards a new chapter in Kenyas payment journey. Since the advent of mobile money almost two decades ago, Kenya has achieved important milestones in its journey of modernising and strengthening the payments system. While cash remains an important means of payment, Kenyans make over 37.6 million transactions of about Ksh.176 billion every day through various non-cash channels mobile money, cards, electronic bank transfers, and cheques. The Strategy unveiled today seeks to realise the vision of a secure, fast, efficient and collaborative payments system that supports financial inclusion and innovations that benefit Kenyans. This vision will be anchored on five core principlestrust, security, usefulness, choice, and innovation. The Strategy builds on the foundation already in place and provides a framework to deliver key initiatives, including full-scale interoperability fostering customer-centric innovation and supporting the emergence of a 247 economy. The Chief Guest at the launch was Dr. Julius Muia, CBS, Principal Secretary National Treasury and Planning. Keynote addresses were also delivered by Dr. Alfred Hannig, Executive Director Alliance for Financial Inclusion (AFI), Mr. Agustn Carstens, General Manager Bank for International Settlements (BIS), Mrs. Malangu Kabedi-Mbuyi, Governor Banque Centrale du Congo, and Chairperson, Association of African Central Banks (AACB) and Dr. Patrick Njoroge, Governor Central Bank of Kenya. Several Governors, Deputy Governors, and senior officials of Central Banks in the region also attended the event virtually. CBK acknowledges with gratitude the support and extensive feedback that it received from the payments industry, other stakeholders and members of the public in developing the Strategy. This broad-based support will be important for a successful implementation. CENTRAL BANK OF KENYA February 23, 2022",Press Release,https://www.centralbank.go.ke/uploads/press_releases/1358006258_Press Release - National Payments Strategy Launch.pdf
,391352851_Press Release   2025 Remittances Household Survey,"PRESS RELEASE 2025 REMITTANCES HOUSEHOLD SURVEY The Central Bank of Kenya (CBK) in collaboration with the Kenya National Bureau of Statistics (KNBS), and the Financial Sector Deepening Kenya (FSD Kenya), announces the commencement of the first ever Remittances Household Survey (RHS). The 2025 RHS aims to collect information on international remittances flows. Remittances are support received by households in Kenya from households outside Kenya. The support is received in form of money (cash) andor in-kind (non-cash) without requiring the recipient to provide a corresponding item of economic value (good or service). Remittances also include support sent by households in Kenya to non-resident households outside Kenya. CBK collects data on international remittances received through authorized international remittance service providers such as Commercial Banks, Money Transfer Operators and Mobile Network Operators. Remittance inflows have increased in recent years, with total remittances in 2024 reaching a record Ksh. 666.7 billion, estimated at 4 percent of Kenyas GDP. This surpassed the previous record of Ksh. 586.0 billion in 2023. With remittance transactions growing in importance, it is imperative that accurate and comprehensive data is collected on remittance flows. The 2025 RHS therefore represents a major step towards improved data on remittances and will collect valuable information on the amount, uses, cost and the challenges that will inform policy formulation including those related to supporting the remittance flows. In addition, the survey will collect information on remittances received through informal channels and in-kind (non-cash) remittances. The Survey will be conducted between July and September 2025. The Field Personnel will visit selected households that have received or sent remittances. Given the importance of this exercise, we appeal to the selected households to cooperate and support the survey field staff. CENTRAL BANK OF KENYA August 4, 2025",Press Release,https://www.centralbank.go.ke/uploads/press_releases/391352851_Press Release - 2025 Remittances Household Survey.pdf
,186818850_Press Release   Kenya Banknotes,"PRESS RELEASE KENYA BANKNOTES The Central Bank of Kenya (CBK) is mandated to issue currency as conferred by Article 231 (2) of the Constitution of Kenya and Section 22 (2) of the Central Bank of Kenya Act. In fulfilment of this mandate, the Bank has made some changes to the denominations of the Kenyan currency banknotes. The changes affect the fifty shillings (KES 50), one hundred shillings (KES 100), two hundred shillings (KES 200), five hundred shillings (KES 500) and one thousand shillings (KES 1,000) currency banknotes. The banknotes bear a. The signature of the Governor of the Central Bank of Kenya, Dr. Kamau Thugge, b. The signature of the Principal Secretary, National Treasury, Dr. Chris Kiptoo, c. The year of print  2024, and d. New security threads with colour changing effects that are specific to each denomination The rest of the features remain the same as those of the series issued in 2019. All banknotes currently in circulation remain legal tender and will circulate alongside the released banknotes. Release of the banknotes will commence with KES 1,000, while other denominations will progressively follow in the coming months. Details of the banknotes are available on the Banks website www.centralbank.go.ke. CENTRAL BANK OF KENYA August 6, 2024 C2 CBK - Official",Press Release,https://www.centralbank.go.ke/uploads/press_releases/186818850_Press Release - Kenya Banknotes.pdf
,1522667485_Press Release   Acquisition Of 51 Percent Shareholding Of Smep Microfinance Bank Plc By Hope Advancement Inc.,"PRESS RELEASE ACQUISITION OF 51 PERCENT SHAREHOLDING OF SMEP MICROFINANCE BANK PLC BY HOPE ADVANCEMENT INC. The Central Bank of Kenya (CBK) announces the acquisition of 51 percent of the shareholding of SMEP Microfinance Bank PLC (SMEP MFB) by HOPE Advancement Inc. (HOPE). This follows CBKs approval on July 27, 2023 under Section 19 (4) of the Microfinance Act and approval by the Cabinet Secretary for the National Treasury and Economic Planning on August 4, 2023 pursuant to Section 19(3)(b) of the Microfinance Act. HOPE was incorporated on November 1, 2011, in the State of Delaware, USA. HOPE is a wholly owned subsidiary of HOPE International Inc., a charitable organization based in Pennsylvania, USA. HOPE acts as the holding company for investments and microfinance activities of the group. Some of the microfinance institutions where HOPE holds shares include Urwego Bank Plc of Rwanda (licensed and regulated by the National Bank of Rwanda and where it owns 99.9 percent shareholding) and Turame Community Finance of Burundi (licensed and regulated by the Bank of Burundi where it has 15 percent shareholding). SMEP MFB was licensed by CBK on December 14, 2010, and has its Head Office located at SMEP Building, Kirichwa Road, Off Argwings Kodhek Road, Nairobi County. The MFB has 7 branches, 14 deposit taking marketing offices, and 7 third party agents situated across the country. Prior to the acquisition, the National Council of Churches of Kenya held 71 percent of SMEP MFBs shares. The institution controls a market share of 5.09 percent of the microfinance banking sector and is considered a large tier microfinance bank. The acquisition is expected to strengthen SMEP MFB through injection of additional capital to fund business expansion, upgrade of information technology infrastructure as well as reconstitution of the board to bolster governance. CENTRAL BANK OF KENYA November 2, 2023",Press Release,https://www.centralbank.go.ke/uploads/press_releases/1522667485_Press Release - Acquisition of 51 Percent Shareholding of SMEP Microfinance Bank PLC by HOPE Advancement Inc..pdf
,1788102775_Press Release   Appointment Of Deputy Governor Mr. Gerald Nyaoma Arita,"PRESS RELEASE APPOINTMENT OF DEPUTY GOVERNOR MR. GERALD NYAOMA ARITA The Central Bank of Kenya (CBK) welcomes Mr. Gerald Nyaoma Arita, as he begins his term as Deputy Governor. This follows his appointment by His Excellency President William Samoei Ruto, PhD., C.G.H. Mr. Nyaoma returns to CBK after having had a long and distinguished career at the Bank. He joined CBK in August 1988, and served in various senior positions including the Financial Markets, Banking Services, and Internal Audit Departments, culminating in his role as the Director of the Bank Supervision Department. Mr. Nyaoma holds an M. Phil. (Econ.) degree from the University of Cambridge, UK, and BA (Economics) degree from the University of Nairobi. Mr. Nyaoma is a Certified Public Accountant (CPA-K), a Certified Public Secretary (CPS-K) and an Associate of the Kenya Institute of Bankers (AKIB). He has served on the Board of the SACCO Societies Regulatory Authority as an Alternate Member to the Governor. Governor Dr. Kamau Thugge said On behalf of the CBK Board, Management and Staff, I wish to congratulate Mr. Nyaoma on his appointment. It is an honour and a pleasure to welcome him back to the Central Bank of Kenya. CENTRAL BANK OF KENYA January 7, 2025",Press Release,https://www.centralbank.go.ke/uploads/press_releases/1788102775_Press Release - Appointment of Deputy Governor Mr. Gerald Nyaoma Arita.pdf
,1065588915_Press Release   Imperial Bank  Liquidation December 2021,"PRESS RELEASE LIQUIDATION OF IMPERIAL BANK LIMITED (IN RECEIVERSHIP) 1. On October 13, 2015, the Central Bank of Kenya (CBK) appointed the Kenya Deposit Insurance Corporation (KDIC) as receiver for Imperial Bank Limited pursuant to the provisions of Sections 43(1), 43(2) and 53(1) of the Kenya Deposit Insurance Act, 2012. 2. The appointment of KDIC as a receiver for Imperial Bank Limited was done by CBK in the interest of the banks depositors, creditors and members of the public. 3. On June 2, 2020, KCB Bank Kenya (KCB) acquired certain assets valued at Ksh.3.2 billion and assumed liabilities of the same value of Imperial Bank Limited (In Receivership) (IBLIR). This followed a transparent Expression of Interest process. From June 2, 2020, IBLIR depositors were to be paid a total of Ksh.3.2 billion over a period of four years. Subsequently, the depositors would have cumulatively recovered 37.3 percent of the deposits since 2015 when payments were commenced. Following four payment disbursements, 45,700 out of the 50,000 (92 percent) depositors have accessed their funds in full. 4. In September 2020, following the acquisition of certain assets and assumption of liabilities by KCB, CBK required KDIC to appoint an independent external auditor, to carry out a comprehensive audit of IBLIR, based on terms of reference approved by CBK pursuant to Section 24 of the Banking Act. The objectives of the audit were inter- alia to provide additional basis for further action. KDIC contracted an independent external auditor in May 2021. 5. The external auditor submitted the audit report to CBK on October 1, 2021. CBK noted a number of gaps in the report, some of which have been subsequently resolved. A number still remain pending, all related to KDIC. Accordingly, on October 13, 2021, CBK advised KDIC to resolve all the pending gaps in 45 days. 6. On December 7, 2021, KDIC submitted the Receivership Report to CBK recommending that IBLIR be liquidated. The report indicates that considering the weak status of IBLIRs financial position, liquidation is the only feasible option. 7. CBK has assessed the recommendation by KDIC, the external auditors report, other pertinent information, and considered that liquidation would facilitate the orderly resolution of IBLIR in accordance with the Laws of Kenya, to protect the interest of IBLIR depositors, its creditors, and the wider public interest. Subsequently, on December 8, 2021, CBK appointed the KDIC as liquidator of IBLIR in terms of Sections 53(2) and 54(1)(a) of the Kenya Deposit Insurance Act, 2012. 8. KDIC will release information about the liquidation of IBLIR and payment of depositors in due course. 9. Customers or any persons with claims or questions can call the KDIC on Tel No. 254 20 667000254 709 043000. Customers can also email on customerservicekdic.go.ke for more information. 10. For media inquiries, call 254 20 6670000709 043000. CENTRAL BANK OF KENYA December 9, 2021 2",Press Release,https://www.centralbank.go.ke/uploads/press_releases/1065588915_Press Release - Imperial Bank  Liquidation-December 2021.pdf
,121455219_Public Notice   Micro Finance Banks Licensed By The Central Bank Of Kenya April 2024,"Ksh (cid31)(cid30)(cid29)(cid28)(cid27)(cid26)(cid30)(cid25)(cid24)(cid25)(cid29)(cid23)(cid22)(cid21)(cid24)(cid25)(cid20)(cid19)(cid22)(cid18)(cid30)(cid29)(cid23)(cid25)(cid19)(cid23)(cid17)(cid22)(cid21)(cid16) (cid15)(cid14)(cid23)(cid22)(cid29)(cid23)(cid25)(cid15)(cid28)(cid24)(cid18)(cid22)(cid21)(cid24)(cid25)(cid20)(cid22)(cid27)(cid26)(cid22)(cid20)(cid23)(cid25)(cid16)(cid24) Pursuant to Section 8(2) of The Microfinance (Deposit-Taking Microfinance Institutions) Regulations, 2008, the Central Bank of Kenya (CBK) hereby notifies the general public of the following institutions duly licensed to carry out the deposit-taking microfinance business in Kenya No. Name of the Institution Category Date licensed 1. Nationwide May 21, 2009 2. Nationwide March 31, 2010 PLC. 3. Nationwide November 8, 2010 4. Nationwide December 14, 2010 5. Nationwide December 31, 2010 6. Nationwide June 14, 2011 7. Nationwide September 17, 2012 8. Nationwide October 29, 2012 9. Nationwide April 8, 2013 10. Community January 12, 2015 11. Community May 13, 2015 12. Nationwide June 2, 2015 13. Nationwide May 21, 2016 14. Community October 30, 2019 A current list of these institutions and related information is available on CBKs website www.centralbank.go.ke CENTRAL BANK OF KENYA APRIL 2024",Press Release,https://www.centralbank.go.ke/uploads/press_releases/121455219_Public Notice - Micro-Finance Banks Licensed by the Central Bank of Kenya April 2024.pdf
,378456919_Public Notice   Issuance Of The Draft Climate Risk Disclosure Framework For The Banking Sector,"SCAN FOR SCAN FOR FRAMEWORK FEEDBACK (cid31)(cid30)(cid29)(cid28)(cid27)(cid26)(cid25)(cid24)(cid23)(cid22)(cid27)(cid26)(cid21) ISSUANCE OF THE DRAFT CLIMATE RISK DISCLOSURE FRAMEWORK FOR THE BANKING SECTOR The Central Bank of Kenya (CBK) has released the draft Climate Risk Disclosure Framework via the link httpswww.centralbank.go.keclimateClimateRiskDisclosureFramework.zip for public consultation. The draft Climate Risk Disclosure Framework is part of the CBKs ongoing second-generation reforms aimed at greening the banking sector. This initiative, along with the recently issued draft Kenya Green Finance Taxonomy, is part of the Greening Financial Systems Technical Assistance Programme to CBK by the European Investment Bank (EIB) that commenced in October 2023. The Climate Risk Disclosure Framework intends to assist commercial banks in collating and disclosing climate-related information in a relevant, useful, consistent and comparable manner. For investors, the framework provides the information needed to assess the financial implications of climate change on potential investments and identify companies well-positioned for the transition to a low-carbon economy. The general public and other stakeholders will benefit from increased transparency, fostering accountability within the financial sector and encouraging businesses to adopt more sustainable practices. The Framework is aligned with global best practices and standards such as the International Financial Reporting Standards (IFRS) S2 on climate-related disclosures and Basel Committee on Banking Supervision (BCBS) principles on climate-related financial risks. We would appreciate receiving your comments or feedback on or before October 31, 2024. Please share your comments through the online link httpsforms.office.comr0mmN2jCPUM.or through the Director, Bank Supervision via email fincentralbank.go.ke CENTRAL BANK OF KENYA  SEPTEMBER 18, 2024",Press Release,https://www.centralbank.go.ke/uploads/press_releases/378456919_Public Notice - Issuance of the Draft Climate Risk Disclosure Framework for the Banking Sector.pdf
,438150475_Press Release   Acquisition Of 51 Percent Of Mayfair Bank By Commercial International Bank,"PRESS RELEASE ACQUISITION OF 51 PERCENT OF MAYFAIR BANK LIMITED BY COMMERCIAL INTERNATIONAL BANK (EGYPT) S.A.E. The Central Bank of Kenya (CBK) announces the acquisition of 51 percent of the shareholding of Mayfair Bank Limited (MBL) by Commercial International Bank (Egypt) S.A.E (CIB) effective May 1, 2020. This follows CBKs approval on April 7, 2020 under Section 13 (4) of the Banking Act and approval by the Cabinet Secretary for the National Treasury and Planning on April 8, 2020 pursuant to Section 9 of the Banking Act. MBL was licensed in June 2017 and commenced operations in August 2017. The bank has five (5) branches in Nairobi, Eldoret and Mombasa. It targets high net worth individuals and the corporate market segment. It is categorised as a small bank with a market share of 0.17 percent as at February 2020. CIB will provide MBL with the requisite skills, resources and infrastructure to scale up its business. CIB was licensed by the Central Bank of Egypt on August 13, 1975. It is currently the leading private sector bank in Egypt with a total asset base of approximately USD24.18 billion (Ksh.2.45 trillion). CIB is listed on the Egyptian Stock Exchange, London Stock Exchange and trades over the counter on the New York Stock Exchange. CIB has representative offices in the United Arab Emirates (UAE) and Ethiopia. CIBs business model focuses on individuals, Small and Medium Enterprises (SMEs), institutions and corporates. CIB is the first Egyptian bank to establish a presence in Kenya. The acquisition of a majority stake in MBL will anchor CIBs expansion into the East African region. Its entry will also strengthen the trade and investment ties between Kenya and Egypt. The acquisition is expected to diversify and strengthen the resilience of the Kenyan banking sector. CENTRAL BANK OF KENYA April 24, 2020",Press Release,https://www.centralbank.go.ke/uploads/press_releases/438150475_Press Release - Acquisition of 51 Percent of Mayfair Bank by Commercial International Bank.pdf
,1667799689_Press Release Imperial Bank In Receivership November 8 2016,"PRESS RELEASE IMPERIAL BANK LIMITED (IN RECEIVERSHIP) On February 9, 2016 the shareholders of Imperial Bank Limited (In Receivership) (IBLR) filed a case in the High Court in which certain declarations were sought, and in the course of the proceedings, orders were issued restraining Kenya Deposit Insurance Corporation (KDIC) and the Central Bank of Kenya (CBK) from any process that would lead to the exclusion and transfer of assets and liabilities of IBLR. In the judgment delivered on November 4, 2016, the Court lifted the suspension, which has paved the way for KDIC and CBK to continue with the process they had announced and initiated. On June 21, 2016, KDIC, with the endorsement of CBK effected an agreement appointing NIC Bank Limited (NIC) as the Asset and Liabilities Consultant for IBLR (see Press Release). The KDIC and NIC agreement, mandates NIC to disburse on behalf of KDIC a maximum of an additional Ksh.1.5 million each to the remaining IBLR depositors, subject to account and identity verifications. In addition, the Agreement provided that NIC would undertake an assessment of the quality of IBLRs assets and liabilities, support the recovery of IBLRs loans, and following negotiations, assume certain assets and liabilities as well as the majority of IBLR staff. It was expected that through this process depositors will be granted structured access to about 40 percent of the remaining amount of verified deposits above Ksh.2.5 million, which would bring the cumulative payout ratio for all verified deposits to about 59 percent. In the judgment on November 4, 2016, the Court found that KDIC and CBK had at all times acted within, and have been guided by the strict requirements of the law. Further, the Court made the following findings  KDIC and CBK had at all times considered the proposals put forward by the shareholders, and the Court was satisfied that the shareholders were given reasons why their proposals were unacceptable, and  The shareholders were neither discriminated against, nor were their rights violated. 1 IBLR shareholders have to-date failed to provide adequate assurances to implement a proposal that will enable the lifting of the receivership, reopening of IBLR, and resumption of normal activities for its customers. The final proposal by the shareholders on June 15, 2016, was rejected, in which the shareholders withdrew their offer to inject Ksh.10 billion and replaced it with a proposal to raise Ksh.5 billion by way of a rights issue. KDIC and CBK remained open for the shareholders to present a credible and tangible recovery plan based on the revised fraudloss of Ksh.44.9 billion, without prejudice to the forensic investigation. KDIC and CBK have since filed a suit on September 30, 2016, for the recovery of Ksh.44.9 billion against the directors and shareholders of IBLR for fraud, breach of fiduciary duty and negligence. Depositors have also applied to enjoin in this suit in support of the recovery process. All sums recovered will be applied in the settlement of depositors and other stakeholders claims, in accordance with the law. KDIC and CBK will continue the processes that were suspended by the Court, and in particular, NICs due diligence and contract review, which is expected to lead to structured access to the remaining deposits. Going forward, KDIC and CBK will continue to engage all stakeholders concerning the next steps in the resolution for IBLR, as permitted by the law. KDIC and CBK again reiterates their commitment to protecting the interest of IBLR depositors, its creditors, and the wider public interest, by resolving IBLRs receivership in a professional and legal manner. CENTRAL BANK OF KENYA November 8, 2016 2",Press Release,https://www.centralbank.go.ke/uploads/press_releases/1667799689_PRESS RELEASE Imperial Bank in Receivership November 8 2016.pdf
,233147333_Press Release     Licensing Of Digital Credit Providers,"PRESS RELEASE LICENSING OF DIGITAL CREDIT PROVIDERS The Central Bank of Kenya (CBK) announces the licensing of an additional 42 Digital Credit Providers (DCPs). This is pursuant to Section 59(2) of the Central Bank of Kenya Act (CBK Act). This brings the number of licensed DCPs to 195 following the licensing of 27 DCPs announced in September 2025. CBK has received more than 800 applications since March 2022 and has worked closely with the applicants in reviewing their applications. The focus of the engagements with DCPs has been inter alia on business models, consumer protection and fitness and propriety of proposed shareholders, directors, and management. This is to ensure adherence to the relevant laws and importantly that the interests of customers are safeguarded. We acknowledge the efforts of the applicants and the support of other regulators and agencies in this process. DCPs predominantly carry out their lending activities digitally including through Unstructured Supplementary Service Data (USSD) codes. Loan products include education loans, development loans, short-term personal loans, asset-financing and business loans. As at November 2025, licensed DCPs had granted 6.6 million loans valued at Ksh.109.8 billion. Details of the 195 licensed DCPs can be accessed here. Other applicants are at different stages in the process, largely awaiting the submission of requisite documentation. We urge these applicants to submit the pending documentation expeditiously to enable completion of the review of their applications. Reports by the public on unregulated DCPs can be sent through dcpscentralbank.go.ke. The licensing and oversight of DCPs as indicated previously, was precipitated by concerns raised by the public about the predatory practices of the unregulated DCPs, and in particular, their high cost, unethical debt collection practices, and the abuse of personal information. CENTRAL BANK OF KENYA December 30, 2025 C2 CBK - Official",Press Release,https://www.centralbank.go.ke/uploads/press_releases/233147333_Press Release  -  Licensing of Digital Credit Providers.pdf
,74880577_Press Release   Mayfair Bank Limited   June 23 2017,"PRESS RELEASE The Central Bank of Kenya (CBK) announces the granting of a licence to Mayfair Bank Limited to conduct banking business in Kenya. The license has been granted pursuant to Sections 4 and 5 of the Banking Act (Cap 488) following the fulfilment of the stipulated licensing requirements. Established by a group of local investors and headquartered in Nairobi, Mayfair Bank Limited will principally target the corporate market segment. It will launch its presence with an initial network of three branches (two in Nairobi and one in Mombasa). The entry of Mayfair Bank Limited will broaden the choices available to the Kenyan banking public and enhance the competitive environment in the banking sector. CENTRAL BANK OF KENYA June 23, 2017",Press Release,https://www.centralbank.go.ke/uploads/press_releases/74880577_Press Release - Mayfair Bank Limited - June 23 2017.pdf
,572180460_Press Release   Imperial Bank Limited   Eoi Revised Proposal,"PRESS RELEASE IMPERIAL BANK LIMITED (IN RECEIVERSHIP) EXPRESSION OF INTEREST  REVISED PROPOSAL Central Bank of Kenya (CBK) and Kenya Deposit Insurance Corporation (KDIC) announce the receipt of a revised proposal from one of the selected bidders with respect to Imperial Bank Limited (In Receivership) (IBLR), as part of the Expression of Interest (EOI) process announced on October 13, 2017 Press Release. Following the announcement of the receipt of the initial proposals on April 13, 2018 Press Release, CBK and KDIC went back to the two selected bidders which has resulted in the revised proposal. The revised proposal was received from KCB Bank Kenya Limited (KCB), while the other bidder has withdrawn from the process. Having assessed the revised proposal, CBK and KDIC will engage KCB in discussions aimed at maximizing the value for depositors. CBK and KDIC will provide further details to stakeholders at the appropriate time. CBK and KDIC reiterate their commitment in keeping with their respective mandates and in accordance with the Laws of Kenya, to protect the interest of depositors, creditors, and the wider public interest. CENTRAL BANK OF KENYA KENYA DEPOSIT INSURANCE CORPORATION July 24, 2018",Press Release,https://www.centralbank.go.ke/uploads/press_releases/572180460_Press Release - Imperial Bank Limited - EOI Revised Proposal.pdf
,1145573981_Press Release   Appointment Of Deputy Governor Dr. Susan Koech,"PRESS RELEASE APPOINTMENT OF DEPUTY GOVERNOR DR. SUSAN KOECH The Central Bank of Kenya (CBK) welcomes Dr. Susan Jemtai Koech, as she begins her term as Deputy Governor. This follows her appointment by His Excellency President William Samoei Ruto, PhD., C.G.H. Dr. Koech joins CBK after a distinguished career in which she served in senior roles in the banking sector and in the government, most recently as Principal Secretary in the State Departments of East African Community, Regional Development, and Wildlife. Dr. Koech holds a PhD in Business Management, and a Masters degree in Business Administration. Governor Dr. Patrick Njoroge said On behalf of the CBK Board, Management and Staff, I take this opportunity to congratulate Dr. Koech on her appointment and warmly welcome her to the Bank. CENTRAL BANK OF KENYA March 14, 2023",Press Release,https://www.centralbank.go.ke/uploads/press_releases/1145573981_Press Release - Appointment of Deputy Governor Dr. Susan Koech.pdf
,164519156_Press Release   Lifting Of Moratorium On Licensing New Commercial Banks In Kenya,"PRESS RELEASE LIFTING OF MORATORIUM ON LICENSING OF NEW COMMERCIAL BANKS IN KENYA The Central Bank of Kenya announces that with effect from July 1, 2025, it will lift the moratorium on licensing of new commercial banks. The moratorium has been in place from November 17, 2015. The moratorium was imposed against a backdrop of governance, risk management, and operational challenges in the banking sector. It was intended to provide space for the strengthening of the Kenyan banking sector. Since then, significant strides have been made in strengthening the legal and regulatory framework for Kenyas banking sector. Notably, there have been a number of mergers and acquisitions by existing players and entry of new domestic and foreign strategic investors into the sector. The recent increase, in the Business Laws (Amendment) Act, 2024, of the minimum core capital requirements for commercial banks to Ksh.10 billion will further reinforce the strengthening of the banking sector. Following the lifting of the moratorium, new entrants to the Kenyan banking sector will be required to demonstrate that they can meet the enhanced minimum capital requirements of Ksh.10 billion. Stronger and more resilient banks will be able to navigate the growing risks in the global, regional, and domestic arenas. Additionally, they will be able to support large scale financing needs to meet Kenyas development aspirations. CENTRAL BANK OF KENYA APRIL 16, 2025 C2 CBK - Official",Press Release,https://www.centralbank.go.ke/uploads/press_releases/164519156_Press Release - Lifting of Moratorium on Licensing New Commercial Banks in Kenya.pdf
,566112348_Press Release   Suspension Of The Listing Of Negative Credit Information For Borrowers,"PRESS RELEASE SUSPENSION OF THE LISTING OF NEGATIVE CREDIT INFORMATION FOR BORROWERS The Central Bank of Kenya (CBK) announces the suspension for a period of twelve months, of the listing of negative credit information for borrowers with loans below Kenya Shillings (Ksh.) 5 million, whose loans were performing previously, but have become non-performing from October 1, 2021. This follows the publication of Legal Notice No. 225 of November 5, 2021, by the Cabinet Secretary for the National Treasury and Planning (Cabinet Secretary), on the recommendation of CBK, pursuant to regulation 18 (7) of the Banking (Credit Reference Bureau) Regulations, 2020 (Regulations). Consequently, loans below Ksh.5 million that fall in arrears from October 1, 2021 to September 30, 2022, will not lead to the blacklisting of the borrower on the Credit Reference Bureaus (CRBs). Further, CRBs will not include in any credit report, any negative credit information for loans of a customer less than Ksh.5 million submitted to the CRB from October 1, 2020 to September 30, 2021, for a period of 12 months from October 1, 2021 to September 30, 2022. This is one of the intervention measures that were announced on October 20, 2021, in light of the exceptional circumstances from the coronavirus (COVID-19) pandemic and in particular aiming to shield Micro, Small and Medium Enterprises (MSMEs) from the adverse impact. Over the last decade, Kenya has developed a robust Credit Information Sharing (CIS) mechanism for the banking sector. The mechanism has facilitated the development of a credit history for Kenyans to enable them access cheaper credit. This is particularly important for those borrowers who do not have collateral such as title deeds that have traditionally been used to secure credit. The framework has been strengthened over time, most recently in April 2020, with the issuance of revised Regulations. The improvements in the CIS are to be seen against a backdrop of two important anchors to strengthen the behaviour of banks. First, banks are now required to adopt a risk-based pricing approach that considers borrowers credit reports in the pricing of loans. Second, CRBs are required to generate borrowers credit score that lenders can use to assess their creditworthiness. It is therefore an important tool in ensuring that the banking sector works for and with Kenyans, as was outlined in the Kenya Banking Sector Charter, that was launched in February 2019, by CBK. An important development was the suspension of the sharing of negative information for a period of six months from April 1 to September 30, 2020, to mitigate the economic impact of the COVID-19 pandemic. Loans that were performing, but became non-performing during that period would not lead to a blacklisting of the borrowers. In making its recommendation for the suspension to September 30, 2022, CBK was cognizant of the need to balance between providing relief to MSMEs, while safeguarding the effectiveness and sustainability of the CIS framework. The CIS mechanism aims to bridge the information gap about borrowers creditworthiness by considering the borrowers credit history and allowing credit to be priced accordingly. A good credit record demonstrates the borrowers higher creditworthiness and should lead to a lower cost of credit. In this regard, the suspension could adversely impact the provision of credit by banks to the target group, as they will be unable to distinguish between the good and bad borrowers during the suspension period. This could lead to rationing of credit, as was evident during the period of interest rate caps from 2016-2019. The suspension is therefore targeted to rope in the MSMEs and for a specified duration that will provide space to turn around their businesses. Accordingly, CBK recommended a threshold of a loan amount of Ksh.5 million and below, that will capture the targeted MSMEs. Further, a period of one year for the suspension is a reasonable period for the MSMEs to restore their businesses. CBK urges borrowers to fulfil their contractual obligations on a timely basis and engage their lenders in case of any concerns. CBK will continue working with all stakeholders to ensure that the CIS mechanism works for and with Kenyans, and in line with global best practices. CENTRAL BANK OF KENYA November 8, 2021 2",Press Release,https://www.centralbank.go.ke/uploads/press_releases/566112348_Press Release - Suspension of The Listing of Negative Credit Information for Borrowers.pdf
,147728307_Press Release   Licensing Of Dib Bank Kenya Limited (3),"PRESS RELEASE The Central Bank of Kenya (CBK) announces the licensing of DIB Bank Kenya Limited (DIB). The licence has been granted under Sections 4 and 5 of the Banking Act after fulfillment of the stipulated requirements. DIB intends to exclusively offer Shariah compliant banking services in Kenya. It becomes the third fully Shariah compliant bank to be licensed in Kenya, after Gulf African Bank Limited in 2007 and First Community Bank Limited in 2008. DIB is a fully owned subsidiary of Dubai Islamic Bank PJSC (DIB PJSC) of the United Arab Emirates (UAE). DIB PJSC founded in 1975 is the first bank to have incorporated the principles of Islam in all its practices and is the largest Islamic Bank in the UAE. DIB PJSC as at September 2016 had an asset base of USD47.6 billion (Ksh.4, 855 billion) and capital of USD7.4 billion (Ksh.754.8 billion). It has a presence in Bosnia, Indonesia, Pakistan, Sudan, Turkey and UAE. DIB PJSCs entry into Kenya is anchored on its strategic focus of enhancing its international presence. Its business model is underpinned by excellence in customer service, innovation, growth and consistent employee engagement. CBK welcomes the entry of international brands such as DIB into the Kenyan banking sector. DIBs entry will expand the offerings in the market, particularly in the nascent Shariah compliant banking niche. This also signifies the first entry of a UAE bank in Kenya to support the long-standing economic ties between Kenya and the UAE. DIBs choice of Kenya as its entry point into Sub-Saharan Africa signals Kenyas growing stature as a premier regional financial services hub. CENTRAL BANK OF KENYA April 28, 2017",Press Release,https://www.centralbank.go.ke/uploads/press_releases/147728307_Press Release - Licensing of DIB Bank Kenya Limited (3).pdf
,1249059825_Press Release   Licensing Of Digital Credit Providers,"PRESS RELEASE LICENSING OF DIGITAL CREDIT PROVIDERS The Central Bank of Kenya (CBK) announces the licensing of an additional 41 Digital Credit Providers (DCPs). This is pursuant to Section 59(2) of the Central Bank of Kenya Act (CBK Act). This brings the number of licensed DCPs to 126 following the last licensing of 27 DCPs announced in October 2024. CBK has received more than 700 applications since March 2022 and has worked closely with the applicants in reviewing their applications. Additionally, CBK has engaged other regulators and agencies pertinent to the licensing process, including the Office of the Data Protection Commissioner. The focus of the engagements has been inter alia on business models, consumer protection and fitness and propriety of proposed shareholders, directors, and management. This is to ensure adherence to the relevant laws and importantly that the interests of customers are safeguarded. We acknowledge the efforts of the applicants and the support of other regulators and agencies in this process. Details of the 41 licensed DCPs can be accessed here. Other applicants are at different stages in the process, largely awaiting the submission of requisite documentation. We urge these applicants to submit the pending documentation expeditiously to enable completion of the review of their applications. Reports by the public on unregulated DCPs can be sent through dcpscentralbank.go.ke. The licensing and oversight of DCPs as indicated previously, was precipitated by concerns raised by the public about the predatory practices of the unregulated DCPs, and in particular, their high cost, unethical debt collection practices, and the abuse of personal information. CENTRAL BANK OF KENYA June 5, 2025 C2 CBK - Official",Press Release,https://www.centralbank.go.ke/uploads/press_releases/1249059825_Press Release - Licensing of Digital Credit Providers.pdf
,1353918587_Press Release   Completion Of Acquisition Of Fcb By By Sbm Holdings Of Mauritius,"PRESS RELEASE COMPLETION OF THE ACQUISITION OF FIDELITY COMMERCIAL BANK LIMITED BY SBM AFRICA HOLDINGS LIMITED OF MAURITIUS The Central Bank of Kenya (CBK) announces the completion of the acquisition of a majority stake in Fidelity Commercial Bank Limited (FCB) by SBM Africa Holdings Limited (SBM Africa), on May 10, 2017, following the requisite regulatory approvals. SBM Africa is a fully-owned subsidiary of SBM Holdings Limited of Mauritius and has been approved by CBK as a Non-Operating Holding Company under Section 13 of the Banking Act. CBK has also approved the change of name from Fidelity Commercial Bank Limited to SBM Bank (Kenya) Limited, under Section 3 of the Banking Act. Welcoming this acquisition, CBK Governor Dr. Patrick Njoroge said, The entry of SBM Group into Kenya provides a welcome impetus to our banking sector. SBM will bring its experience and expertise from Mauritius and other markets, to enhance the competitiveness and resilience of Kenyas banking sector. Going forward, SBM is well poised to play a significant role in financing intra-Africa trade and investments, using Kenya as a launching pad into other African markets. CBK welcomes this milestone in the strengthening of the banking sector, that will lead to the emergence of a world-class financial sector. CENTRAL BANK OF KENYA May 11, 2017",Press Release,https://www.centralbank.go.ke/uploads/press_releases/1353918587_Press Release - Completion of Acquisition of FCB by by SBM Holdings of Mauritius.pdf
,139279483_Press Release   Acquisition Of National Bank Of Kenya By Kcb Group Plc,"PRESS RELEASE ACQUISITION OF NATIONAL BANK OF KENYA LIMITED BY KCB GROUP PLC The Central Bank of Kenya (CBK) announces that it has approved today the acquisition of 100 percent shareholding of National Bank of Kenya Limited (NBK) by KCB Group PLC (KCB Group). The approval has been granted in accordance with Section 13(1) (e) of the Banking Act. KCB Group is a Kenyan non-operating holding company that owns banking subsidiaries in the East African region in Kenya, Uganda, Tanzania, Rwanda, Burundi and South Sudan. It also has a representative office in Ethiopia. In addition, the Group owns non-banking subsidiaries namely KCB Insurance Agency, KCB Capital, and KCB Foundation. KCB Group oversees operations of KCB Bank Kenya Limited and all other subsidiaries. NBK was incorporated in 1968 as a wholly-owned Government entity. The Government of Kenya has over time, reduced its shareholding in NBK. The bank is listed at the Nairobi Stock Exchange and owns two subsidiaries NBK Insurance Agency Limited, and Natbank Trustee and Investment Service Limited. The acquisition will strengthen both institutions leveraging on their respective well-established domestic and regional corporate, public sector and retail franchises. CENTRAL BANK OF KENYA September 2, 2019",Press Release,https://www.centralbank.go.ke/uploads/press_releases/139279483_Press Release - Acquisition of National Bank of Kenya by KCB Group PLC.pdf
,Press_Release_ _Cbk_50Th_Anniversary_Celebrations,"PRESS RELEASE CBK 50TH ANNIVERSARY CELEBRATIONS The Central Bank of Kenya (CBK) is celebrating 50 years of its existence and service to Kenya. These celebrations involve the CBKs involvement in several activities, with an Epic Event scheduled for September 14, 2016, at the National Museums of Kenya, Nairobi. Prior to the Epic Event, a series of activities are underway as CBK gears up to mark this milestone. 1. Kenya Music Festival This is a significant event for CBK as it participates for the first time, in the context of its 50th anniversary celebrations. The CBK partnered with the Kenya Music Festival as Title and Thematic Sponsor to demonstrate the value that it places on the nurturing and development of youth talent and the next crop of leaders. In particular, CBKs sponsorship of the festival seeks to provide an opportunity for the youth to grow their financial literacy and artistic talents through music and poetry. At the just concluded Regional and National level competitions, students have displayed exceptional talent while performing the CBK50 Theme Song composed by CBK Choir Director, Mr. Richard Khadambi. Exemplary talent has also been on display in the creative choral verse messages generated to communicate the mandate of the CBK. The National competitions, which ended on August 18, 2016, were followed by a State Concert on August 19, 2016, for all winning categories. 2. Painting Competition The CBK in partnership with the Kenya Bankers Association is sponsoring an art competition for primary and high school students. The competition will entail students representing the CBK50 theme through creative and artistic forms such as paintings, collage, mosaic and other creative works of art. Student pieces will be subjected to an assessment after which winning art works will be showcased at the National Museums throughout the CBK celebratory period, and later at the Central Bank of Kenya. 3. CBK Documentaries CBK has produced a documentary that captures its history as an institution over the last 50 years. This documentary highlights the key achievements, challenges and lessons learnt over the period as well as the Banks vision going forward. In addition to the historical documentary, CBK has produced a second documentary featuring the faces behind the Central Bank. These documentaries will be aired in different media beginning the first week of September 2016. 4. CBK Publications To document the important milestone CBK has covered over the past 50 years, three publications will be produced and availed as collections for future reference and learning. i. History and Development of Money in Kenya This is a coffee table book that chronicles the development of money as an important instrument in facilitation of trade in Kenya and the East African region. The books pictorial nature is intended to give an aesthetic appeal to every reader while sharing a piece of history. ii. History of Central Bank This book comprehensively documents CBKs 50 year history. It narrates CBKs dynamism in fulfilment of its mandate in its operating environment and illustrates the various functions carried out. iii. The People of Central Bank The book captures and celebrates past and present staff who have made a remarkable and inspiring contribution to CBK as well as impacted society in different ways. 5. Central Banking Symposium CBK will host an international central banking symposium on September 13, 2016. This will be a high-level forum that will bring together local and international economists, bankers, researchers, members of the academia and other stakeholders to engage on emerging issues in central banking. 6. Launch of Numismatic Museum CBK in collaboration with the National Museums of Kenya will be launching a Numismatic Exhibition during the Epic celebrations on September 14, 2016. The Exhibition will provide CBK an opportunity to showcase various historical and current currencies as well as provide information on the events about the past 50 years of central banking in Kenya. The Exhibition will be interactive and have a section specially dedicated to young learners. The Bank urges all citizens to join in the celebrations of this milestone and expresses its excitement as we look forward to the next 50 years. CENTRAL BANK OF KENYA www.centralbank.go.ke August 23, 2016",Press Release,https://www.centralbank.go.ke//images/docs/media/Press%20Releases/PRESS_RELEASE_-_CBK_50TH_ANNIVERSARY_CELEBRATIONS.pdf
,1352956107_Central Banker Of The Year Award,"PRESS RELEASE NAIROBI, Kenya  May 26, 2016  Central Bank of Kenya Governor Dr. Patrick Njoroge yesterday received the African Central Bank Governor of the Year Award at the 51st Annual Meeting of the African Development Bank (AfDB) in Lusaka, Zambia. Speaking after receiving the award, Governor Njoroge said I dedicate this award to the youth of Africa. The award is given to the central bank governor who has successfully reformed and transformed the financial sector, through proper regulation and policies, as well as created a stable and predictable environment for investment and growth. It is part of the African Banker Awards held under the patronage of the AfDB. This was the 10th edition of the awards and took place during the AfDB annual meeting. Governor Njoroge was honoured with the award for his integrity, strong values and for providing stability in what has been a volatile economic environment. The AfDB noted that Governor Njoroge had re-established order as he sanitises the banking sector in his country and called him an exceptional leader. CENTRAL BANK OF KENYA May 26, 2016 About the Central Bank Of Kenya The Central Bank of Kenya (CBK) is established under the Central Bank of Kenya Act and Article 231 of the Constitution. It has the responsibility of formulating monetary policy, promoting price stability, issuing currency and performing any other functions conferred on it by an Act of Parliament. To discover more, please visit our official website at httpswww.centralbank.go.ke",Press Release,https://www.centralbank.go.ke/uploads/press_releases/1352956107_Central Banker of the Year Award.pdf
,139697899_Press Release   Enactment Of The Law To Regulate Digital Lenders,"PRESS RELEASE ENACTMENT OF THE LAW TO REGULATE DIGITAL LENDERS AND ISSUANCE OF THE CORRESPONDING DRAFT REGULATIONS FOR PUBLIC COMMENT Following Presidential assent on December 7, 2021, the Central Bank of Kenya (Amendment) Act, 2021, has become effective today, December 23, 2021. The Amendment provides the Central Bank of Kenya (CBK) with the powers to license and oversight the previously unregulated digital credit providers. This is a significant milestone. Correspondingly, CBK announces the issuance of draft Digital Credit Providers Regulations and invites public comments. With the recent advances in technology and ongoing innovations, lending through digital channels, particularly mobile phones, has grown significantly in Kenya. However, concerns have been raised by the public about the predatory practices of the unregulated digital credit providers, and in particular, their high cost, unethical debt collection practices, and the abuse of personal information. The Amendment requires CBK to publish Regulations within three months, i.e., by March 23, 2022, and accordingly CBK has developed the draft Regulations for public consultation. The Regulations provide for inter alia the licensing, governance, and credit operations of Digital Credit Providers (DCPs). They further provide for consumer protection, credit information sharing, and elaborate on the Anti-Money Laundering and Combating the Financing of Terrorism (AMLCFT) obligations of DCPs. In line with the public participation requirements, CBK invites interested members of the public to provide comments on the draft Regulations that can be downloaded from the Central Bank of Kenya website. The written submissions or representations may be forwarded to the Director, Bank Supervision, P.O. Box 60000-00200, Nairobi hand- delivered to the Central Bank of Kenya Headquarters, Haile Selassie Avenue, Nairobi or emailed to fincentralbank.go.ke to be received not later than Friday, January 21, 2022, at 5.00 p.m. Additionally, in order to facilitate an orderly transition to a regulated environment, CBK requests all (unregulated) DCPs to provide their business details through the link indicated below, httpswww.centralbank.go.kedcpdetails by January 21, 2022. Finally, we acknowledge determined efforts by the late Hon. John Oroo Oyoka, former Member of Parliament for Bonchari Constituency, who was the initial mover of the legislation to regulate the DCPs. The late Hon. Oyoka was passionate about putting in place legislation that would enable Kenyans benefit from a fair and well-regulated digital credit market. May his soul rest in eternal peace. We also wish to acknowledge the Hon. Gladys Wanga, Member of Parliament, and the National Assembly Departmental Committee on Finance and National Planning, for taking up the legislation and steering it to its conclusion. CENTRAL BANK OF KENYA December 23, 2021",Press Release,https://www.centralbank.go.ke/uploads/press_releases/139697899_Press Release - Enactment of the Law to Regulate Digital Lenders.pdf
,735753750_Press Release   Acquisition Of Giro Commercial Bank By Im Bank Limited,"PRESS RELEASE ACQUISITION OF GIRO COMMERCIAL BANK LIMITED BY IM BANK LIMITED The Central Bank of Kenya (CBK) announces that IM Bank Ltd. (IM Bank) has acquired 100 percent of Giro Commercial Bank Ltd. (GCBL), effective February 13, 2017. IM Bank is a wholly owned banking subsidiary of IM Holdings Ltd. (IMHL) a non-operating holding company, authorized by CBK under Section 13(4) of the Banking Act. This acquisition follows CBKs approval on October 27, 2016, for IMHL to acquire 100 percent shareholding of GCBL under Section 13 (4) of the Banking Act, and approval by the Cabinet Secretary National Treasury on January 27, 2017, for IM Bank to acquire 100 percent of GCBL under Section 9 of the Banking Act. Consequently, effective February 13, 2017, GCBL has ceased to be a bank licensed by CBK, and its rights and obligations have been taken up by IM Bank. All GCBL stakeholderse.g., depositors, employees, and creditorscontinue their relationship with IM Bank. IM Bank was licensed in 1996, was ranked 9th in terms of market share as at December 31, 2016, with 35 branches. GCBL was licensed in 1992, and was ranked 26th in terms of market share as at December 31, 2016, with 7 branches. Taken together, they had a combined market share of about 5 percent as at December 31, 2016. IMHL has a banking presence in Kenya, Mauritius, Rwanda, and Tanzania, and is listed at the Nairobi Securities Exchange. CENTRAL BANK OF KENYA February 17, 2017",Press Release,https://www.centralbank.go.ke/uploads/press_releases/735753750_Press Release - Acquisition of Giro Commercial Bank by IM Bank Limited.pdf
,176808779_Press Release   Kenya Banknotes,"PRESS RELEASE UPDATE ON KENYA BANKNOTES The Central Bank of Kenya (CBK) on August 6, 2024, informed the public of the changes made in the denominations of Kenyan currency banknotes as follows. a. The signature of the Governor of the Central Bank of Kenya, Dr. Kamau Thugge, b. The signature of the Principal Secretary, National Treasury, Dr. Chris Kiptoo, c. The year of print  2024, and d. New security threads with colour changing effects that are specific to each denomination The Bank also communicated that the release of the banknotes had commenced with that of KES 1,000. We wish to update the public that the release of KES 50, KES 100, KES 200 and KES 500 denominations is now in progress. Other than the changes highlighted above, all other features of the banknotes remain the same as those of the series issued in 2019. Details of the banknotes are available on the Banks website www.centralbank.go.ke. We also would like to draw to the publics attention that all other banknotes currently in circulation remain legal tender and will continue to circulate alongside the released banknotes. CENTRAL BANK OF KENYA November 20, 2024 C2 CBK - Official",Press Release,https://www.centralbank.go.ke/uploads/press_releases/176808779_Press Release - Kenya Banknotes.pdf
,936946318_Mpc Press Release   Meeting Of September 29 2022,"BANKI CENTRAL KUU YA BANK OF GOVERNOR KENYA KENYA Haile Selassie Avenue P. O. Box 60000-00200 Nairobi, Kenya Telephone 254 20 2861003 PRESS R ELEASE MONETARY POLICY COMMITTEE ME ETING The Monetary Policy Committee (MPC) met on September 29, 2022, against a backdrop of significant global uncertainties, volatile financial markets, a weaker growth outlook, persistent inflationary pressures, geopolitical tensions, lingering effects of the COVID-19 (coronavirus) pandemic, and measures taken by authorities around the world in response to these developments. The MPC reviewed the outcomes of its previous decisions and measures implemented to mitigate the adverse economic impact and financial disruptions.  Overall inflation increased to 8.5 percent in August 2022 from 8.3 percent in July, due to increases in food and fuel prices. Food inflation remained elevated at 15.3 percent in July and August, largely due to prices of maize grain and flour, and edible oils and wheat products due to the impact of supply chain disruptions. Fuel inflation increased to 8.6 percent in August from 8.0 percent in July, mainly driven by fuel and gas (LPG) on account of higher international oil prices. Overall inflation is expected to remain elevated in the near term, due in part to the scaling down of the Government price support measures, resulting in increases in fuel and electricity prices, the impact of tax measures in the FY 202223 Budget, and global inflationary pressures.  The volatility in global financial markets has surged amid significant US dollar strength against major currencies, and rapid changes in policy stance in advanced economies in response to inflationary pressures. Inflation in the advanced economies remains elevated mainly reflecting high oil and gas prices and lingering supply chain challenges, despite the recent moderation in commodity prices. The global economic outlook has weakened, reflecting the impact of a rapid tightening of monetary policy in advanced economies particularly the U.S, the ongoing war in Ukraine, and the lingering pandemic-related disruptions particularly in China.  Leading indicators of economic activity for the Kenyan economy show continued good performance in the second quarter of 2022, supported by robust activity in transport and storage, wholesale and retail trade, construction, information and communication, and accommodation and food services. The economy is expected to remain resilient in the remainder of 2022, supported by the services sector despite subdued performance in agriculture and weaker global growth.  Two of the surveys conducted ahead of the MPC meetingthe CEOs Survey and Private Sector Market Perceptions Surveyrevealed stronger optimism about business activity and economic growth prospects for 2022. The optimism was attributed to positive sentiments and renewed investor confidence following the conclusion of the elections, increased business activity post-election, and anticipated new government policies. Nevertheless, respondents remained concerned about domestic and global inflation, energy costs, poor weather conditions, and the continued war in Ukraine.  The Survey of the Agriculture Sector conducted ahead of the meeting, revealed that prices of some food items particularly vegetables have declined due to increased supply with the improved weather conditions and onset of the harvest season. Additionally, respondents expect agricultural output to improve in the next harvest season. Nevertheless, respondents identified transport costs due to the rise in fuel prices, adverse weather conditions, and the cost of inputs such as seeds and fertilizers as major factors constraining agricultural production.  Exports of goods have remained strong, growing by 11.0 percent in the 12 months to August 2022 compared to a similar period in 2021. In particular, receipts from tea and manufactured goods exports increased by 10.9 percent and 20.8 percent respectively during the period. The increase in receipts from tea exports reflects improved prices attributed to demand from traditional markets. Receipts from horticulture exports declined by 12.0 percent in the 12 months to August 2022 compared to a similar period in 2021. Imports of goods increased by 21.4 percent in the 12 months to August 2022 compared to an increase of 10.2 percent in the 12 months to August 2021, mainly reflecting increased imports of oil and intermediate goods. Tourism and transportation receipts have increased as international travel continues to improve. Remittances totalled USD3,992 million in the 12 months to August 2022, and were 14.7 percent higher compared to a similar period in 2021. While the current account deficit is estimated at 5.2 percent of GDP in the 12 months to August 2022, it is projected at 5.9 percent of GDP in 2022 on account of higher international oil prices.  The CBK foreign exchange reserves, which currently stand at USD7,409 million (4.18 months of import cover), continue to provide adequate cover and a buffer against any short- term shocks in the foreign exchange market.  The banking sector remains stable and resilient, with strong liquidity and capital adequacy ratios. The ratio of gross non-performing loans (NPLs) to gross loans stood at 14.2 percent in August 2022, compared to 14.7 percent in June. Repayments and recoveries were noted in the building and construction, manufacturing, and transport and communication sectors. Banks have continued to make adequate provisions for the NPLs.  Growth in private sector credit stood at 12.5 percent in August 2022, compared to 12.3 percent in June. Strong credit growth was observed in the following sectors manufacturing (15.2 percent), trade (13.3 percent), business services (16.1 percent, and consumer durables (14.3 percent). The number of loan applications and approvals remained strong, reflecting improved demand with increased economic activities.  The Committee noted the ongoing implementation of the FY202223 Government Budget, particularly the strong tax revenue collection, reflecting enhanced tax administration efforts and increased economic activity. The Committee noted the sustained inflationary pressures, the elevated global risks and their potential impact on the domestic economy and concluded that there was scope for a tightening of the monetary policy in order to further anchor inflation expectations. In view of these developments, the MPC decided to raise the Central Bank Rate (CBR) from 7.50 percent to 8.25 percent. The Committee will closely monitor the impact of the policy measures, as well as developments in the global and domestic economy, and stands ready to take additional measures, as necessary. The Committee will meet again in November 2022, but remains ready to re-convene earlier if necessary. Dr. Patrick Njoroge CHAIRMAN, MONETARY POLICY COMMITTEE September 29, 2022",Press Release,https://www.centralbank.go.ke/uploads/mpc_press_release/936946318_MPC Press Release - Meeting of September 29 2022.pdf
,1281922685_Press Release   Licensing Of Digital Credit Providers,"PRESS RELEASE LICENSING OF DIGITAL CREDIT PROVIDERS The Central Bank of Kenya (CBK) announces that the transition period for all operating unregulated Digital Credit Providers (DCPs) to apply to CBK for a license ended on September 17, 2022. This is pursuant to Section 59(2) of the Central Bank of Kenya Act (CBK Act), that required all operating unregulated DCPs to apply to CBK for a license within six months of the publication of the Central Bank of Kenya (Digital Credit Providers) Regulations, 2022 (the Regulations), i.e., by September 17, 2022, or cease operations. On March 21, 2022, CBK announced the publication of the Regulations on March 18. They provide for the licensing and oversight of DCPs. The Regulations were issued pursuant to Sections 57(1), 57(3) and 57(4) of the CBK Act. Further, on May 17, 2022, CBK reminded all currently operating DCPs to apply to CBK for a license. CBK has received 288 applications since March 2022 and has worked closely with the applicants over the last six months in reviewing their applications. Additionally, CBK has engaged other regulators and agencies pertinent to the licensing process, including the Office of the Data Protection Commissioner. We acknowledge the efforts of the applicants and the support of other regulators and agencies in this process. So far, 10 applicants have now been licensed as DCPs, pursuant to the CBK Act and the Regulations. Details of the licensed DCPs can be accessed here. Other applicants are at different stages in this process, largely awaiting the submission of requisite documentation. We urge these applicants to submit the pending documentation expeditiously to enable completion of the review of their applications. All other unregulated DCPs that did not apply for licensing must cease and desist from conducting digital credit business. Reports by the public on unregulated DCPs can be sent to dcpscentralbank.go.ke. The licensing and oversight of DCPs as indicated previously, was precipitated by concerns raised by the public about the predatory practices of the unregulated DCPs, and in particular, their high cost, unethical debt collection practices, and the abuse of personal information. CENTRAL BANK OF KENYA September 19, 2022",Press Release,https://www.centralbank.go.ke/uploads/press_releases/1281922685_Press Release - Licensing of Digital Credit Providers.pdf
,1415166150_Press Release On Licensing Of Digital Credit Providers (Dcp'S)  September 2025,"PRESS RELEASE LICENSING OF DIGITAL CREDIT PROVIDERS The Central Bank of Kenya (CBK) announces the licensing of an additional 27 Digital Credit Providers (DCPs). This is pursuant to Section 59(2) of the Central Bank of Kenya Act (CBK Act). This brings the number of licensed DCPs to 153 following the licensing of 41 DCPs announced in June 2025. CBK has received more than 700 applications since March 2022 and has worked closely with the applicants in reviewing their applications. The focus of the engagements with DCPs has been inter alia on business models, consumer protection and fitness and propriety of proposed shareholders, directors, and management. This is to ensure adherence to the relevant laws and importantly that the interests of customers are safeguarded. We acknowledge the efforts of the applicants and the support of other regulators and agencies in this process. DCPs predominantly carry out their lending activities digitally including through Unstructured Supplementary Service Data (USSD) codes. Loan products include education loans, development loans, short-term personal loans, asset-financing and business loans. As at June 2025, licensed DCPs had granted 5.5 million loans valued at Ksh.76.8 billion. Details of the 27 licensed DCPs can be accessed here. Other applicants are at different stages in the process, largely awaiting the submission of requisite documentation. We urge these applicants to submit the pending documentation expeditiously to enable completion of the review of their applications. Reports by the public on unregulated DCPs can be sent through dcpscentralbank.go.ke. The licensing and oversight of DCPs as indicated previously, was precipitated by concerns raised by the public about the predatory practices of the unregulated DCPs, and in particular, their high cost, unethical debt collection practices, and the abuse of personal information. CENTRAL BANK OF KENYA September 4, 2025 CC22 CCBBKK -- OOffffiicciiaall",Press Release,https://www.centralbank.go.ke/uploads/press_releases/1415166150_Press Release on licensing of Digital Credit Providers (DCP's) -September 2025.pdf
,1648360391_Press Release   Mobile Money Interoperability,"PRESS RELEASE MOBILE MONEY INTEROPERABILITY The Central Bank of Kenya (CBK) welcomes the implementation of interoperability of mobile phone financial services from April 10, 2018. Customers will be able to transfer funds across networks in real time, at low cost, and in a secure environment. The benefits of wallet-to-wallet interoperability to customers will be immediate and significant. Customers wishing to transfer money across networks will avoid the cost and inconvenience of needing to reload or withdraw money through network agents. Customers mobile wallets will reflect funds immediately these are received, regardless of the network from which these funds are sent. Customers will also be able to withdraw the money in their wallets from the agents on their network, as is currently. In approving this step, CBK laid out three crucial principles for interoperability  Cost  the price for transferring money out of the network will be no higher than that of transferring money within the network. There will also be no interchange fees.  Security  mobile money operators will ensure that the interfaces between them are as secure as possible.  Efficiency  transactions will be reflected in customers mobile wallets without undue delay. Interoperability is another significant milestone for Kenyas mobile money. It will play an important role in enhancing the usage of mobile money services, thereby deepening financial access. CBK has licensed three Mobile Network Operators (MNOs) under the National Payment System (NPS) Act Safaricom Plc, Airtel Networks Kenya Limited, and Telkom Kenya Limited. Under NPS regulations, the MNOs are required to use payment systems capable of being interoperable with other payment systems. Mobile money subscriber accounts have grown to 37.8 million in January 2018. Mobile money transactions in January 2018 were valued at Ksh.323.0 billion in 1.4 billion transactions. While encouraging innovation, CBK will continue to foster safety and efficiency in the national payment system. CENTRAL BANK OF KENYA April 10, 2018",Press Release,https://www.centralbank.go.ke/uploads/press_releases/1648360391_Press Release - Mobile Money Interoperability.pdf
,1076444471_Public Notice On Virtual Currencies Such As Bitcoin,"PUBLIC NOTICE CAUTION TO THE PUBLIC ON VIRTUAL CURRENCIES SUCH AS BITCOIN The attention of the Central Bank of Kenya (CBK) has been drawn to media reports on the use, holding and trading of virtual currencies such as Bitcoin in Kenya. Bitcoin is a form of un-regulated digital currency that is not issued or guaranteed by any government or central bank. Domestic and international money transfer services in Kenya are regulated by the Central Bank of Kenya Act and other legislation. In this regard, no entity is currently licensed to offer money remittance services and products in Kenya using virtual currency such as Bitcoin. This is to inform the public that virtual currencies such as Bitcoin are not legal tender in Kenya and therefore no protection exists in the event that the platform that exchanges or holds the virtual currency fails or goes out of business. Some of the risks associated with buying, holding or trading virtual currencies include the following  Transactions in virtual currencies such as bitcoin are largely untraceable and anonymous making them susceptible to abuse by criminals in money laundering and financing of terrorism.  Virtual currencies are traded in exchange platforms that tend to be unregulated all over the world. Consumers may therefore lose their money without having any legal redress in the event these exchanges collapse or close business.  There is no underlying or backing of assets and the value of virtual currencies is speculative in nature. This may result in high volatility in value of virtual currencies thus exposing users to potential losses. CBK reiterates that Bitcoin and similar products are not legal tender nor are they regulated in Kenya. The public should therefore desist from transacting in Bitcoin and similar products. CENTRAL BANK OF KENYA DECEMBER 2015",Press Release,https://www.centralbank.go.ke/uploads/press_releases/1076444471_Public Notice on virtual currencies such as Bitcoin.pdf
,1903800447_Press Release   Acquisition Of Spire Bank By Ebkl September 2022,"PRESS RELEASE PROPOSED ACQUISITION BY EQUITY BANK KENYA LIMITED OF CERTAIN ASSETS AND LIABILITIES OF SPIRE BANK LIMITED The Central Bank of Kenya (CBK) has been advised by both Equity Bank Kenya Limited (EBKL) and Spire Bank Limited (Spire) of EBKLs interest in acquiring certain assets and liabilities of Spire. The proposed acquisition is subject to regulatory approvals. EBKL is a fully owned subsidiary of Equity Group Holdings Plc. It was first registered as Equity Building Society in 1984 under the Building Societies Act. It converted into a bank in December 2004, and was listed on the Nairobi Securities Exchange (NSE) in August 2006. It was ranked 2 out of 39 banks in terms of market share as at June 30, 2022, with a market share of 12.5 percent and over 190 branches across the country. Spire Bank formerly known as Equatorial Commercial Bank Limited (ECB) started operations in 1984 as a non-bank financial institution and converted into a commercial bank on December 13, 1995. ECB and Southern Credit Banking Corporation Limited merged their respective businesses with effect from June 1, 2010, and retained the name ECB. In December 2014, Mwalimu National Cooperative Savings and Credit Society Limited (Mwalimu National) acquired a majority stake in ECB. Effective May 20, 2016, the bank changed its name to Spire Bank Limited. It was ranked 39 out of 39 banks in terms of market share as at June 30, 2022, with a market share of 0.05 percent with 12 branches across the country. CBK welcomes the transaction which will enhance the stability of the Kenyan banking sector. Further updates will be provided as the transaction progresses. CENTRAL BANK OF KENYA September 12, 2022",Press Release,https://www.centralbank.go.ke/uploads/press_releases/1903800447_Press Release - Acquisition of Spire Bank by EBKL-September 2022.pdf
,309290372_Mpc Press Release   Meeting Of April 3 2024,"BANKI CENTRAL KUU YA BANK OF GOVERNOR KENYA KENYA Haile Selassie Avenue P. O. Box 60000-00200 Nairobi, Kenya Telephone 254 20 2861003 PRESS R ELEASE MONETARY POLICY COMMITTEE ME ETING The Monetary Policy Committee (MPC) met on April 3, 2024, against a backdrop of an improved global outlook for growth and inflation, despite persistent geopolitical tensions. The MPC reviewed the outcomes of its previous decisions and measures implemented to anchor inflationary expectations and contain exchange rate pressures.  Global growth continues to recover, supported by stronger than expected growth in the United States, and robust growth in some large emerging market economies, particularly India. The main risks to the global growth and inflation outlook relate to the potential escalation of geopolitical tensions particularly the Israel-Palestinian and Russia-Ukraine conflicts. Global inflation has moderated, but some stickiness has persisted in some advanced economies, driven by core inflation. Food inflation has continued to decline with improved supply of key food items, particularly cereals and edible oils. A key risk to inflation is international oil prices, which have trended upwards since January 2024 largely driven by disruptions to shipping through the Red Sea, and production cuts by OPEC and other allied oil producers.  Kenyas overall inflation declined further to 5.7 percent in March 2024 from 6.3 percent in February, driven by lower food and fuel inflation. Food inflation declined to 5.8 percent in March from 6.9 percent in February, reflecting lower prices of some food items particularly maize and wheat products, carrots, kalessukuma wiki, spinach, and cabbages, following improved supply attributed to ongoing harvests and favourable weather conditions. Fuel inflation declined to 12.3 percent in March from 13.4 percent in February, largely reflecting the impact of the shillings appreciation which resulted in a decrease in electricity prices and a downward adjustment in pump prices. Non-food non-fuel (NFNF) inflation remained stable at 3.6 percent in February and March. Overall inflation is expected to moderate further in the near term, supported by easing food and energy prices, pass-through effects of the recent exchange rate appreciation, and the impact of monetary policy actions which continue to filter through the economy.  Leading indicators point to continued strong performance of the Kenyan economy in the first quarter of 2024, reflecting robust activity in the agriculture and service sectors, particularly accommodation and food services, and information and communication. The economy is expected to remain strong in 2024, supported by the resilient services sector, robust performance of the agriculture sector, continued implementation of Government measures to boost economic activity across priority sectors in line with the Bottom-up Economic Transformation Agenda (BETA), and improved global growth outlook.  The March 2024 Agriculture Sector Survey shows that respondents expect inflation to decrease in the next three months, on account of lower food prices in line with the expected favorable weather conditions, the appreciation of the exchange rate, and the reduction in fuel prices.  The CEOs Survey and Market Perceptions Survey which were conducted ahead of the MPC meeting revealed increased optimism about business activity and economic growth prospects for the next 12 months. The stronger optimism was attributed to enhanced agricultural performance on account of favorable weather and government interventions in the sector, easing inflation, strengthening of the Kenya Shilling and a resilient private sector. Nonetheless, respondents remained concerned about taxation, high interest rates, and geopolitical risks.  The current account deficit is estimated at 4.3 percent of GDP in the 12 months to February 2024, down from 4.7 percent of GDP in a similar period of 2023, and is projected at 4.0 percent of GDP in 2024. Goods exports declined by 1.7 percent in the 12 months to February 2024 compared to an increase of 9.6 percent in a similar period in 2023. The decline in exports in 2023 was across several categories, except food, petroleum products and manufactured goods exports which increased by 3.0 percent, 20.3 percent, and 1.4 percent, respectively. The increase in manufactured exports receipts reflects strong regional demand. Goods imports declined by 8.5 percent in the 12 months to February 2024 compared to a growth of 3.5 percent in a similar period of 2023, reflecting lower imports across all categories, except food and crude materials. Tourist arrivals improved by 27.6 percent in the 12 months to January 2024 compared to a similar period in 2023, and were 20.3 percent higher in January 2024 compared to January 2023. Remittances increased by 7.5 percent to USD 4,330 million in the 12 months to February 2024 compared to USD 4,026 million in a similar period in 2023.  The CBK foreign exchange reserves, which currently stand at USD 7,136 million (3.77 months of import cover), continue to provide adequate cover and a buffer against any short-term shocks in the foreign exchange market.  The banking sector remains stable and resilient, with strong liquidity and capital adequacy ratios. The ratio of gross non-performing loans (NPLs) to gross loans stood at 15.5 percent in February 2024 compared to 14.8 percent in December 2023. Increases in NPLs were noted in the real estate, trade, personal and household, energy and water and building and construction sectors. Banks have continued to make adequate provisions for the NPLs.  Growth in commercial bank lending to the private sector stood at 10.3 percent in February 2024 compared to 13.8 percent in January 2024. Credit growth to selected key sectors was as follows manufacturing (13.6 percent), transport and communication (7.5 percent), trade (10.7 percent), and consumer durables (7.4 percent). The number of loan applications and approvals remained resilient, reflecting sustained demand particularly for working capital requirements.  The Committee noted the ongoing implementation of the FY202324 Government Budget, which continues to reinforce fiscal consolidation. The MPC noted that its previous measures have lowered inflation, addressed the exchange rate pressures, and anchored inflationary expectations. The Committee further noted that overall inflation is expected to continue declining in the near term, supported by lower food and fuel prices, and pass-through effects of the recent exchange rate appreciation. Therefore, the MPC concluded that the current monetary policy stance will ensure that overall inflation continues to decline towards the 5.0 percent mid-point of the target range, and thus decided to retain the Central Bank Rate (CBR) at 13.00 percent. The MPC will closely monitor the impact of the policy measures as well as developments in the global and domestic economy and stands ready to take further action as necessary in line with its mandate. The Committee will meet again in June 2024. Dr. Kamau Thugge, CBS CHAIRMAN, MONETARY POLICY COMMITTEE April 3, 2024",Press Release,https://www.centralbank.go.ke/uploads/mpc_press_release/309290372_MPC Press Release - Meeting of April 3 2024.pdf
,1721793394_Press Release   Payment To The Government Consolidated Fund 2019,"PRESS RELEASE TRANSFER OF KSH.4 BILLION FROM CBKS GENERAL RESERVE FUND TO THE GOVERNMENT CONSOLIDATED FUND AND INCREASE IN CBKS PAID-UP CAPITAL The Central Bank of Kenya (CBK) announces that on September 16, 2019, it transferred to the Government Consolidated Fund Ksh.4 billion as distribution from CBKs General Reserve Fund (GRF) as at end FY201819. This is in accordance with Sections 9 and 51 of the CBK Act, relating to the treatment of CBKs net annual profits, and following approval by the CBK Board. The transfer (loosely known as remitting of dividends) was executed by crediting the Ministry of Finances Deposit Account at CBK. Concurrently, CBK increased its paid-up capital from Ksh.20 billion to Ksh.35 billion, in accordance with Section 8(3) of the CBK Act and implemented through a transfer of funds from the GRF. In the context of its discussion of the Financial Statements 20182019, and having weighed the various factors as stipulated by law, the CBK Board authorized the transfer of Ksh.4 billion to the Government Consolidated Fund from the CBKs GRF. In making its determination, the CBK Board also considered CBKs financial needs with the objective of ensuring CBK is well-resourced to deliver on its mandate. In particular, GRF resources are needed for  Modernizing CBKs facilities and infrastructure in keeping with its mandate. The completion of the identified projects will play an important role in CBKs long-term health and viability, strengthening its operations in line with its responsibilities and changes in the financial sector.  Provision of new generation currency in line with the 2010 Constitution. CBK is mandated to issue new generation currency, with an expected cost of Ksh.15 billion.  Strengthening CBKs financial position to make it more resilient to shocks. Despite the substantial growth of the financial sector, CBKs paid-up capital had remained at Ksh.5 billion from 2009 to June 2019, when a previously approved increase to Ksh.20 billion was implemented. To accommodate increases in paid-up capital, CBKs authorized capital was increased from Ksh.5 billion to Ksh.50 billion with effect from June 26, 2019. CBKs paid-up capital had remained at Ksh.5 billion since 2009, even as its monetary liabilities had grown in excess of Ksh.400 billion. The increased paid-up capital strengthens CBKs financial position, enabling it to pursue its functions even in times of stress and sustaining its financial independence. Specifically, CBK will be better able to absorb losses that may arise from discharge of its functions provide confidence that it will meet its domestic obligations and cushion against shocks arising from price and exchange rate movements. This is aligned to global best practices of central banks. CENTRAL BANK OF KENYA November 21, 2019",Press Release,https://www.centralbank.go.ke/uploads/press_releases/1721793394_Press Release - Payment to the Government Consolidated Fund 2019.pdf
,862696061_Press Release   Extension Of Operating Hours For Kenya Electronic Payment And Settlement System (Kepss),"PRESS RELEASE EXTENSION OF OPERATING HOURS FOR KENYA ELECTRONIC PAYMENT AND SETTLEMENT SYSTEM (KEPSS) The Central Bank of Kenya (CBK) is pleased to announce the extension of operating hours for the Kenya Electronic Payment and Settlement System (KEPSS), the national Real Time Gross Settlement (RTGS) system, effective July 1, 2025. Following extensive consultation with participants of the system and in alignment with the objectives outlined in the National Payments Strategy 20222025, the KEPSS operating hours will be revised from the current 830 a.m.  430 p.m. to the new schedule of 700 a.m.  700 p.m. on all business days with the exception of public holidays and weekends. This strategic enhancement is aimed at improving the efficiency, accessibility, and resilience of Kenyas payments ecosystem. By enabling earlier initiation and later completion of large-value and time-sensitive payments, this move will support the countrys transition towards a 247 digital economy. Benefits of the Extended Hours  Enhanced Convenience Businesses, government institutions, and financial institutions will have greater flexibility to process payments, improving cash flow management and reducing end-of-day settlement risks.  Support for a 247 Economy Longer operational hours will bridge the gap between traditional banking hours and the demands of a modern economy, facilitating seamless transactions across time zones and increasing the competitiveness of Kenya as a regional financial hub.  Improved Access to Financial Services By expanding the time window for settlements, CBK reinforces its commitment to greater financial inclusion, allowing more individuals and entities to engage in the formal financial system with ease.  Alignment with Global Best Practices This extension mirrors the progressive steps taken by central banks globally to modernize their payment systems, enhancing regional integration and interoperability of cross-border payments. CBK remains committed to ensuring that the national payments infrastructure continues to meet the evolving needs of the economy and to fostering a secure, efficient, and inclusive financial system. CENTRAL BANK OF KENYA June 18, 2025",Press Release,https://www.centralbank.go.ke/uploads/press_releases/862696061_Press Release - Extension of Operating Hours for Kenya Electronic Payment and Settlement System (KEPSS).pdf
,Press_Release_Choice_Mfb_ _May_2015,"PRESS RELEASE CBK LICENSES THE ELEVENTH MICROFINANCE BANK  CHOICE MICROFINANCE BANK LIMITED The Central Bank of Kenya (CBK) has granted a licence to Choice Microfinance Bank Limited (hereafter referred to as Choice MFB) to carry out community microfinance banking business. The licence has been issued pursuant to Section 6 (1) of the Microfinance Act, 2006 and Regulation 5 (3) of the Microfinance Regulations, 2008. Choice MFB becomes the eleventh microfinance bank (MFB) to be licensed following the licensing of seven nationwide MFBs (Faulu Kenya MFB, Kenya Women MFB, SMEP MFB, REMU MFB, Rafiki MFB, Century MFB and SUMAC MFB) and three community-based MFBs (Uwezo MFB, UI MFB and Daraja MFB). Choice MFB is wholly-owned Kenyan company limited by shares. The microfinance bank prides itself as one of the first diaspora driven initiatives in the financial services sector in Kenya. Choice MFB intends to operate in Kajiado North Constituency, Kajiado County. Choice MFBs target market will be the pastoralist communities, flower farm workers and the micro, small and medium enterprises (MSMEs) resident and operating in Kajiado North Constituency. The microfinance bank shall also target the non-governmental organizations (NGOs) and higher learning institutions within its administrative operational area. Marginalised communities and institutions, including pastoralist communities and micro, small and medium enterprises (MSMEs) respectively, still represent a large percentage of the unbanked population in Kenya. Improved access to financial services promotes the fundamental freedoms of choice and financial literacy thereby enhancing the decision making process and economic opportunities available to Kenyans. The Central Bank has thus been at the forefront in developing an all-inclusive financial system that reduces the impediments to accessing finance for MSMEs and marginalised communities. Further, the Central Bank has initiated, and will continually support, reforms to develop effective legal, regulatory and supervisory frameworks that support innovations to enhance the development of MSE financing and growth. The licensing of Choice Microfinance Bank Limited reiterates the Central Banks commitment to play a catalytic role in the development of an all-inclusive financial system. This is aimed towards the promotion of financial inclusion and economic growth in Kenya, which are key tenets of Kenyas economic development blueprint, Vision 2030. CENTRAL BANK OF KENYA 22ND MAY 2015",Press Release,https://www.centralbank.go.ke//images/docs/MPC%20Press%20Releases/Press_Release_Choice_MFB_-_May_2015.pdf
,2024044271_Mpc Press Release   Meeting Of December 5 2023,"BANKI CENTRAL KUU YA BANK OF GOVERNOR KENYA KENYA Haile Selassie Avenue P. O. Box 60000-00200 Nairobi, Kenya Telephone 254 20 2861003 PRESS RE LEASE MONETARY POLICY COMMITTEE MEE TING The Monetary Policy Committee (MPC) met on December 5, 2023, against a backdrop of continued global uncertainties, volatility in international oil prices, a weak global growth outlook, and escalation of geopolitical tensions. In addition, the Committee noted persistent domestic inflationary pressures and a depreciating shilling. The MPC reviewed the outcomes of its previous decisions and measures implemented to mitigate the adverse economic impact and financial disruptions.  Global growth is expected to decelerate from 3.0 percent in 2023 to 2.9 percent in 2024, reflecting the impact of high interest rates in advanced economies, weakening demand particularly in China and the Eurozone, heightened geopolitical tensions particularly the ongoing Israel-Palestinian conflict as well as the Russia-Ukraine war, which continue to weigh down on economic activity. Additionally, headline inflation rates in advanced economies have continued to ease, but remain above their respective core inflationary targets. Global food prices have declined from the peak levels witnessed in 2022, except for a few items such as sugar and rice.  Kenyas overall inflation remained broadly unchanged at 6.8 percent in November 2023, compared to 6.9 percent in October, but has remained sticky in the upper bound of the Governments target range since July 2023. Food inflation declined slightly to 7.6 percent in November from 7.8 percent in October, largely on account of lower prices of key non- vegetable food items particularly maize and wheat flour following improved supply attributed to the ongoing harvests and Government measures to zero-rate key food imports. Nevertheless, prices of a few vegetables particularly onions, tomatoes, and carrots, remained elevated in November due to reduced supply. Fuel inflation increased to 15.5 percent in November from 14.8 percent in October, reflecting the impact of higher international oil prices and depreciation in the shilling exchange rate. Non-food non-fuel (NFNF) inflation declined modestly to 3.3 percent in November from 3.6 percent in October. The risks to inflation are elevated in the near term, reflecting the impact of second-round effects of the rise in fuel inflation and pass-through effects of the exchange rate depreciation.  The Survey of the Agriculture Sector conducted ahead of the MPC Meeting revealed that prices of key food items were expected to decline on account of improved supply due to the ongoing rains. Nevertheless, respondents expect prices of some consumer goods to rise in the coming months due to higher transport and energy costs attributed to the increase in fuel prices, and a rise in import costs due to depreciation of the exchange rate.  The GDP data for the second quarter of 2023 indicates continued strong performance of the Kenyan economy, with real GDP growing by 5.4 percent compared to 5.2 percent in a similar quarter of 2022. This performance reflects a strong rebound in the agriculture sector, and resilient services sector supported by robust activity in information and communication, transport and storage, financial and insurance, and accommodation and food services. Leading indicators of economic activity show continued strong performance in the third quarter of 2023. Despite the global uncertainties, the economy is expected to continue to strengthen in 2023 and remain strong in 2024, supported by a resilient services sector, the rebound in agriculture, and implementation of measures to boost economic activity in priority sectors by the Government.  The CEOs Survey and Market Perceptions Survey which were conducted ahead of the MPC meeting revealed tempered optimism about business activity for the next 12 months. Respondents expressed concerns about weakened consumer demand, and increased costs of doing business attributed to the weakening of the Kenya shilling, taxation, and higher energy costs. Nonetheless, respondents remained optimistic that economic growth would remain resilient in 2023 and improve in 2024, supported by increased agricultural production.  Goods exports declined by 2.0 percent in the 12 months to October 2023, compared to a similar period in 2022. Receipts from chemicals and manufactured exports increased by 5.1 percent and 13.9 percent, respectively. The increase in manufactured exports receipts reflects strong regional demand. Imports declined by 14.9 percent in the 12 months to October 2023 compared to a growth of 14.7 percent in a similar period in 2022, mainly reflecting lower imports across all categories except food. Tourist arrivals improved by 34.1 percent in the 12 months to October 2023, compared to a similar period in 2022. Remittances totalled USD 4,165 million in the 12 months to October 2023, and were 4.2 percent higher compared to a similar period in 2022. The current account deficit is estimated at 3.7 percent of GDP in the 12 months to October 2023, and is projected at 4.1 percent of GDP in 2023 and 4.2 percent of GDP in 2024.  The CBK foreign exchange reserves, which currently stand at USD 6,746 million (3.62 months of import cover), continue to provide adequate cover and a buffer against any short- term shocks in the foreign exchange market.  The banking sector remains stable and resilient, with strong liquidity and capital adequacy ratios. The ratio of gross non-performing loans (NPLs) to gross loans stood at 15.3 percent in October 2023 compared to 15.0 percent in August 2023. Increases in NPLs were noted in the manufacturing, trade, personal and household, building and construction, and transport and communication sectors. Banks have continued to make adequate provisions for the NPLs.  Growth in private sector credit remained relatively stable at 12.5 percent in October 2023 and 12.2 percent in September. Strong credit growth was observed in the following sectors manufacturing (18.4 percent), transport and communication (16.2 percent), trade (9.9 percent), and consumer durables (10.8 percent). The number of loan applications and approvals remained strong, reflecting sustained demand particularly for working capital requirements.  The Committee noted the ongoing implementation of the FY202324 Government Budget, as well as the revised budget for the fiscal year which continues to reinforce fiscal consolidation. The MPC noted that exchange rate depreciation continues to exert upward pressure on domestic prices, thereby increasing the cost of living and reducing purchasing power. Of the overall inflation of 6.8 percent in November 2023, the exchange rate depreciation contributed about 3.0 percentage points. Additionally, the Committee noted that public sector external debt service has risen, thereby offsetting some of the gains made towards the Governments strong fiscal consolidation. Further, the continued weakening of the exchange rate is contributing to a significant increase in the Kenya shilling value of foreign currency denominated debt. The MPC therefore concluded that there is need to adjust the monetary policy stance to address the pressures on the exchange rate and mitigate second round effects including from global prices. This will ensure that inflationary expectations remain anchored, while setting inflation on a firm downward path towards the 5.0 percent mid-point of the target range. Therefore, the MPC decided to raise the Central Bank Rate (CBR) from 10.50 percent to 12.50 percent. The MPC will closely monitor the impact of the policy measures as well as developments in the global and domestic economy and stands ready to further tighten monetary policy as necessary to ensure price and exchange rate stability are achieved, in line with its mandate. The Committee will meet again in February 2024. Dr. Kamau Thugge, CBS CHAIRMAN, MONETARY POLICY COMMITTEE December 5, 2023",Press Release,https://www.centralbank.go.ke/uploads/mpc_press_release/2024044271_MPC Press Release - Meeting of December 5 2023.pdf
,253121043_Mpc Press Release   Meeting Of March 29 2023,"BANKI CENTRAL KUU YA BANK OF GOVERNOR KENYA KENYA Haile Selassie Avenue P. O. Box 60000-00200 Nairobi, Kenya Telephone 254 20 2861003 PRESS R ELEASE MONETARY POLICY COMMITTEE MEE TING The Monetary Policy Committee (MPC) met on March 29, 2023, against a backdrop of continued global uncertainties, a weak global growth outlook, easing inflationary pressures, geopolitical tensions, and measures taken by authorities around the world in response to these developments. The MPC reviewed the outcomes of its previous decisions and measures implemented to mitigate the adverse economic impact and financial disruptions.  Overall inflation increased to 9.2 percent in February 2023 from 9.0 percent in January, mainly driven by higher food prices. Food inflation rose to 13.3 percent in February from 12.8 percent in January, mainly due to increases in the prices of vegetables, attributed to hot and dry weather conditions witnessed in the period. Additionally, fuel inflation remained elevated at 13.8 percent in February, largely reflecting the scaling down of the fuel subsidy and increases in electricity prices due to higher tariffs. Overall inflation is expected to remain elevated in the near term, partly reflecting further increases in electricity prices. Nonetheless, the long rains will moderate food inflation in the coming months.  Uncertainties in the global economic outlook have increased, reflecting concerns about financial sector stability in the advanced economies, continuing geopolitical tensions particularly the ongoing war in Ukraine, and the pace of monetary policy tightening in the advanced economies. Nevertheless, commodity prices in the global markets, particularly of oil and food, have been easing.  Leading indicators point to a strong performance of the Kenyan economy in the first quarter of 2023, reflecting robust activity in the services sector particularly wholesale and retail trade, accommodation and food services, education, and information and communication. The economy is expected to remain resilient in 2023 despite the global uncertainties, supported by continued strong performance of the services sector and expected recovery in agriculture.  Two of the surveys conducted ahead of the MPC meetingthe CEOs Survey and Market Perceptions Surveyrevealed tempered optimism about business activity and economic growth prospects for the next 12 months. Respondents expressed concerns over elevated domestic inflation, the weakening of the Kenya shilling, and high food prices due to prolonged dry weather conditions. Nonetheless, some respondents remained optimistic due to firm- and sector-specific growth opportunities, the onset of the long rains which was expected to boost agricultural activity and lower food prices in the near term, government measures to strengthen agricultural production, support for businesses through the Hustler Fund, and the resilience of the private sector.  The Survey of the Agriculture Sector conducted in the first half of the month, revealed that prices of some vegetables were expected to increase in the next one month. Additionally, respondents expected the supply of most non-vegetable food items to either increase or remain unchanged on account of the anticipated long rains season. Nevertheless, respondents identified high input costs, unpredictable weather conditions, as well as transport costs as the major factors constraining agricultural production.  Goods exports have remained strong, growing by 11.0 percent in the 12 months to February 2023 compared to a similar period in 2022. Receipts from tea and manufactured goods exports increased by 13.4 percent and 27.2 percent, respectively during the period. The increase in receipts from tea exports reflects improved prices attributed to demand from traditional markets. Additionally, imports grew by 2.1 percent in the 12 months to February 2023 compared to 27.3 percent in a similar period in 2022, with lower imports of infrastructure related equipment due to completed projects. Oil prices have continued to moderate from the fourth quarter of 2022. Receipts from services exports increased reflecting sustained improvement in international travel and transport. Remittances totalled USD4,026 million in the 12 months to February 2023, and were 4.9 percent higher compared to a similar period in 2022. The current account deficit is projected at 5.4 percent of GDP in 2023 from the estimate of 4.9 percent of GDP in 2022.  The CBK foreign exchange reserves, which currently stand at USD 6,493 million (3.62 months of import cover), continue to provide adequate cover and a buffer against any short-term shocks in the foreign exchange market.  The banking sector remains stable and resilient, with strong liquidity and capital adequacy ratios. The ratio of gross non-performing loans (NPLs) to gross loans stood at 14.0 percent in February 2023, compared to 13.3 percent in December 2022. Increases in NPLs were noted in the trade, personal and household, manufacturing and building and construction sectors. Banks have continued to make adequate provisions for the NPLs.  Growth in private sector credit stood at 11.7 percent in February 2023 compared to 12.7 percent in December 2022. Strong credit growth was observed in the following sectors manufacturing (15.2 percent), transport and communication (16.5 percent), trade (11.8 percent), and consumer durables (12.4 percent). The number of loan applications and approvals declined, reflecting reduced demand.  The Committee noted the ongoing implementation of the FY202223 Government Budget, particularly the performance in tax revenue collection and the approved FY202223 Supplementary Budget, which continues to reinforce fiscal consolidation. The MPC noted the sustained inflationary pressures, the elevated global risks and their potential impact on the domestic economy, and concluded that there was scope for a further tightening of the monetary policy in order to anchor inflation expectations. In view of these developments, the MPC decided to raise the Central Bank Rate (CBR) from 8.75 percent to 9.50 percent. The Committee will closely monitor the impact of the policy measures, as well as developments in the global and domestic economy, and stands ready to take additional measures, as necessary. The Committee will meet again in May 2023, but remains ready to re-convene earlier if necessary. Dr. Patrick Njoroge CHAIRMAN, MONETARY POLICY COMMITTEE March 29, 2023",Press Release,https://www.centralbank.go.ke/uploads/mpc_press_release/253121043_MPC Press Release - Meeting of March 29 2023.pdf
,1795300500_Press Release   Announcement Of Africa Virtual Hackathon   31.08.2020,"PRESS RELEASE VIRTUAL AFRICA HACKATHON 2020 WINNERS The Central Bank of Kenya (CBK) announces the winners of the Virtual African Hackathon 2020 (the Hackathon). The top three winners were selected after a rigorous evaluation process that saw 15 shortlisted finalists pitch their solutions to an experienced panel of judges on the Demo Day on August 31, 2020. The theme of the Hackathon was Harnessing Fintech in addressing COVID19 effects on healthcare, digital payments and economic recovery. The three winners are Position Name Country 1 SME Credit Pro Cameroon 2 Miza A2F Platform United Arab EmiratesTunisia 3 MobiCash Libya The overall winner of the Hackathon, SME Credit Pro from Cameroon will participate in the Global Fintech Hackcelerator at the Singapore Fintech Festival (SFF) scheduled for December 2020. The SFF, the worlds largest fintech event, is convened by the Monetary Authority of Singapore (MAS). The 15 finalists will benefit from training, mentorship and collaboration opportunities from some of the Hackathons partners. The Hackathon witnessed an impressive array of innovative solutions in Healthcare, Digital Payments, Economic Recovery and General categories. The solutions presented targeted the health and economic dimensions of the pandemic. This included financing of Micro, Small and Medium Enterprises (MSMEs), cash transfers to vulnerable groups, enhancing agriculture value chains and COVID-19 contact-tracing. These solutions when scaled up will play an important role, not only in the context of the pandemic, but also in contributing to the implementation of the Sustainable Development Goals (SDGs). The pandemic has been a setback in implementation of the SDGs particularly in health and education. Innovation will be critical as we recoup the lost ground in achieving the SDGs. CBK will continue to work with MAS, fintechs, the financial sector and other stakeholders to support innovation in the battle against COVID-19 and implementation of SDGs. CENTRAL BANK OF KENYA August 31, 2020",Press Release,https://www.centralbank.go.ke/uploads/press_releases/1795300500_Press Release - Announcement of Africa Virtual Hackathon - 31.08.2020.pdf
,1971374177_Press Release   Ecobank Kenya Regulatory Action March 28 2022,"PRESS RELEASE REGULATORY ACTION AGAINST ECOBANK KENYA LIMITED The Central Bank of Kenya (CBK) has taken regulatory action against Ecobank Kenya Limited (Ecobank) for unsafe trading practices and breaches to the Prudential Guidelines on Foreign Exchange Exposure Limits in March 2022. In investigating Ecobanks trading practices and a specific transaction that it had concluded, it is evident that Ecobank did not have sufficiently robust risk controls to prevent breaches on its foreign exchange exposure limits, or the inaccurate reporting of its position. Against this backdrop, Ecobank is required to undertake the following  By Thursday, March 31, 2022, put in place a remedial plan to ensure the operational lapses that led to the non-compliance are addressed. The remedial plan should also point to specific measures to address the unsafe trading practices that led to the non- compliance and to enforce adherence to orderly conduct as stipulated in CBKs Guidelines on Foreign Exchange.  Reverse the amount of additional exposure that was created as a result of the regulatory breach.  Cease to transact as an authorised foreign exchange dealer in the Kenyan market from Tuesday, March 29, 2022, to Monday, April 4, 2022. During this time Ecobank cannot transact, inter alia, in the interbank foreign exchange market. However, all committed transactions as at March 28, 2022, can be settled. Ecobanks acknowledgement of its obligations as an authorised foreign exchange dealer and its commitment to address the underlying issues is noted. CBK reiterates the objective of building sound, fair and transparent financial markets, anchored in the law and according to global best practices. CENTRAL BANK OF KENYA March 28, 2022",Press Release,https://www.centralbank.go.ke/uploads/press_releases/1971374177_Press Release - Ecobank Kenya Regulatory Action March 28 2022.pdf
,1077140393_Press Release   Licensing,"PRESS RELEASE The Central Bank of Kenya (CBK) announces its intention to finalize the processing of licence applications for two institutions that had already been granted an approval in principle, as a first step to lifting the moratorium on licensing of new commercial banks. Both institutions were granted approval in principle by CBK before the moratorium was declared on November 17, 2015. Accordingly, DIB Bank Kenya Limited (In Formation) and Mayfair Bank Limited (In Formation) will take the remaining steps to finalise their license applications. DIB Bank Kenya Limited (In Formation) is a wholly owned subsidiary of the Dubai Islamic Bank PJSC, a leading sharia compliant bank from the United Arab Emirates. Mayfair Bank Limited (In Formation) is owned by a diverse group of Kenyan investors with interests in various sectors. The entry of these banks on the fulfillment of all the pre-licensing conditions will expand the range of banks business models and underscore Kenyas growing stature as a regional financial services hub. CENTRAL BANK OF KENYA March 13, 2017",Press Release,https://www.centralbank.go.ke/uploads/press_releases/1077140393_Press Release - Licensing.pdf
,Press_Release_ _Banking_Amendment_Bill_2015_Final,"PRESS RELEASE We have received informal notification through the media that the Banking (Amendment) Bill, 2015, was passed today by the National Assembly in its Third Reading. The Bill intends to regulate interest rates that are applicable to banks loans and deposits. While appreciating the underlying sentiments about the need to lower the overall cost of credit, we continue to express concern on the adverse consequences of capping interest rates. These would include, inefficiencies in the credit market, credit rationing, promotion of informal lending channels, and undermining the effectiveness of monetary policy transmission. We will continue to work with the National Assembly, the Government, the banking industry, and other stakeholders, to find an appropriate solution that sustainably reduces the cost of credit. CENTRAL BANK OF KENYA httpswww.centralbank.go.ke July 28, 2016",Press Release,https://www.centralbank.go.ke//images/docs/media/2016/Press_Release_-_Banking_Amendment_Bill_2015_final.pdf
,198712205_Joint Kba And Cbk Press Release   Kenya To Host Regional Digital Financial Inclusion Conference,"PRESS RELEASE KENYA TO HOST REGIONAL DIGITAL FINANCIAL INCLUSION CONFERENCE The Central Bank of Kenya (CBK) and the Kenya Bankers Association (KBA) will co-host the inaugural Euromoney Kenya Conference to be held on May 9, 2017 in Nairobi. The conference themed Financial Inclusion 2.0 Expanding Kenyas Digital Financial Ecosystem, will broadly discuss the development of digital business and the financial ecosystem in Kenya and Africa. The conference will also examine how innovative approaches and collaboration between finance and technology can create growth. As is widely recognized, financial inclusion holds the promise of harnessing collaboration between financial sector players, including financial service providers and technology service providers, to achieve social ends such as inclusive economic growth, sustainable development and poverty alleviation. The choice of Kenya as the country to host this conference reaffirms its global reputation of embracing innovative and disruptive technology as a tool for financial inclusion. This is expected to increase the countrys competitiveness and attract foreign direct investments. The country remains a front runner in financial inclusion through digital innovations. With five mobile telephone service providers, mobile penetration stood at 90 per cent as at December 2016, up from 84 per cent the previous year. This is not only closer to the global penetration rate, of 98.6 per but is also significantly higher than the average continental penetration rate of Africa of 76.2 per. This is in addition to other innovations such as M-Akiba and the recently launched KBA PesaLink, the first real time, 247 digital platform that interconnects all bank accounts across all channels. CBK and KBA are therefore keen to share Kenyas experiences and its potential to develop even further through greater automation of processes and product innovation. While Kenya has emerged as the hub for African innovation in technology, the conference will provide a platform for discussions on new fintech propositions for the base of the pyramid and millennial generations. The conference will bring together high level policymakers, business leaders, economists and financiers in a lively mix of speeches, panel discussions and interviews. CENTRAL BANK OF KENYA KENYA BANKERS ASSOCATION April 12, 2017",Press Release,https://www.centralbank.go.ke/uploads/press_releases/198712205_JOINT KBA AND CBK PRESS RELEASE - KENYA TO HOST REGIONAL DIGITAL FINANCIAL INCLUSION CONFERENCE.pdf
,1436912357_Century Mfb  Press Release,"PRESS RELEASE ACQUISITION OF CENTURY MICROFINANCE BANK LIMITED BY BRANCH INTERNATIONAL LIMITED The Central Bank of Kenya (CBK) announces the acquisition of 84.89 percent shareholding of Century Microfinance Bank Limited (Century MFB) by Branch International Limited (Branch) effective January 1, 2022. This follows CBKs approval on December 30, 2021, under Section 19 (4) of the Microfinance Act and approval by the Cabinet Secretary for the National Treasury and Planning on January 7, 2022, pursuant to Section 19(3)(b) of the Microfinance Act. Branch was incorporated in Kenya on April 2, 2015 and is wholly owned by Branch International Holding Ltd, a company incorporated in Mauritius. Branch International Holding Ltd is owned by Branch International Inc (BI), a company incorporated in the State of Delaware in the United States of America. Branch is one of the largest mobile application based lenders in the country and brings financial services to the emerging markets by leveraging on the power of technology. Branchs total assets stood at Ksh.1.1 billion as at December 31, 2020. Century MFB was licensed by CBK in September 2012, to carry out nationwide microfinance banking business. The MFB has two branches, one at the Head Office located along Moi Avenue, Nairobi and the other in Gikomba. It is categorised as a small microfinance bank with a market share of below 1 percent of the microfinance banking sector as at December 31, 2021. The institutions primary focus is provision of financial services to small holder farmers and small and medium enterprises (SMEs). Since the first MFB became operational in 2009, the Kenyan financial sector landscape has transformed significantly. This has been underpinned by advances in technology, innovation and customers drive towards Anytime Anywhere services. In response to this changing terrain, CBK has been working with MFBs to transform their operations. All MFBs formulated transformation plans in 2020, to adapt to the New Normal. These plans are anchored on review of business models to be customer centric, leveraging on technology and innovation, and strengthening capital and liquidity buffers. CBK welcomes this transaction that is a critical component of Century MFBs transformation plan. It will strengthen Century MFB and support the stability of the microfinance banking sector. CENTRAL BANK OF KENYA February 8, 2022",Press Release,https://www.centralbank.go.ke/uploads/press_releases/1436912357_Century MFB- Press Release.pdf
,Press Release Cbi 2013,"PRESS RELEASE CBK AUTHORIZES THE SIXTH REPRESENTATIVE OFFICE OF A FOREIGN BANK IN KENYA CENTRAL BANK OF INDIA LTD The Central Bank of Kenya (CBK) has granted authority to the Central Bank of India (CBI)1 to open a Representative Office in Kenya. The Authority, issued pursuant to Section 43 of the Banking Act (Cap 488), makes CBI the sixth foreign bank to be authorized by the Central Bank to establish a Representative Office in Kenya. CBI is a commercial bank that is substantially owned by the Government of India, which holds majority of the banks share capital with a network of over 4,200 branches and an asset base of over US  50 billion. CBI is headquartered in Mumbai and operates largely in India, its core activities being the provision of corporate and personal banking, investment banking and treasury services. In Africa, the bank has a presence in Zambia where it operates through a subsidiary which is engaged in commercial banking, both retail and corporate. In Kenya, under the Banking Act, a representative office of a foreign bank may engage in marketing and liaison roles in connection with the activities of its parent bank and affiliates but is not allowed to engage in banking business as defined in the Act. The newly authorized Representative Office will market the products and services of CBI to prospective customers in Kenya and the East African region, conduct market research and act as a liaison between CBIs head office and its customers in the region. Through its Representative Office in Kenya, CBI seeks to explore potential business opportunities in the country with a view to evaluating the prospects of a long-term regional presence. It is anticipated that the newly authorized Representative Office will facilitate and support the growing trade links between Kenya and India. The Central Bank of Kenyas authorization of a sixth Representative Office moves Kenya a step further in its endeavour to be part of an increasingly globalized financial sector. It is also a step closer towards realization of the Governments aspiration to turn the country into a regional financial hub as envisaged under Vision 2030. The Central Bank will continue to support the Ministry of Finance and the Government towards eventual realization of this goal. Ends CENTRAL BANK OF KENYA FEBRUARY 2013 1 The Monetary AuthorityCentral Bank of India is referred to as the Reserve Bank of India",Press Release,https://www.centralbank.go.ke//images/docs/media/2012/PRESS-RELEASE-CBI-2013.pdf
,706595395_Press Release   Chase Bank   Liquidation,"PRESS RELEASE LIQUIDATION OF CHASE BANK LIMITED (IN RECEIVERSHIP) 1. On April 7, 2016, the Central Bank of Kenya (CBK) appointed the Kenya Deposit Insurance Corporation (KDIC) as receiver for Chase Bank Limited pursuant to the provisions of Sections 43(1), 43(2) and 53(1) of the Kenya Deposit Insurance Act, 2012. 2. The appointment of KDIC as a receiver for Chase Bank Limited was done by CBK in the interest of the banks depositors, creditors and members of the public. 3. On April 20, 2016, KDIC appointed KCB Bank Kenya Limited (KCB) as Manager of Chase Bank Limited (In-Receivership) (CBLIR), with the concurrence and approval of CBK. This was intended to ensure the continued operations of CBLIR, leveraging on KCBs credentials as a strong bank with a solid brand, adequate human resources, and wide experience in the country. Consequently, CBLIR resumed limited banking operations in accordance with the Banking Act on April 27, 2016, under KCBs management. This enabled CBLIR customers to have immediate access to their deposits to a maximum of Ksh.1 million. On this basis, 162,970 deposit accounts equivalent to 97 percent of the depositors accessed their funds in full. 4. On August 17, 2018, 75 percent of the value of deposits at CBLIR and 75 percent of the value of assets were carved out and transferred to SBM Bank Kenya Limited (SBM Bank), a subsidiary of SBM Holdings Limited. This followed a transparent Expression of Interest process. The transaction enabled CBLIR depositors to access a significant portion of their frozen deposits. Following the carve out and transfer, KCBs management contract ended and KDIC continued managing the remaining 25 percent of the value of deposits along with other assets and liabilities that remained in CBLIR. 5. In September 2018, following the carve out and transfer to SBM Bank, CBK required KDIC to appoint an independent external auditor to carry out a comprehensive audit of CBLIR based on terms of reference approved by CBK, pursuant to Section 24 of the Banking Act and to provide additional basis for further actions. KDIC contracted the independent external auditor in December 2019. 6. The external auditor submitted the audit report to CBK in September 2020. CBK noted a number of gaps in the report and engaged KCB and KDIC. A significant number of the gaps were subsequently resolved. In February 2021, CBK requested KDIC to resolve all the pending gaps in 60 days. 7. On April 7, 2021, KDIC submitted the Receivers Report to CBK recommending that CBLIR be liquidated. The report indicates that considering the weak status of CBLIRs financial position, liquidation is the only feasible option. 8. CBK has assessed the recommendation by KDIC, and considered that liquidation would facilitate the orderly resolution of the residual assets and liabilities of CBLIR in accordance with the Laws of Kenya, to protect the interest of CBLIR depositors, its creditors, and the wider public interest. Subsequently, CBK has today, April 16, 2021 appointed the KDIC as liquidator of CBLIR in terms of Sections 53(2) and 54(1)(a) of the Kenya Deposit Insurance Act, 2012. 9. KDIC will release information about the liquidation of CBLIR and payment of depositors in due course. 10.Customers or any persons with claims or questions can call the KDIC on Tel No. 254 20 667000 0709 043000. Customers can also email on customerservicekdic.go.ke for more information. 11.For media inquiries, call 254 20 667000 0709 043000. CENTRAL BANK OF KENYA April 16, 2021 2",Press Release,https://www.centralbank.go.ke/uploads/press_releases/706595395_Press Release - Chase Bank - Liquidation.pdf
,2027969775_Press Release   New Generation Currency Appeal (005),"PRESS RELEASE NEW GENERATION BANK NOTES The Central Bank of Kenya (CBK) welcomes todays landmark judgement by the Court of Appeal, on the case that challenged elements of the High Courts decision of 9th April 2018, relating to the issuance of new generation bank notes. The Court of Appeal decision, taken together with the previous High Court decision, confirms that there was no proof of collusion (or any sweet heart deals) between the CBK and the successful bidder, De La Rue International Limited. Both judgements fully vindicate all aspects of the procurement process employed by the CBK. In particular 1. The Court of Appeal upheld all the grounds of CBKs appeal. 2. The entire procurement process (pre-qualification, design, printing and supply of the new currency) by CBK was conducted in accordance with the Constitution and the applicable laws. 3. The preference margin of 15 percent was properly applied by CBK in the evaluation of the bid that was placed by De La Rue International Limited. In addition, the application for preferential treatment and subcontracting was properly made by the successful bidder and there was no bar to sub-contracting. 4. The Law applicable to this procurement of currency is the Public Procurement and Asset Disposal Act of 2015. 5. CBK acted within the law in awarding the tender to De La Rue International Limited on 30th November 2017. The judgement of the Court of Appeal clears the way for CBK to proceed with the processes it had put in place for printing and supply of new generation bank notes. This legal challenge was the final hurdle that was stopping CBK from issuing the new generation bank notes. CBK will now reassess the timeline for the issuance of these bank notes, and will proceed with all due haste. CBK will continue this process in accordance with the Constitution and all applicable laws. CENTRAL BANK OF KENYA October 12 2018",Press Release,https://www.centralbank.go.ke/uploads/press_releases/2027969775_Press Release - New Generation Currency Appeal (005).pdf
,Press_Release_ _Eurobond,"PRESS RELEASE The Central Bank of Kenya (CBK) notes the statements made today with respect to the issuance and settlement of the funds from the Kenya Government Eurobond. CBK wishes to remind the public that it has acted in this matter according to its mandate as banker to the Government. CBK staff have also cooperated fully at all stages of the recent investigation on the Eurobond funds. As banker to the Government, CBK has provided all evidence requested by the investigating agencies on the receipts and disbursement of these funds. The allegations that CBK officials were involved in any misappropriation of these funds have no basis and is erroneous. Mr. Mohammed Nyaoga was appointed as Chairman of the CBK Board on 19th June 2015, and had no access to or participation in the Eurobond matter. CENTRAL BANK OF KENYA January 14, 2016",Press Release,https://www.centralbank.go.ke//images/docs/Media%20Clarifications/Responses/Press_Release_-_Eurobond.pdf
,825716068_Press Release   A Revolution In The Financing Of Msmes,"PRESS RELEASE A REVOLUTION IN THE FINANCING OF SMES In a move signaling a revolution in the financing of micro, small and medium scale enterprises (MSMEs) Central Bank of Kenya (CBK) Governor Dr. Patrick Njoroge led five commercial banks in launching the pilot phase of a mobile loan product targeting MSMEs. The mobile-based credit scheme is set to improve access to credit for small-to-midsize enterprises, which have been locked out of the formal credit market because of the informal nature of their records and lack of collateral for secured loans. The loan product, marketed under the name Stawi, will initially be managed by five banks  Commercial Bank of Africa Limited (CBA), the Cooperative Bank of Kenya Limited, Diamond Trust Bank Kenya Limited (DTB), KCB Bank (Kenya) Limited, and NIC Group PLC. Customers will access the loan through a mobile phone application. The money will then be credited to the customer wallet. Stawi offers unsecured loan products ranging from KSh30,000 up to KSh250,000 with repayment profiles of 1-12 months, at an interest of 9 percent per annum. Customers will be scored and advised of their credit limit. Additionally, they are eligible for a top-up functionality once 80 percent of the loan borrowed has been repaid or track record of three months repayment. Speaking during the launch at Gikomba Market, CBK Governor Dr. Patrick Njoroge said that this facility responds to the unique financing needs of MSMEs. He also emphasised that the sector is vital to the Kenyan economy, and the product could not have been launched at a more opportune time. Dr. Njoroge said Until now, lending to MSMEs has been constrained by the lack of reliable information to assess their creditworthiness. The innovation in this product is the use of all data on customers transactions to fill this gap. In that sense it is revolutionary. Dr. Njoroge added that the cooperation between the five banks will allow them to reach out to a growing number of small enterprises, promoting job creation and income generation, with a multiplier effect on the economy. Small and mid-size enterprises are the lifeblood of any economy, but many have struggled to secure the necessary financing to continue operations in the current economic climate, said Dr. Njoroge. We are excited to work with the five banks to minimize the complexity of developing new and more accessible loan offerings as they bring much- needed capital to this underserved yet vital segment of the market. The pilot phase will be two weeks and will involve 3,500 traders in the MSME sector. The second roll-out will be to 10,000 traders, who will be registered by Stawi agents and will be involved in the second round of tests for the app. We saw an opportunity to offer neglected yet viable Kenyan-based business additional financing options to continue day-to-day operations, and provide additional capital to maintain and establish long term growth, said KCB Group CEO Joshua Oigara. Partnering with the other banks has allowed us to bring a new business line to market while offering the necessary expertise and scalability to meet growing customer demand and strengthening MSME contribution to productivity and inclusive growth. Dr Gideon Muriuki, CEO of Cooperative Bank, said This is the first time we are having a loan with a single-digit interest rate and we hope that in the next phase, we will have all banks on board. John Gachora, the CEO of NIC Bank, said the banks rallied together after the CBK Governor asked for a way for them to fund SMEs. The Governor told us not to come here without a solution for you and we believe this one here will work for you, Mr Gachora told traders at Gikomba Market. Diamond Trust Bank CEO Nasim Devji said the product would come in handy for the thousands of traders who do not operate bank accounts but need access to loans at friendly rates to expand their businesses. We looked at a way to fill that gap and thats how the five of us got together to come up with Stawi. We welcome traders to take this up and to talk to us as we work to see that their financial challenges are eliminated, said Ms Devji. Jeremy Ngunze, the CEO of CBA, said they had established through research that the market is ready for the product. There are thousands of people who have bank accounts but we also know that there are many without. We believe that we have come up with a unique product that will be useful for a lot of those in business that will be accessible without having to go through a complex application process, said Mr Ngunze. CENTRAL BANK OF KENYA May 20, 2019",Press Release,https://www.centralbank.go.ke/uploads/press_releases/825716068_Press Release - A Revolution in the Financing of MSMEs.pdf
,2038836385_The Integrity Of Our Financial System   What Is At Stake,"The Integrity of our Financial System What is at Stake By Dr. Patrick Njoroge Kenya is at a crossroads. Geographically, it sits almost perfectly between East and West, North and South, which makes for a natural trade and financial hub. Kenya also has some of the most sophisticated financial infrastructure in Africa. Our laws and regulations, and the quality of our people and their constant innovation, make us one of the most attractive destinations for investment. However, these advantages also make Kenya a prime target for criminals, money launderers and terrorists. They seek to take advantage of our attributes, using them to execute their reprehensible deeds. The tragic terrorist incident on January 15, in which 21 innocent lives were ended, is a stark reminder of what can happen if we let down our guard even briefly. In undertaking grand corruption, the perpetrators seek to circumvent the existing laws and structures in order to move vast amounts of money through our financial system, to enable their malevolent intent. This too has devastating effects. At this stage, therefore, we should be seeking to tighten the implementation of these laws. We need to be strengthening the structures to make Kenya unattractive to people with criminal aspirations. Kenya is a member of regional bodies affiliated to the Financial Action Task Force (FATF), which is an intergovernmental body established three decades ago. It sets global standards and promotes effective implementation of legal, regulatory and operational measures for combating money laundering, terrorist financing and other related threats to the integrity of the international financial system. Within this framework, Kenya passed the Proceeds of Crime and Anti-Money Laundering Act (POCAMLA) in 2009, and operationalised it in 2010. This is one of the core pillars of our anti-money laundering and countering the financing of terrorism (AMLCFT) framework. The AMLCFT framework also has other elements, including the Prevention of Terrorism Act and Regulations (2013). Acting within its mandate, the Central Bank of Kenya updates its guidelines and regulations to banks. Thus, for example, CBK reminded banks to confirm several details from customers transacting more than KSh 1 million in cash. Most countries have similar requirements in place, and a similar threshold of USD 10,000. As I said recently in Parliament, more than 99 percent of bank accounts in Kenya hold less than KSh 1 million, so the vast majority of customers do not even encounter this requirement. Even for those who do  in the course of buying and selling land or property, or a motor vehicle  most find the requirement easy to fulfil. The documentation actually provides an extra layer of protection, which customers have said they value. Most find the requirement easy to fulfil. CBK has also been working with banks to innovate and further simplify these processes. What would happen were Kenya to do away with these requirements As we said, these and related requirements are aligned to the global AMLCFT framework. As a core member of the global financial system, Kenya would be announcing to the world that we are not interested in countering corruption, terrorism financing, or money laundering and other such crimes. Worse, we would be announcing to the world that we are a haven for criminal networks. Predictably, the rest of the world would disengage with Kenya and avoid dealing with our financial system. Even simple transactions we take for granted, such as sending and receiving money from abroad, using a credit card or making international payments, would be near-impossible. It would be almost impossible to pay for medical care outside Kenya, or school and university fees. Trade and financial flows would be greatly hampered. For the wider Kenyan economy, the consequences would be even more severe. With the injection of corruption gains and other illicit funds, the economy would simply suffer a seizure. The effect would dwarf that of the Goldenberg scandal, with its record inflation and triple-digit decline in the value of the Kenya shilling. What then, must we do We must not relent in the effort to safeguard our financial system from potential and actual attacks. Any legislative, legal or policy effort we make must be to strengthen, and not inadvertently weaken, the system we have worked so hard to build, and which has served Kenyans so well. The alternatives are far too ghastly to contemplate. Dr. Njoroge is the Governor of the Central Bank of Kenya",Press Release,https://www.centralbank.go.ke/uploads/press_releases/2038836385_The Integrity of our Financial System - What is at Stake.pdf
,418992344_Press Release   Payment To The Government Consolidate Fund,"PRESS RELEASE TRANSFER OF KSH.800 MILLION FROM CBKS GENERAL RESERVE FUND TO THE GOVERNMENT CONSOLIDATE FUND The Central Bank of Kenya (CBK) announces that it has today transferred to the Government Consolidated Fund Ksh.800 million as distribution from CBKs General Reserve Fund (GRF) as at end FY201718. This is in accordance with Sections 9 and 51 of the CBK Act, relating to the treatment of CBKs net annual profits, and following approval by the CBK Board. The transfer (loosely known as remitting of dividends) was executed by crediting the Ministry of Finances Deposit Account at CBK. In the context of its discussion of the Financial Statements 20172018, and having weighed the various factors as stipulated by law, the CBK Board recommended the transfer of Ksh.800 million to the Government Consolidated Fund from the CBKs GRF. This was also reported in the published Annual Report and Financial Statements 20172018. In making its determination in accordance with Sections 9 and 51 of the CBK Act, the CBK Board also considered CBKs financial needs with the objective of ensuring CBK is well-resourced to deliver on its mandate. In particular, GRF resources are needed for  Modernizing CBKs facilities and infrastructure in keeping with its mandate. The completion of the identified projects will play an important role in CBKs long- term health and viability, strengthening its operations in line with its responsibilities and changes in the financial sector.  Provision of new generation currency in line with the 2010 Constitution. CBK is mandated to issue new generation currency, with an expected cost of Ksh.15 billion.  Strengthening CBKs financial position to make it more resilient to shocks. CBKs paid-up capital has remained at Ksh.5 billion since 2009, despite the growth of the financial sector and a commitment in the context of the East African Community to increase it to Ksh.20 billion. CENTRAL BANK OF KENYA November 12, 2018",Press Release,https://www.centralbank.go.ke/uploads/press_releases/418992344_Press Release - Payment to the Government Consolidate Fund.pdf
,1869319264_Press Release   Acquisition Of Certain Assets And Liabilities Of Imperial Bank By Kcb Bank,"PRESS RELEASE ACQUISITION OF CERTAIN ASSETS AND LIABILITIES OF IMPERIAL BANK LIMITED (IN RECEIVERSHIP) BY KCB BANK KENYA LIMITED The Central Bank of Kenya (CBK) announces the acquisition of assets valued at Ksh.3.2 billion and assumption of liabilities of the same value of Imperial Bank (Kenya) Limited (In Receivership) (IBLIR) by KCB Bank Kenya Limited (KCB Bank) effective June 2, 2020. This follows approval by CBK on May 4 and the Cabinet Secretary for the National Treasury and Planning on May 14, 2020 pursuant to Section 9 of the Banking Act. From June 2, 2020, IBLIR depositors will be paid a total of Ksh.3.2 billion over a period of four years. Subsequently, the depositors will have cumulatively recovered 37.3 percent of the deposits since 2015 when payments were commenced. IBLIR is a privately owned commercial bank, currently under receivership. Founded in 1992 as a finance and securities company, IBLIR converted into a fully-fledged commercial bank in January 1996. It was placed under receivership on October 13, 2015 due to inappropriate banking practices and the Kenya Deposit Insurance Corporation (KDIC) appointed by CBK as the receiver. KCB Bank is a wholly owned subsidiary of KCB Group Plc which is a Kenyan non-operating holding company that owns banking subsidiaries in the East African region Uganda, Tanzania, Rwanda, Burundi, Ethiopia (representative office) and South Sudan. It is the largest bank in Kenya with a market share of 14.5 percent as at end March 2020. Further details on the payment process to IBLIR depositors will be provided by KDIC and KCB Bank. CBK welcomes this transaction that marks a significant milestone in the resolution of IBLIR and enhances banking sector stability. CENTRAL BANK OF KENYA May 22, 2020",Press Release,https://www.centralbank.go.ke/uploads/press_releases/1869319264_Press Release - Acquisition of Certain Assets and Liabilities of Imperial Bank by KCB Bank.pdf
,1760740861_Press Release   Caution Against False Information,"PRESS RELEASE CAUTION AGAINST FALSE INFORMATION The Central Bank of Kenya (CBK) is aware that malicious actors may attempt to circulate erroneous information on online and other channels about the banking system. The banking sector in Kenya remains stable and resilient, and is adequately capitalised. All customers should continue transacting as normal. CBK has not issued any press release, or other information with regard to the operation of the banking sector or any other element of its mandate. We thus advise the public to disregard any such purported information. The intent behind these malicious attempts is usually to induce panic, leading to action which may destabilise the market. We wish to emphasise that creating or circulating such information is in contravention of several laws including the Computer Misuse and Cybercrimes Act, and will lead to criminal prosecutions. All CBK press releases are published on our website (www.centralbank.go.kepress), and additionally on our social media channels including X (cbkkenya), LinkedIn (www.LinkedIn.comcompanyCentral- Bank-of-Kenya), Instagram and Threads (centralbankkenya) and on our WhatsApp Channel (httpswhatsapp.comchannel0029Va5HrcD4dTnNnTguwc24). We advise the public to double-check all releases on these platforms. CENTRAL BANK OF KENYA November 13, 2024 C2 CBK - Official",Press Release,https://www.centralbank.go.ke/uploads/press_releases/1760740861_Press Release - Caution Against False Information.pdf
,614832982_Public Notice   Invitation For Comments On The Draft Banking (Penalties) Regulations 2024,"(cid31)(cid30)(cid29)(cid28)(cid27)(cid26)(cid25)(cid24)(cid23)(cid22)(cid27)(cid26)(cid21) INVITATION FOR COMMENTS ON THE DRAFT BANKING (PENALTIES) REGULATIONS, 2024 Section 55 of the Banking Act requires the Central Bank of Kenya (CBK) to prescribe Regulations, penalties for the violation of the Banking Act, Regulations thereunder, the Prudential Guidelines or CBKs directions. In this regard, CBK has developed draft Banking (Penalties) Regulations, 2024, to provide a clear framework for assessing and levying of monetary penalties to promote compliance with banking laws and enhance integrity of the banking sector. The Draft Banking (Penalties) Regulations can be accessed on the CBK Website www.centralbank.go.ke Accordingly, CBK invites comments from the public on the draft Regulations through the email address fincentralbank.go.ke by Monday, March 18, 2024. Director Bank Supervision Department Central Bank of Kenya P. O. Box 60000 - 00200 Nairobi Email fincentralbank.go.ke Central Bank of Kenya February 2024 CENTRAL BANK OF KENYA  FEBRUARY 2024",Press Release,https://www.centralbank.go.ke/uploads/press_releases/614832982_Public Notice - Invitation for Comments on the Draft Banking (Penalties) Regulations 2024.pdf
,104465402_Press Release   Investigations Of Banks Related To National Youth Service Transactions,"PRESS RELEASE INVESTIGATIONS OF BANKS RELATED TO NATIONAL YOUTH SERVICE TRANSACTIONS The Central Bank of Kenya (CBK) has, with other investigative agencies, been investigating banks that were used by persons suspected of transacting illegally with the National Youth Service (NYS). This followed the serious concerns that came to light in May 2018, related to the channelling of NYS funds. CBK announces the conclusion of the first phase of the investigation of the banks that were used by these persons in transacting the NYS funds. The investigations prioritised banks that handled the largest flows, namely Standard Chartered Bank Kenya Ltd, Equity Bank Kenya Ltd, KCB Bank Kenya Ltd, Co-operative Bank of Kenya Ltd, and Diamond Trust Bank Kenya Ltd. The main objective of the investigations was to examine the operations of the NYS-related bank accounts and transactions, and in each instance assess the banks compliance with the requirements of Kenyas Anti-Money LaunderingCombating Financing of Terrorism (AMLCFT) laws and regulations. Violations were identified, principally related to the following  failure to report large cash transactions,  failure to undertake adequate customer due diligence,  lack of supporting documentation for large transactions, and  lapses in the reporting of Suspicious Transaction Reports (STRs) to the Financial Reporting Centre (FRC). CBK has assessed monetary penalties for each of the five banks in accordance with the extent of the violations that were identified and pursuant to CBKs powers under the Banking Act and the Central Bank of Kenya Act. These penalties are detailed below. Commercial Bank Amount received from NYS Assessed monetary penalty (Ksh. million) (Ksh. million) Standard Chartered Bank 1,628 77.5 Kenya Ltd. Equity Bank Kenya Ltd. 886 89.5 KCB Bank Kenya Ltd. 639 149.5 Co-operative Bank Kenya Ltd. 263 20.0 Diamond Trust Bank Kenya 162 56.0 Ltd. CBK has discussed the detailed findings with Boards of Directors and Senior Management of each of the banks. Each has expressed their strong commitment to be fully compliant on all aspects of the law, and addressing the identified lapses through time-bound Action Plans. These Actions Plans will be submitted to the CBK within fourteen (14) days and CBK will closely monitor their implementation. More generally, CBK will work with all other banks to ensure that these findings are also applied to strengthen all AMLCFT frameworks. The second phase of the investigations will involve use of these findings by other investigators, inter alia, assessment of criminal culpability by the Directorate of Criminal Investigations (DCI) and the Office of the Director of Public Prosecution (ODPP). CBK has shared the findings with the relevant investigative agencies for their appropriate action. Further, an additional set of banks will also be identified and investigated. The actions taken by CBK and subsequently by other agencies are aimed at safeguarding stakeholders interests and maintaining a healthy financial sector. CBK will continue to ensure that the banking sectors legal and regulatory framework, including for AMLCFT, is aligned to best practices. We will also continue to enforce strict adherence to the applicable laws and regulations, as the interests of the public, investors, and other stakeholders will be protected only in any environment that is governed by the rule of law. CENTRAL BANK OF KENYA September 12, 2018 2",Press Release,https://www.centralbank.go.ke/uploads/press_releases/104465402_Press Release - Investigations of Banks Related to National Youth Service Transactions.pdf
,1490223330_Press Release   Transfer Of Ksh. 5.5 Billion From Cbk General Reserve Fund To The Government Consolidated Fund,"PRESS RELEASE TRANSFER OF KSH.5.5 BILLION FROM CBKS GENERAL RESERVE FUND TO THE GOVERNMENT CONSOLIDATED FUND The Central Bank of Kenya (CBK) announces that it has today transferred to the Government Consolidated Fund Ksh.5,500,000,000 as distribution from CBKs General Reserve Fund (GRF). Inclusive of the exceptional distribution of Ksh.5,000,000,000 on February 17, 2021, the total distribution from CBKs General Reserve Fund for FY202021 amounts to Ksh.10,500,000,000. This distribution is in accordance with Sections 9 and 51 of the CBK Act, relating to the treatment of CBKs net annual profits, and followed approval by the CBK Board. The transfer (loosely known as remitting of dividends) was executed by crediting the Ministry of Finances Deposit Account at CBK. In the context of its discussion of the Financial Statements for 20202021, and having weighed the various factors as stipulated by law, the CBK Board authorized the additional transfer of Ksh.5.5 billion to the Government Consolidated Fund from the CBKs GRF. In making its determination, the CBK Board also considered CBKs financial needs with the objective of ensuring CBK is well-resourced to deliver on its mandate in the increasingly uncertain economic environment. In particular, GRF resources are needed for  Modernizing CBKs facilities and infrastructure in keeping with its mandate. The completion of the identified projects will play an important role in CBKs long- term health and viability, strengthening its operations in line with its responsibilities and changes in the financial sector.  Provision of new generation currency in line with the 2010 Constitution. CBK is mandated to issue new generation currency, with an expected cost of Ksh.15 billion.  Strengthening CBKs financial position to make it more resilient to shocks. To keep up with the significant growth of the financial sector and ensure that it can discharge its functions even in times of stress while sustaining its financial independence, CBK needs to increase its paid-up capital in the period ahead towards its authorized capital of Ksh.50 billion. CENTRAL BANK OF KENYA September 27, 2021",Press Release,https://www.centralbank.go.ke/uploads/press_releases/1490223330_Press Release - Transfer of Ksh. 5.5 Billion from CBK General Reserve Fund to the Government Consolidated Fund.pdf
,1144661822_Press Release   Mpc New Members,"PRESS RELEASE CBK WELCOMES FOUR NEW MEMBERS OF THE MONETARY POLICY COMMITTEE The Central Bank of Kenya (CBK) welcomes Dr. Benson Akongo Ateng, Dr. Margaret Kwengwa Chemengich, Prof. Jane Wanjiku Kabubo-Mariara and Mr. Humphrey Mugambi Muga, following their appointment on August 24, 2018 as members of the Monetary Policy Committee (MPC) of the Central Bank of Kenya.  Dr. Benson Akongo Ateng served in various roles at the World Bank, and is currently the Chairman of the Department of Economics and Development Studies at the Technical University of Kenya. Previously, Dr Ateng served as Chairman of the Board of a local commercial bank, and therefore has exposure on banking sector operations.  Dr. Margaret Chemengich has served in various public sector positions including as the Permanent Secretary in the Ministry of Trade, Industry and Tourism, Director of Statistics at the Kenya National Bureau of Statistics (KNBS), as well as at the National Treasury. She was also Chief Executive Officer of the Institute of Economic Affairs, and served on the Board of a local commercial bank.  Prof. Jane Kabubo-Mariara is the Executive Director of the Partnership for Economic Policy. She is a long-serving professor of Economics at the University of Nairobi, and has served as Director of the School of Economics at the University of Nairobi. Prof. Mariara has also served on the Board of the Kenya National Bureau of Statistics.  Mr. Humphrey Muga is a lecturer at the School of Business and Economics at the African International University. He worked at the CBK for many years, and served in the position of Deputy Director, Financial Markets and Banking Department, as well as Deputy Director, Human Resources. He also served as a Board member of the Capital Markets Authority. The new Members bring on board extensive experience in economic policy and banking sector matters, and will therefore enhance the MPCs role in formulating monetary policy. CENTRAL BANK OF KENYA September 26, 2018",Press Release,https://www.centralbank.go.ke/uploads/press_releases/1144661822_Press Release - MPC New Members.pdf
,Bsd Annual Report 2012 Press Release,"PRESS RELEASE BANK SUPERVISION ANNUAL REPORT 2012 Nairobi, Kenya (on 10th May 2013)  The Central Bank of Kenya (CBK) released the Bank Supervision Annual Report for 2012. The report which can be downloaded from www.centralbank.go.ke reviews the performance of the banking sector in 2012 and also highlights other significant developments. Releasing the report, the Governor of the Central Bank of Kenya, Professor Njuguna Ndungu noted that, The banking sector sustained its growth momentum in 2012. The assets base of the sector increased by 15.3 percent from Ksh. 2.02. trillion in December 2011 to Ksh. 2.33 trillion in December 2012. The sector also registered an increase in pre-tax profit by 20.6 percent to stand at Ksh. 107.9 billion in 2012. This performance was achieved notwithstanding the turbulences in the macroeconomic environment. During the year ended December 2012, Kenyan banks enhanced operations nationally and regionally. This was evidenced by the increase in the number of banks branches from 1,161 in December 2011 to 1,272 in December 2012. Banks now have a presence in all 47 counties. In 2012, an additional 111 branches were opened across the country. 53 of the branches were opened in Nairobi. With the implementation of the devolved system of government, it is anticipated that banks will open more branches in the counties. On the regional front, 11 Kenyan banks with 282 branches had operations in the EAC Partner States and South Sudan. In 2012, Kenyan banks opened an additional 59 branches outside Kenya. The report also highlights other notable developments in the legal and regulatory framework in 2012. The Proceeds of Crime and Anti-Money Laundering (Amendment) Act 2012 strengthened the provisions of the Proceeds of Crime and Anti-Money Laundering Act 2009. In addition, the Financial Reporting Centre (FRC), Kenyas financial intelligence unit was operationalized. Commenting on the sectors outlook for 2013, the Governor indicated that, the sectors growth momentum is expected to be supported by the increased regional expansion of Kenyan banks and exploitation of untapped huge domestic potential as the devolved county government system takes effect. The Central Bank will continue on its policy path of ensuring macroeconomic stability to foster a safe, sound and inclusive financial system. For more information please contact Communications Manager, Central Bank of Kenya E-mail commscentralbank.go.ke Tel 286 13713940",Press Release,https://www.centralbank.go.ke//images/docs/media/Press%20Releases/BSD-Annual-Report-2012-Press-Release.pdf
,1975885625_Press Release   Central Bank Of Kenya And Bank Of Mauritius Brainstorming Session,"PRESS RELEASE CBK AND BANK OF MAURITIUS HOLD BRAINSTORMING SESSION The Central Bank of Kenya and the Bank of Mauritius held a brainstorming session on Friday May 10, 2019, with a view to enhancing cooperation between the two central banks. Governor Dr Patrick Njoroge headed the delegation from the Central Bank of Kenya. Governor Yandraduth Googoolye led the discussion from the Bank of Mauritius perspective. The central banks exchanged views on banking sector matters, fintech developments, AMLCFT issues, and challenges of relevance to Kenya and Mauritius. They shared their experience on the current regulatory framework. The two institutions also closely examined areas of cooperation across a broad range of central banking issues where they can benefit from knowledge transfer. These include the conduct of joint inspections and information sharing, reserves management, auction of government securities, payment systems and fintech. The holding of joint seminars on areas of mutual interest was also one of the key themes on the agenda. Testimony to the strength of their collaboration, and the progress made during the discussions, the Bank of Mauritius and the Central Bank of Kenya will be meeting in the near future for another work session. The two institutions are eagerly looking forward to jointly elaborating and implementing cybersecurity protocols as well as currency management systems. At the end of the brainstorming session, Bank of Mauritius Governor Yandraduth Googoolye shared his appreciation regarding the spirit of close partnership between the Bank of Mauritius and the Central Bank of Kenya. This work session has enabled both central banks to fine tune and agree on a number of important elements for closer and stronger cooperation. This translates the cordial relationships that the Bank of Mauritius has been maintaining with the Central Bank of Kenya. It also underscores our respective ambitions to stand as beacons of central banking and governance in the region. For his part, Central Bank of Kenya Governor Dr Patrick Njoroge underlined the positive outcome of the brainstorming session. I am delighted with the open discussion and really impressed by the range and depth of issues discussed. This level of cooperation will lead to improvements in the discharge of our respective mandates. We thank Governor Googoolye and the Bank of Mauritius for the warm hospitality and look forward to continued cooperation between our two institutions. CENTRAL BANK OF KENYA BANK OF MAURITIUS May 13, 2019",Press Release,https://www.centralbank.go.ke/uploads/press_releases/1975885625_Press Release - Central Bank of Kenya and Bank of Mauritius Brainstorming Session.pdf
,2079968340_Cbk Celebrates Kenya'S Election To The Un Security Council,"PRESS RELEASE CBK CELEBRATES KENYAS ELECTION TO THE UN SECURITY COUNCIL The Central Bank of Kenya (CBK) joins the nation in celebrating Kenyas election to be a non-permanent member of the United Nations Security Council. The election will see Kenya sit on the Security Council for a two-year term beginning in 2021. CBK Governor Dr. Patrick Njoroge said The election affirms Kenyas continental leadership and its commitment to multilateralism. This is particularly important in the current context of the COVID-19 pandemic. Kenya will have an opportunity to introduce the African perspective in this crucial global body. I congratulate the team involved and especially the Ministry of Foreign Affairs, whose tireless efforts led to this important outcome. CENTRAL BANK OF KENYA June 19, 2020",Press Release,https://www.centralbank.go.ke/uploads/press_releases/2079968340_CBK Celebrates Kenya's Election to the UN Security Council.pdf
,546023682_Press Release   Expiry Of Emergency Measures To Facilitate Mobile Money Transactions And The Introduction Of Principles To Guide Pricing,"PRESS RELEASE EXPIRY OF EMERGENCY MEASURES TO FACILITATE MOBILE MONEY TRANSACTIONS AND THE INTRODUCTION OF PRINCIPLES TO GUIDE PRICING On March 16, 2020, the Central Bank of Kenya (CBK) announced emergency measures to facilitate increased use of mobile money transactions instead of cash, in the context of the COVID-19 (Coronavirus) pandemic. These measures ran until June 30, 2020, and were extended until December 31, 2020, after a review. A significant increase of mobile money usage has been noted over the period the measures have been in place, demonstrating that they were timely and effective. For instance, the monthly volume of person-to-person transactions increased by 87 percent between February and October 2020. Over this period the volume of transactions below Ksh.1,000 increased by 114 percent, while 2.8 million additional customers are using mobile money. Business-related transactions also recorded significant growth over the same period. CBK has reassessed the emergency measures with the objective of consolidating the gains made so far and also facilitate a transition towards sustainable growth of the mobile- money ecosystem. Following consultations with Payment Service Providers (PSPs), CBK will allow the emergency measures to expire on December 31, 2020, and PSPs will introduce revised pricing structures from January 1, 2021, with the following elements 1. There will be no charge for person-to-person transfers of up to Ksh.100 to any customer and network. 2. There will be no charges for transfers between mobile money wallets and bank accounts. 3. To facilitate the integration of Savings and Credit Societies (SACCOs) with the mobile money ecosystem, SACCOs regulated by the Sacco Societies Regulatory Authority (SASRA) may levy a charge for transfers between SACCO accounts and mobile money wallets. CBK will oversee these charges in the context of the products that banks and PSPs offer to SACCOs. 4. Going forward, PSPs will propose pricing structures that reflect the Pricing Principles that CBK has introduced (see Annex). These Principles aim to support the development of an efficient, safe and stable payments and mobile money ecosystem where the customer and public interests are adequately protected. It is noted that the wallet and transactions limits that were announced on March 16, 2020, will remain in force as was communicated earlier. CBK will continue to monitor developments in the payments ecosystem and take any necessary actions. CENTRAL BANK OF KENYA December 17, 2020 1 ANNEX  PRINCIPLES ON THE PRICING OF MOBILE MONEY SERVICES 1. Purpose To facilitate the development of an efficient, safe and stable electronic payments ecosystem where the customer and public interests are adequately protected. 2. Specific objectives (a) To increase access, usage and equity in provision of digital payments services (b) To improve transparency and disclosure in provision of digital payments services (c) To foster a business culture underpinned by the primacy of customers interest (d) To promote competitiveness and sustainable growth of digital payment services. 3. Basis These principles are issued by the Central Bank of Kenya (CBK) based on its mandate of promoting an efficient and effective payment system, and to issue advice and direction while paying due regard to, among other things, efficiency, integrity and public interest. 4. Principles 4.1. Customer centricity Adequate consideration of a customers needs, preferences and circumstances in the design, pricing and roll out of mobile money services. The primacy of the customer interest must be evident in how services are developed, priced and marketed. 4.2. Transparency and disclosure Clear description of charges, fees and charges that a customer will incur at the point of sale, are during use of the service. Terms and conditions should be in simple and legible language. Conflicts of interest ought to be disclosed, where there is a risk this will lead to mis-selling of inappropriate services to obtain commissions or fees. 4.3. Fairness and equity Provision and pricing of mobile money services in a manner that is proportional to the service provided and benefit obtained. Pricing policies and practices should pay due regard to the profile of customers and purpose of the underlying payment. 4.4. Choice and competition Customers should be presented with cost-effective options. Customers must be presented with mechanisms and channels that enable frictionless comparison, choice and switching, including resolution of complaints, particularly price-related ones, without undue delays. 4.5. Affordability Provision and pricing of services in a manner that is proportional to low-value and other public good related payments. Pricing policies need to strike a balance between short- term commercial targets and long-term sustainable growth. 2 5. Responsibility Responsibility for alignment and implementation of these principles rests on the Board of Directors of Payment Service Providers (PSPs). PSP Boards are required to (a) Champion these principles in their governance and oversight duties by setting the appropriate tone from the top that is aligned to the principles (b) Ensure formulation of internal policies and procedures that actualise the principles across their entire business operations (c) Hold management accountable for adherence to these principles by staff, business partners and agents associated with the PSP (d) Ensure timely and accurate submission of information, data and returns to the CBK as required from time to time. 6. Implementation and monitoring CBK has developed these principles as it embarks on the journey to anchor review of mobile money tariffs and charges based on the intended purpose and objectives above. Implementation will be carried on a gradual basis. CBK will be periodically engaging PSPs to ensure alignment, identify and promote best practice in implementation. CENTRAL BANK OF KENYA December 17, 2020 3",Press Release,https://www.centralbank.go.ke/uploads/press_releases/546023682_Press Release - Expiry of Emergency Measures to Facilitate Mobile Money Transactions and the Introduction of Principles to Guide Pricing.pdf
,1363484572_Press Release    Transfer Of Ksh.4 Billion From Cbk Grf To The Consolidated Fund,"PRESS RELEASE TRANSFER OF KSH.4 BILLION FROM CBKS GENERAL RESERVE FUND TO THE GOVERNMENT CONSOLIDATED FUND AND INCREASE IN CBKS PAID-UP CAPITAL The Central Bank of Kenya (CBK) announces that on September 12, 2022 it transferred to the Government Consolidated Fund Ksh.4 billion as distribution from CBKs General Reserve Fund (GRF) as at end FY202122. Concurrently, CBK increased its paid-up capital from Ksh.35 billion to Ksh.38 billion. The transfer (loosely known as remitting of dividends) and the capital increase followed approvals by the CBK Board. In the context of its discussion of the Financial Statements 20212022 and having weighed the various factors as stipulated by law, the CBK Board authorized the transfer of Ksh.4 billion to the Government Consolidated Fund. In making its determination, the CBK Board also considered CBKs financial needs with the objective of ensuring CBK is well-resourced to deliver on its mandate in the increasingly uncertain economic environment. In particular, GRF resources are needed for  Modernizing CBKs facilities and infrastructure in keeping with its mandate. The completion of the identified projects will play an important role in CBKs long-term health and viability, strengthening its operations in line with its responsibilities and changes in the financial sector.  Strengthening CBKs financial position to make it more resilient to shocks. Increasing the paid-up capital will cushion CBK against possible shocks or impairment from deficits, which could undermine its financial sustainability. Best practice for central banks is that the capital buffers and surplus distribution procedures should enable the central bank to pursue its functions even in times of stress while sustaining its financial independence. CBK needs to increase its paid-up capital in the period ahead towards its authorised capital of Ksh.50 billion. The increased paid-up capital to Ksh.38 billion strengthens CBKs financial position, enabling it to pursue its functions in a more volatile environment. Specifically, CBK will be able to better absorb losses that may arise from discharge of its functions provide confidence that it will meet its domestic obligations and cushion against shocks that may adversely affect its balance sheet. The transfer was in accordance with Sections 9 and 51 of the CBK Act, relating to the treatment of CBKs net annual surplus, and was executed by crediting the Ministry of Finances Deposit Account at CBK. The increase in paid-up capital was in accordance with Section 8(3) of the CBK Act and implemented through a transfer of funds from the GRF. CENTRAL BANK OF KENYA September 30, 2022",Press Release,https://www.centralbank.go.ke/uploads/press_releases/1363484572_Press Release -  Transfer of Ksh.4 billion from CBK GRF to the Consolidated Fund.pdf
,689527542_Press Release   Appointment Of Head Of Communications,"PRESS RELEASE APPOINTMENT OF NEW HEAD OF COMMUNICATIONS The Central Bank of Kenya (CBK) announces the appointment of Mr. Wallace G. Kantai to the position of Head of Communications. Wallace Kantai is a familiar media and communications professional, having recently left his position as Business Editor at NTV, one of Kenyas leading television stations. During his media career, Wallace has interviewed and interacted with many world and regional leaders, heads of global businesses, and policymakers. He has also served as moderator for a number of high level panels and conferences. Mr. Kantais experience extends beyond the media as he has also held positions in Information Technology sector, and in the non-profit and public relations fields in Kenya, South Africa and the United Kingdom. CBK welcomes Wallace to the Bank fraternity and looks forward to leveraging on his wide experience in the communications and related fields, in our efforts to ensure an open and vibrant exchange with members of the media and the public at large. CENTRAL BANK OF KENYA November 3, 2017",Press Release,https://www.centralbank.go.ke/uploads/press_releases/689527542_Press Release - Appointment of Head of Communications.pdf
,2044081907_Press Release   Issuance Of A Revised Risk Based Credit Pricing Model,"PRESS RELEASE ISSUANCE OF A REVISED RISK-BASED CREDIT PRICING MODEL The Central Bank of Kenya (CBK) announces the issuance of a revised Risk-Based Credit Pricing Model (RBCPM) for the banking sector. The final revised RBCPM follows a consultation period announced on April 23, 2025. Comments were received from diverse stakeholders including banks, development partners, industry associations, non-bank financial institutions, consultancy firms, academia, corporate firms and individuals. These comments were duly reviewed and considered in finalising the revised RBCPM. The objective of the revised RBCPM is to strengthen monetary policy transmission, enhance transparency in lending, and promote responsible lending by aligning credit pricing with the borrowers risk profiles. The final revised RBCPM is anchored on the overnight interbank average rate, now renamed the Kenya Shilling Overnight Interbank Average (KESONIA), to align it to the international best practices. The overnight interbank average rate (KESONIA) closely aligns with the policy rate (Central Bank Rate) under the current monetary policy implementation framework. Under the revised RBCPM  The total lending rate  KESONIA  Premium (K), where the premium includes the costs related to lending, return to shareholders, and the risk profile of the borrower.  The total cost of credit  KESONIA  K  Fees and Charges1. KESONIA will be applicable to all variable rate loans except for foreign currency denominated loans and fixed rate loans. Where KESONIA is not practical, customers may be availed the use of the Central Bank Rate (CBR) as the alternative reference rate. The revised RBCPM will take effect from September 1, 2025, for all newvariable rate loans. As for existing variable rate loans, the revised RBCPM will take effect from February 28, 2026, at the end of a 6-month transition period for finalisation of the necessary arrangements. To ensure transparency, the banks will publish on their websites and on the Total Cost of Credit (TCC) website, their weighted average lending rates, weighted average premium (K), and fees and charges for each of their lending products. The FrequentlyAsked Questions (FAQs) on KESONIA are attached as Appendix I. CENTRAL BANK OF KENYA AUGUST 26, 2025 1 Fees and Charges include origination, processing, negotiation, and commitment fees. C2 CBK - Official APPENDIX I FREQUENTLY ASKED QUESTIONS What is KESONIA  KESONIA stands for the Kenya Shilling Overnight Interbank Average. It is a transaction-based benchmark rate reflecting the average interest rate at which banks in Kenya lend and borrow unsecured overnight funds in Kenyan Shillings. Is KESONIA a new rate  No. KESONIA is a formal renaming of the existing overnight interbank average rate. The methodology remains unchanged and continues to reflect actual overnight interbank lending transactions. Why was the name changed  The name change aligns with international benchmark reform practices and provides a clearer identity for Kenyas risk-free reference rate, consistent with global standards such as the Sterling Overnight Index Average (SONIA) of UK, and the Secured Overnight Financing Rate (SOFR) of US. Does KESONIA affect how the overnight interbank weighted average rate is calculated  No. There are no methodological changes. The rate continues to be calculated as a volume- weighted average of overnight interbank transactions. What is KESONIA compounded in arrears  KESONIA compounded in arrears refers to calculating interest by compounding the daily overnight rate in each day over an interest period. Will KESONIA be the only rate in use  KESONIA will be applicable to all variable rate loans except for foreign currency denominated loans and fixed rate loans. Where KESONIA is not practical, the customers may be availed of the use of Central Bank Rate (CBR) as the alternative reference rate. What if KESONIA data is unavailable  Fallback to CBR is allowed for that period. Contracts should provide for this contingency. Is KESONIA a risk-free rate  Yes. It reflects overnight unsecured lending among banks, with minimal term or credit risk. 2 C2 CBK - Official Will contracts or systems need to be updated  Yes. Commercial banks will update internal documentation, system references, pricing models, and legal agreements to reflect the KESONIA naming convention going forward. What are the broader implications of adopting KESONIA  Adopting KESONIA supports a broader shift to international best practices on benchmark reference rate frameworks. It lays the foundation for further developments such as term rates, KESONIA-linked financial products, and a domestic derivatives market. Where will KESONIA be published  KESONIA will be published daily by the Central Bank of Kenya on its website and included in relevant market data feeds and reports. Does the KESONIA framework apply to existing loans and previously negotiated agreements  The revised RBCPM will take effect from September 1, 2025, for all new variable rate loans. As for existing variable rate loans, the revised RBCPM will take effect from February 28, 2026, at the end of a 6-month transition period for finalisation of the necessary arrangements. 3 C2 CBK - Official",Press Release,https://www.centralbank.go.ke/uploads/press_releases/2044081907_Press Release - Issuance of a Revised Risk-Based Credit Pricing Model.pdf
,1174744391_Press Release   Governor Awarded 'A' Grade By Global Finance Magazine,"PRESS RELEASE GOVERNOR AWARDED A GRADE BY GLOBAL FINANCE MAGAZINE The Governor of the Central Bank of Kenya (CBK), Dr. Kamau Thugge, CBS, has been awarded an A grade by the prestigious Global Finance magazine. The A grade is in recognition of the Governors leadership of the Central Bank of Kenya team in monetary policy and economic management. Global Finance awards grades based on an A to F scale for success in areas such as inflation control, economic growth goals, currency stability, interest rate management and political independence. (A represents an excellent performance, down through F for outright failure.) Dr. Thugge was named the Central Bank Governor of the Year by African Banker magazine in May 2024. The founder and editorial director of Global Finance, Joseph Giarraputo, said Most central bankers have spent the past few years battling inflation with their most effective tool higher interest rates, though their mandates may differ from country to country. As inflation recedes, were beginning to see the results of those tough policy decisions. Mr. Giarraputo added that Our annual Central Banker Report Cards recognize those leaders who have not only delivered results but done so with independence, discipline, and strategic foresight. The Governor commented This grade is a recognition of the hard work done by the team at the Central Bank of Kenya. In the past two years, we have had to take tough decisions in order to rein in inflation and manage the exchange rate. We are proud that these efforts have borne fruit. Over the past year, inflation has stayed below the target range, and the exchange rate has been stable against the major currencies. Interest rates have come down on treasury bills, along with the Central Bank Rate. The revised Risk Based Credit Pricing Model for the banking sector has been issued, and this will lead to enhanced transparency in lending and strengthen monetary policy transmission. Governor Thugge joins a distinguished cohort that includes Jerome Powell, the Chairman of the Federal Reserve in the United States, and other central bank governors including those from Denmark, Vietnam, Indonesia, Chile and Morocco. The award will be presented at a ceremony in Washington, DC in October, on the sidelines of the IMF World Bank Annual Meetings. CENTRAL BANK OF KENYA SEPTEMBER 23, 2025 C2 CBK - Official",Press Release,https://www.centralbank.go.ke/uploads/press_releases/1174744391_Press Release - Governor Awarded 'A' Grade by Global Finance Magazine.pdf
,957591347_Press Release   Acquisition Of Uwezo Mfb,"PRESS RELEASE ACQUISITION OF UWEZO MICROFINANCE BANK LIMITED BY SALAAM AFRICAN BANK The Central Bank of Kenya (CBK) announces the acquisition of 100 percent shareholding of Uwezo Microfinance Bank Limited (Uwezo MFB) by Salaam African Bank (SAB) of Djibouti effective March 25, 2021. This follows CBKs approval on December 24, 2020 under Section 19(4) of the Microfinance Act and approval by the Cabinet Secretary for the National Treasury and Planning on January 12, 2021, pursuant to Section 19(3)(b) of the Microfinance Act. SAB was established in Djibouti in 2007 and is licensed and regulated by the Central Bank of Djibouti as one of the three (3) Islamic banks in Djibouti. The bank, which holds 30 percent of the total bank accounts in Djibouti, has the highest number of branches and Automated Teller Machines (ATMs) in Djibouti. SAB has a presence in Ethiopia through a representative office and in Kenya through an investment bank licensed by the Capital Markets Authority. Uwezo MFB was licensed by CBK on November 8, 2010 as a community microfinance bank carrying out business in Starehe Division of Nairobi County. The institution was granted approval to upgrade to a nationwide microfinance bank in December 2015. Uwezo MFB had a market share of 0.45 percent of the microfinance banking sector and was ranked 10 out of 14 MFBs as at March 31, 2021. It has one branch in Nairobi. CBK welcomes this transaction which will strengthen the business model of Uwezo MFB and enhance the resilience of Kenyas microfinance banking sector. CENTRAL BANK OF KENYA May 20, 2021",Press Release,https://www.centralbank.go.ke/uploads/press_releases/957591347_Press Release - Acquisition of Uwezo MFB.pdf
,606032834_Press Release   Launch Of The Money Laundering And Terrorism Financing National Risk Assessment Report,"PRESS RELEASE LAUNCH OF THE MONEY LAUNDERING AND TERRORISM FINANCING NATIONAL RISK ASSESSMENT REPORT The Central Bank of Kenya (CBK) welcomes the launch today, of the Money Laundering and Terrorism Financing National Risk Assessment Report (NRA). The main objective of the NRA was to identify, understand and assess Kenyas Money Laundering (ML) and Terrorism Financing (TF) risks at a national and sectoral level. The NRA was carried out by a Taskforce gazetted in 2019, through a consultative process aligned to international Anti-Money LaunderingCombatting Financing of Terrorism (AMLCFT) standards, involving both the public and private sectors. CBK was honoured to support the Taskforce as its Joint Secretary with the Financial Reporting Centre. The NRA report notes that Kenya has a relatively robust AMLCFT legal and institutional framework that is largely aligned to international standards. Additionally, it identifies some gaps in the framework. The findings of the report will inform the strengthening of Kenyas AMLCFT regime, as contained in the National AMLCFT Strategy and Action Plan (Strategy and Action Plan) issued concurrently with the report. The NRA assessed the banking sector as having the highest impact on Kenyas MLTF risk profile due to the pivotal role it plays in facilitating payments, trade and investments in Kenya and the region. CBK as the primary regulator of the sector has worked with other players over the years to strengthen its AMLCFT supervisory and regulatory framework. This includes by issuing Guidance on AMLCFT Institutional Risk Assessment by banks in 2018. In addition, CBK conducted a demonetization exercise in 2019, of the old generation Ksh.1,000 note to address the grave concerns of illicit financial flows and counterfeits. CBK is committed to continue working with the sector and other players in implementing the actions indicated in the Strategy and Action Plan to strengthen the banking sector AMLCFT supervisory and regulatory framework. This will play a critical role in maintaining and enhancing Kenyas standing as a premier financial services hub in Eastern Africa. CENTRAL BANK OF KENYA July 27, 2022",Press Release,https://www.centralbank.go.ke/uploads/press_releases/606032834_Press Release - Launch of the Money Laundering and Terrorism Financing National Risk Assessment Report.pdf
,409804526_Press Release  Bahl Rep Office  April 2018,"PRESS RELEASE AUTHORIZATION OF THE REPRESENTATIVE OFFICE OF BANK AL HABIB LTD OF PAKISTAN IN KENYA UNDER THE NAME BAHL-REPRESENTATIVE OFFICE The Central Bank of Kenya (CBK) announces the granting of authority to Bank Al-Habib Ltd of Pakistan (BAHLP) to open a Representative Office in Kenya by the name BAHL  Representative Office. The name to be used by the Kenyan Representative Office is different from that of the parent in order to distinguish it from two Kenyan banks that bear the word Habib in their names. These are Habib AG Zurich and Habib Bank Ltd which was acquired by Diamond Trust Bank Ltd in 2017. The authority to open a Representative Office is granted pursuant to Section 43 of the Banking Act and follows the fulfilment by BAHLP, of the stipulated authorisation requirements. Representative Offices of foreign banks serve as marketing and liaison offices for their parent banks and affiliates and are not permitted to undertake banking business. BAHLP is a commercial bank headquartered in Pakistan which offers retail and corporate banking, as well as international trade finance services. In addition to its operations in Pakistan, BAHLP also has a presence in Bahrain, the Seychelles, China, Turkey and the United Arab Emirates. The Representative Office in Kenya is BAHLPs first entry to Africa. BAHLRepresentative Office will explore business opportunities in Kenya and the wider East and Central African region as part of BAHLPs long-term global expansion strategy. The Representative Office will also seek to promote growth in trade between Kenya and Pakistan. CENTRAL BANK OF KENYA APRIL 18, 2018",Press Release,https://www.centralbank.go.ke/uploads/press_releases/409804526_PRESS RELEASE- BAHL REP OFFICE -APRIL 2018.pdf
,Press_Release Rabobank_Ltd,"PRESS RELEASE CBK GRANTS AUTHORITY TO RABOBANK NEDERLAND TO OPEN A REPRESENTATIVE OFFICE IN KENYA The Central Bank of Kenya (CBK) has granted authority to Rabobank Nederland to open a Representative Office in Kenya. The authority was granted pursuant to Section 43 of the Banking Act. Rabobank Nederland is a cooperative bank owned by local cooperatives in Netherlands. Apart from offering financial services to its member cooperatives, Rabobank Nederland, which is licensed and supervised by the Central Bank of Netherlands (De Nederlandsche Bank), also offers universal banking services to the public. Rabobank has presence in 43 countries across Europe, Asia, South America and Africa. In Africa, Rabobank has invested through local banks in Zambia, Tanzania, Rwanda and Mozambique. Representative Offices of foreign banks serve as marketing and liaison offices for their foreign parent banks and affiliates and are not permitted to undertake banking business. In this regard, as Rabobank Nederland Representative Office in Kenya discharges its marketing and liaison roles, it will also undertake market research to explore business opportunities to inform the long-term strategy of the bank in Kenya and the region. The Representative Office is also expected to support and deepen the growing trade relationship between Kenya and Netherlands. The Kenyan banking sector has continued to attract the attention of global banking sector players, which indicates the existence of unexploited business opportunities in the sector. The entry of international players into the Kenyas banking sector, contributes towards the sectors vision under Vision 2030 of creating a vibrant and globally competitive financial sector. The variety of financial products on offer and the resultant competition are envisaged to promote efficiency and accessibility of the banking sector. The Central Bank will continue to provide an enabling legal and regulatory environment to spur the growth and stability of the banking sector. Ends. CENTRAL BANK OF KENYA JUNE 2014 For further details please contact i. Communications Office Tel.254-020-286139528613722863940 Email commscentralbank.go.ke ii. Mr. Samson Burgei  Communications Office Tel. 254-020-2861371 Email BurgeiSKcentralbank.go.ke",Press Release,https://www.centralbank.go.ke//images/docs/PRESS_RELEASE-RABOBANK_LTD.pdf
,"1858321818_Press Release   Patrick Njoroge Is 2018 Central Banker Of The Year, Africa","PRESS RELEASE CBK GOVERNOR DR. PATRICK NJOROGE IS 2018 CENTRAL BANKER OF THE YEAR, AFRICA The Governor of the Central Bank of Kenya, Dr. Patrick Njoroge, has been recognised as the Central Banker of the Year, Africa by the prestigious The Banker Magazine, a publication of the Financial Times group. The Bankers Central Banker of the Year 2018 awards celebrate the officials that have best managed to stimulate growth and stabilise their economy. In its citation of the award to Dr. Njoroge, The Banker wrote In a financial services market as large and as complex as Kenyas, it helps to have a steady hand leading the apex bank. Dr Patrick Njoroge is just that. The citation continues Since being appointed as central bank governor in July 2015, he has acted swiftly to clean up the countrys banking sector, improve supervision and guidance measures, and spearhead efforts to position Kenya as a hub for green finance. Monetary policy has remained stable and effective since late 2016 and inflation has generally remained within or close to the banks target range. The citation concludes The governors prudence and long-term vision for Kenyas economy and banking sector ensured that he scooped the Central Bank Governor of the Year award for Africa. CENTRAL BANK OF KENYA January 15, 2018",Press Release,"https://www.centralbank.go.ke/uploads/press_releases/1858321818_Press Release - Patrick Njoroge is 2018 Central Banker of the Year, Africa.pdf"
,812051739_Press Release   Investigations Into Banks Associated With Nys Transactions,"PRESS RELEASE INVESTIGATIONS OF BANKS RELATED TO NATIONAL YOUTH SERVICE TRANSACTIONS The Central Bank of Kenya (CBK) announces the completion of its review of the responses by commercial banks that it requested on September 21, 2018, in the context of the first phase of investigations of banks that were used by persons suspected of transacting illegally with the National Youth Service (NYS). The responses relate to the CBKs assessment of the associated penalties and Action Plans to address the identified lapses. CBK welcomes the submitted Action Plans which will strengthen the banks anti-money laundering and countering of financing of terrorism (AMLCFT) frameworks. CBK will monitor the implementation of the Action Plans and notes the strong commitment expressed by the banks to be fully compliant with all aspects of the law. CBK has reviewed each banks response to the penalty assessment and has concluded that the submissions were not sufficient to alter the findings of the investigations and the penalties assessed. Consequently, CBK has levied the penalties as assessed. As was earlier announced, the investigations prioritised banks that handled the largest flows, namely Standard Chartered Bank Kenya Ltd, Equity Bank Kenya Ltd, KCB Bank Kenya Ltd, Co-operative Bank of Kenya Ltd, and Diamond Trust Bank Kenya Ltd. At that time, CBK assessed monetary penalties for each of the five banks in accordance with the extent of the violations that were identified and pursuant to CBKs powers under the Banking Act and the Central Bank of Kenya Act. The actions taken by CBK are aimed at safeguarding stakeholders interests and maintaining a healthy financial sector. CENTRAL BANK OF KENYA November 16, 2018",Press Release,https://www.centralbank.go.ke/uploads/press_releases/812051739_Press Release - Investigations into Banks Associated with NYS Transactions.pdf
,Press_Release_ _Kba_Moufinal,"PRESS RELEASE COMMERCIAL BANKS MOU TO LOWER INTEREST RATES At a Press Conference held this morning, the Central Bank of Kenya (CBK) received a seven-point Memorandum of Understanding (MOU) from the banking sector, through its umbrella body the Kenya Bankers Association (KBA). The MOU outlines certain steps that all banks commit to take in a bid to lower interest rates, consistent with the expectations of their customers. In particular, banks have committed under the MOU, to reduce their lending rates in line with the reductions in the CBR and the KBRR, announced in the recent meetings of the Monetary Policy Committee (MPC). Banks have also committed, inter alia, to eliminate some non-interest charges that hinder customers from gainfully benefiting from positive market developments. The MOU will be made available on the KBA website www.kba.co.ke. The CBK welcomes this move. It is a step in the right direction, consistent with the CBKs stand on the importance of banks acting in the best interest of their customers and in line with prevailing market conditions. This step will also allow for interest rates to be more responsive to market conditions. The CBK will keenly monitor implementation of the MOU and communicate performance in a transparent manner. Nonetheless, this is just the beginning of a long journey. More needs to be done as banks continue reviewing their business models and improving their products, in order to give rise to lower interest rates in the period ahead. The CBK will also spearhead additional reforms that will support a further reduction in the cost of credit. CENTRAL BANK OF KENYA www.centralbank.go.ke August 10, 2016",Press Release,https://www.centralbank.go.ke//images/docs/media/2016/PRESS_RELEASE_-_KBA_MOUfinal.pdf
,1903212880_Press Release   Memorandum Of Understanding Between The Central Bank Of Kenya And E4Impact Foundation,"PRESS RELEASE MEMORANDUM OF UNDERSTANDING BETWEEN THE CENTRAL BANK OF KENYA AND E4IMPACT FOUNDATION The Central Bank of Kenya (CBK) and E4Impact Foundation (E4Impact) announce the entering into a Memorandum of Understanding (MoU) to support Kenyan financial technology (fintech) start-ups and enterprises. This will be through access to customized capacity building, linkages to investors, markets and ecosystem partners in Kenya, Africa and globally. The MoU builds on the partnership between CBK and E4Impact during the Virtual Africa Hackathon organized by CBK in August 2020. The hackathon focused on solutions to support Africas post COVID-19 recovery. CBK has continued to work with the fintechs and start-ups that participated in the hackathon as they crystallize their ideas. The MoU will leverage on programs run by the two organizations. These include the E4Impact Accelerator Program, the Afro-Asia Fintech Festival and the Annual Hackathon hosted by CBK and the Monetary Authority of Singapore (MAS). We welcome the opportunity to strengthen our commitment to supporting Kenyan enterprises with their business growth and market development, said Prof. Mario Molteni  CEO, E4Impact. Dr. Patrick Njoroge, Governor, CBK noted, Technology and Innovation offer great promise in ensuring the shared prosperity of our citizens. Emerging fintechs and start-ups need to be nurtured to sustainably play their role in the increasingly pervasive digital finance ecosystem. CENTRAL BANK OF KENYA E4IMPACT FOUNDATION April 26, 2021 Press Enquiries Wallace Kantai, Central Bank of Kenya Telephone 254 20 2861399 Email commscentralbank.go.ke Mercy Kimalat, E4Impact Foundation Telephone 254- 729-327-218 Email accelerator.kenyae4impact.org About Central Bank of Kenya The Central Bank of Kenya is a public institution established under Article 231 of the Constitution of Kenya, 2010. The Bank is responsible for formulating monetary policy to achieve and maintain price stability and issuing currency. Pursuant to the CBK Act, the Central Bank promotes financial stability through regulation, supervision and licensing of financial institutions under its mandate. The Bank also provides oversight of payment, clearing and settlement systems. All these efforts are geared towards fostering liquidity, solvency and proper functioning of the financial system. The Bank also formulates and implements foreign exchange policy and manages foreign exchange reserves. CBK is the banker for, adviser to, and fiscal agent of the Government. About E4Impact Foundation E4Impact Foundation is the leading Alliance of Universities, Companies and Institutions to grow a new generation of African impact entrepreneurs and to promote partnerships between Europe and Africa. Its main objective is to enhance the sustainable development of fast- growing economies by training impact entrepreneurs and scaling the growth of their businesses. E4Impact currently offers its programs in 17 African countries with a goal of supporting over 3,000 entrepreneurs, and establishing 1,000 new enterprises and thousands of new jobs in the formal economy. For detailed information on the organisations mandate, structure, and entrepreneurship programs, visit httpwww.e4impact.org. 2",Press Release,https://www.centralbank.go.ke/uploads/press_releases/1903212880_Press Release - Memorandum of Understanding between the Central Bank of Kenya and E4Impact Foundation.pdf
,Dubaibankpressrelease,"PRESS RELEASE DUBAI BANK KENYA LIMITED 1. The Central Bank of Kenya (CBK) has today, Friday 14th August 2015, appointed the Kenya Deposit Insurance Corporation (KDIC) as a receiver for Dubai Bank Kenya Limited for a period of twelve months, pursuant to the provisions of Sections 43(1), 43(2) and 53(1) of the Kenya Deposit Insurance Act, 2012. Dubai Bank Kenya Limited was issued with a banking licence in April 2000. 2. The appointment of KDIC as a receiver for Dubai Bank Kenya Limited has been carried out in the interest of its depositors, creditors and members of the public. 3. Section 43(2) of the Kenya Deposit Insurance Act, 2012 requires CBK to appoint the KDIC as a receiver of a bank, if, among others, an unsafe or unsound condition to transact exists a bank is likely to fail to meet its financial obligations, a bank has substantially insufficient capital or if there is a violation of any law or regulation. 4. Dubai Bank has been experiencing serious liquidity and capital deficiencies which have raised the CBKs concerns that it will most likely not be able to meet its financial obligations as and when they fall due. 5. One of the CBKs primary role as a regulator is to foster the liquidity, solvency and proper functioning of a stable market-based financial system. CBK has closely monitored Dubai Banks daily cash reserve ratio from 14th July 2015 when the bank began breaching its daily cash reserve ratio requirements. 6. CBK has also been in contact with Dubai Bank to attempt to redress the situation but there has been no compliance by the bank and its cash reserve ratios have continued to deteriorate. The non-compliance with the cash reserve ratios has to date attracted a total penalty of Ksh.5,395,721.03. 7. Owing to the consistently deteriorating cash reserve ratio position of Dubai Bank and its failure to honour financial obligations, including Ksh.48.18 million due to Bank of Africa Kenya Limited, the CBK is of the considered opinion that the bank will most likely fail to meet its financial obligations in the normal course of business. 1 8. CBK as a prudential regulator has considered and determined that Dubai Banks violations of banking laws and regulations, including failure to maintain adequate capital and liquidity ratios as well as provisions for non-performing loans and weak corporate governance structures is detrimental to the interests of its depositors, creditors and the public. 9. In light of the above, CBK has been compelled to act and appoint the Kenya Deposit Insurance Corporation (KDIC) as receiver for the bank in terms of Sections 43(1), 43(2) and 53(1) of the Kenya Deposit Insurance Act effective Friday, 14th August 2015 for a period of twelve months. 10. The KDIC will release information about the resolution of Dubai Bank Kenya Limited in due course. 11. Customers with questions can call the KDIC on Tel. No. 0770 887992. Customers can also contact KDIC on email kdiccommunicationsdepositinsurance.go.ke for more information. 12. For media inquiries, call 0770 887992. 13. The Central Bank of Kenya remains committed to fostering banking system stability and will exercise its supervisory mandate in a fair and even handed manner. CENTRAL BANK OF KENYA 14th August 2015 2",Press Release,https://www.centralbank.go.ke//images/docs/media/2015/DubaiBankpressrelease.pdf
,780195609_Press Release   Appointment Of Governor Dr Kamau Thugge,"PRESS RELEASE APPOINTMENT OF GOVERNOR DR. KAMAU THUGGE E.B.S., M.B.S., C.B.S. The Central Bank of Kenya (CBK) welcomes Dr. Kamau Thugge E.B.S., M.B.S., C.B.S., as its tenth Governor. This follows his appointment by His Excellency President William Samoei Ruto, PhD., C.G.H. Dr. Thugge has taken office today. Dr. Thugge has had a long and distinguished career in the international and Kenyan public service. He worked in the International Monetary Fund (IMF) in both policymaking and non-policymaking departments. These include the Policy Review and Development Department and the Trade Policy Division. In these roles, Dr. Thugge helped to design the Highly Indebted Poor Countries Initiative (HIPC) as well as other policy initiatives. He also worked on various Article IV missions. Dr. Thugge also served as Mission Chief to Botswana and Lesotho in the wake of the Global Financial Crisis. Dr. Thugge has held various senior roles in Kenya, including as the Head of the Fiscal and Monetary Affairs Department at the National Treasury, as Economic Secretary and as Senior Economic Advisor. Dr. Thugge also served as Principal Secretary at the National Treasury, and lately as Senior Advisor to the President and Head of Fiscal and Budget Affairs. Dr. Thugge helped to design and implement various laws including the Public Finance Management Act, the Commission on Revenue Allocation Act, the Independent Officers (Appointment) Act, the Public Procurement and Disposal of Assets Act, and many more. In these roles, he also served on various boards including that of the Central Bank of Kenya, the Monetary Policy Advisory Committee (and later the Monetary Policy Committee), the Kenya Revenue Authority and the Capital Markets Authority. The Governor holds a Bachelors Degree from Colorado College, and Masters and PhD Degrees in Economics from Johns Hopkins University in the United States. CENTRAL BANK OF KENYA June 19, 2023",Press Release,https://www.centralbank.go.ke/uploads/press_releases/780195609_Press Release - Appointment of Governor Dr Kamau Thugge.pdf
,"1982682049_Mpc Press Release   Meeting Of October 8, 2024","BANKI CENTRAL KUU YA BANK OF GOVERNOR KENYA KENYA Haile Selassie Avenue P. O. Box 60000-00200 Nairobi, Kenya Telephone 254 20 2861003 PRESS RE LEASE MONETARY POLICY COMMITTEE MEETING The Monetary Policy Committee (MPC) met on October 8, 2024, and reviewed the outcomes of its previous decisions and measures implemented to anchor inflationary expectations and maintain exchange rate stability. The Committee met against a backdrop of an improved global outlook for growth, continued easing of inflation in advanced economies, and persistent geopolitical tensions, and noted that  Global growth continues to recover, supported by stronger-than-expected growth in the United States, strong growth in some large emerging market economies such as India, and improved growth prospects in the United Kingdom. The main risks to the global growth outlook relate to further escalation of geopolitical tensions particularly the conflict in the Middle East. Global inflation has continued to moderate, with central banks in the major economies including the US Federal Reserve, lowering interest rates. International oil prices have moderated, but the risk from the Middle East conflict remains elevated following the recent escalation of tensions. Food inflation has risen slightly, mainly driven by higher edible oil prices.  Kenyas overall inflation declined to 3.6 percent in September 2024 from 4.4 percent in August, thereby remaining well below the mid-point of the target range. Food inflation declined to 5.1 percent in September from 5.3 percent in August, mainly reflecting lower vegetables price inflation attributed to declines in prices of key items including tomatoes, cabbages, onions, and potatoes. Fuel inflation declined to 1.1 percent in September from 4.7 percent in August, mainly due to lower electricity and pump prices. Non-food non-fuel (NFNF) inflation eased to 3.4 percent in September from 3.5 percent in August, reflecting the lagged effects of previous monetary policy tightening. Overall inflation is expected to remain below the mid-point of the target range in the near term, supported by lower food inflation owing to improved supply from the ongoing harvests, a stable exchange rate, and stable fuel prices.  The recently released GDP data for the second quarter of 2024 showed a slowdown in the performance of the Kenyan economy, with real GDP growing by 4.6 percent compared to 5.6 percent in the second quarter of 2023. This slowdown mainly reflected deceleration in growth in most sectors of the economy. The projected growth of the economy in 2024 has therefore been revised to 5.1 percent from 5.4 percent. The resilience of key service sectors, robust performance in agriculture and improved exports are expected to continue supporting growth. This outlook is subject to risks including the escalation of geopolitical tensions.  The September 2024 Agriculture Sector Survey shows that majority of respondents expect inflation to either remain unchanged or decrease in the next three months, on account of improved food supply with the ongoing harvests, the stable exchange rate, and reductions in pump prices. Nevertheless, some respondents expect moderate upward pressure on prices of most fresh vegetables from October on account of seasonal factors mainly relating to dry weather conditions in most parts of the country.  The CEOs Survey and Market Perceptions Survey which were conducted ahead of the MPC meeting revealed sustained optimism about business activity and economic growth prospects for the next 12 months. The optimism was attributed to the stable macroeconomic environment reflected in the low inflation rate and stability in the exchange rate, expectations of a decline in interest rates, continued strong performance of agriculture, resilience of the services sector, and improved global growth prospects. Nevertheless, respondents expressed concerns about high cost of doing business, subdued consumer demand, and high cost of credit.  The current account deficit is estimated at 3.8 percent of GDP in the 12 months to August 2024, compared to 3.7 percent of GDP in a similar period of 2023, and is projected at 4.0 percent of GDP in 2024. Goods exports increased by 8.8 percent in the 12 months to August 2024 compared to a similar period in 2023, reflecting increased exports of agricultural commodities and re-exports. Exports of tea, and vegetables and fruits increased by 3.9 percent and 14.1 percent, respectively, while re-exports were 73.5 percent higher in the period. Exports were 14.4 percent higher in the first eight months of 2024 compared to a similar period in 2023. Goods imports increased by 3.8 percent in the 12 months to August 2024 compared to a similar period of 2023, reflecting increases in machinery and transport equipment, crude materials, and miscellaneous manufactures. Imports were 7.3 percent higher in the first eight months of 2024 compared to a similar period in 2023. Tourist arrivals improved by 21.0 percent in the 12 months to August 2024 compared to a similar period in 2023. Remittances increased by 12.7 percent to USD 4,645 million in the 12 months to August 2024 compared to USD 4,120 million in a similar period in 2023, and were 16.4 percent higher in the first eight months of 2024 compared to a similar period of 2023.  The CBK foreign exchange reserves, which currently stand at USD 8,247 million (4.24 months of import cover), continue to provide adequate cover and a buffer against any short-term shocks in the foreign exchange market.  The banking sector remains stable and resilient, with strong liquidity and capital adequacy ratios. The ratio of gross non-performing loans (NPLs) to gross loans stood at 16.7 percent in August 2024 compared to 16.3 percent in June. Increases in NPLs were noted in the transport and communication, personal and household, trade, real estate and manufacturing sectors. Banks have continued to make adequate provisions for the NPLs.  Growth in commercial bank lending to the private sector stood at 1.3 percent in August 2024 compared to 3.7 percent in July, partly reflecting exchange rate valuation effects on foreign currency denominated loans following the appreciation of the Shilling, and the lagged effects of monetary policy tightening. Growth in local currency-denominated loans stood at 5.2 percent in August, with the foreign currency-denominated loans, which account for about 26 percent of total loans, contracting by 10.6 percent.  The Committee noted the ongoing implementation of the FY202425 Supplementary Budget I, which is expected to lower the fiscal deficit to 4.3 percent of GDP from 5.2 percent of GDP in FY202324. The fiscal consolidation in the medium-term should reduce debt vulnerabilities while moving the present-value-of-debt to GDP ratio towards the target anchor of 55 percent. The MPC noted that overall inflation has declined further and is expected to remain below the midpoint of the target range in the near term, supported by stable food inflation attributed to improved supply from the ongoing harvests, a stable exchange rate, and lower fuel inflation. Additionally, the Committee noted that non-food non-fuel (NFNF) inflation has moderated and is expected to remain stable, while central banks in the major economies have continued to lower interest rates in response to easing inflationary pressures, with expectations of further reductions in the coming months. The MPC also noted the sharp deceleration in credit to the private sector, and the slowdown in growth in the second quarter of 2024, and concluded that there was scope for a further easing of the monetary policy stance to support economic activity, while ensuring exchange rate stability. Therefore, the Committee decided to lower the Central Bank Rate (CBR) to 12.00 percent. The MPC will closely monitor the impact of the policy measures as well as developments in the global and domestic economy and stands ready to take further action as necessary in line with its mandate. The Committee will meet again in December 2024. Dr. Kamau Thugge, CBS CHAIRMAN, MONETARY POLICY COMMITTEE October 8, 2024",Press Release,"https://www.centralbank.go.ke/uploads/mpc_press_release/1982682049_MPC Press Release - Meeting of October 8, 2024.pdf"
,Press%20Release%20On%20Licensing%20Of%20Ui%20Dtm%20%20Ltd %2013%20May%202013,"PRESS RELEASE CBK LICENSES THE NINTH DEPOSIT TAKING MICROFINANCE INSTITUTION  UI DEPOSIT TAKING MICROFINANCE LIMITED The Central Bank of Kenya (CBK) has granted a licence to UI Deposit Taking Microfinance Limited (hereafter referred to as UI DTM Limited) to carry out community deposit-taking microfinance business. The licence has been issued pursuant to Section 6 (1) of the Microfinance Act, 2006 and Regulation 5 (3) of the Microfinance (Deposit-Taking Microfinance (DTM) Institutions) Regulations, 2008. UI DTM Limited becomes the ninth deposit taking microfinance institution (DTM) to be licensed following the licensing of seven nationwide DTMs (Faulu Kenya DTM, Kenya Women Finance Trust DTM, SMEP DTM, REMU DTM, Rafiki DTM, Century DTM and SUMAC DTM) and one community-based DTM (Uwezo DTM). UI DTM Limited, which is the second community DTM to be licensed under the Microfinance Act is a wholly-owned Kenyan company limited by shares, intends to operate within the Nairobi Central Business District (Starehe Division). UI DTM Limited has set up its head office cum branch along River Road (Asili Complex Building next to Kampala Coach Booking Office), Nairobi. The Applicant intends to begin operations with one flagship branch with intent to expand with time. Previously, the entity was engaged in credit only microfinance business before they transformed to a community DTM. The DTMs primary focus is the Micro and Small Enterprises (MSEs) as well as the financially excluded populations. The DTM also intends to target institutional-based employees in schools, colleges, restaurants, factories, and manufacturing industries situated in the Nairobi Central Business District (Starehe Division). It is reported that micro, small and medium enterprises (MSMEs) and the informal sector represent over 90% of private businesses and contribute to more than 50% of GDP and account for about 63% of employment in most African countries. These enterprises thus form an integral part of the Kenyan economy by providing employment opportunities and contributing to economic growth and sustainable development. Despite these opportunities they face many challenges, including access to finance, which is often considered to be their most significant challenge. The Central Bank has thus been in the forefront in developing an all-inclusive financial system that reduces impediments to accessing finance, including MSMEs financing. The Central Bank has initiated, and will continue to support, reforms to develop effective legal, regulatory and supervisory frameworks that support innovations to enhance the development of MSME financing and growth. The licensing of UI DTM Limited to focus on MSMEs as one of its key niches thus reiterates the Central Banks commitment to the development of an all-inclusive financial system that serves different market segments with appropriate products. This is in line with CBKs mandate to enhance financial inclusion and promote economic growth in Kenya, which are key tenets of Vision 2030. CENTRAL BANK OF KENYA 13th May 2013",Press Release,https://www.centralbank.go.ke//images/docs/media/2012/Press%20Release%20on%20Licensing%20of%20UI%20DTM%20%20Ltd-%2013%20May%202013.pdf
,1375703484_Communique Of The 14Th Retreat Of The Joint Financial Sector Regulators Forum,"Communique of the 14th Retreat of the Joint Financial Sector Regulators Forum Kwale County, November 17, 2023 The 14th Retreat of the Joint Financial Sector Regulators Forum (JFSRF) was held in Kwale County on November 17, 2023. The Forum was established in 2009 to collaborate on matters relevant to fostering overall financial sector stability and innovation to serve the people of Kenya. The 14th Retreat took stock of progress made on the implementation of resolutions of the 13th Retreat that was held on December 16, 2022, in Kisumu County. The Retreat discussed emerging challenges, risks and opportunities as espoused in this years theme Promoting stable, inclusive, resilient and sustainable financial sector in multi-shocks environment. The Retreat also hosted expert speakers on Climate Change opportunities and risks from the African Development Bank, Data Protection from the Office of Data Protection Commissioner, and Cybersecurity from the National Computer and Cybercrimes Coordination Committee (NC4). The Retreat was hosted by the Central Bank of Kenya and chaired by the Retirement Benefits Authority. It was attended by Boards of Directors, Chief Executive Officers, and staff from the Capital Markets Authority (CMA), the Central Bank of Kenya (CBK), the Insurance Regulatory Authority (IRA), the Retirement Benefits Authority (RBA), and the Saccos Societies Regulatory Authority (SASRA). Also present were Boards, Chief Executive Officers, and staff from the Kenya Deposit Insurance Corporation (KDIC), and the Policyholders Compensation Fund (PCF). The 14th Retreat of the JFSRF was held against the backdrop of a challenging global environment characterised by volatility in the financial markets, rising interest rates, elevated inflation pressures, high cost of living concerns, cyber risks, geopolitical developments that continue to disrupt supply chains, and climate change risks which are emerging as a key risk to the financial sector due to increased frequency and intensity of weather events such as drought, floods, and storms. Kenyas financial sector, however, continues to position itself to mitigate these risks. This includes enhancing efficiency through technological transformation, efforts to green the financial sector, and continued reforms in the regulatory environment. Kenyas financial sector remains stable and resilient to domestic and global shocks. In recognition of these risks and the need to deploy appropriate policy mitigation measures, the 14th Retreat of the JFSRF resolved that all member regulators 1. Need to enhance financial sector stability assessment frameworks at institutional and sector-wide level for overall financial stability. This requires working with the National Treasury on the development of a robust macroprudential policy framework. 2. Need to develop a robust and comprehensive framework for climate risk analysis, Environmental, Social and Governance (ESG) reporting, and climate-related risk disclosures, as well as putting in place a Green Finance Taxonomy for the financial sector. 3. Will collaborate in the development of a national financial education strategy that would encompass financial literacy and awareness, in order to deepen financial inclusion and entrench consumer protection practices. 4. Will work towards enhancing integrity in the financial sector by addressing gaps identified during the Eastern and Southern Africa Anti-Money Laundering Group (ESAAMLG) mutual evaluation for Kenya and address any emerging issues on Anti- Money LaunderingCountering the Financing of TerrorismCombating Proliferation Financing (AMLCFTCPF), in compliance with the Proceeds of Crime and Anti- Money Laundering Act (POCAMLA). 5. Will develop and adopt comprehensive facilitative frameworks for streamlining innovation, including virtual assets, to meet the needs of the general public and to support economic growth in recognition of the rapid adoption of technological innovations. ENDS Note to editors The Financial Sector Regulators Forum (FSRF) was established in 2009 through a Memorandum of Understanding (MoU) to promote cooperation and collaboration in areas of mutual interest including but not limited to, information sharing, collaboration and coordination on financial sector issues cutting across banking, insurance, saccos, capital markets and pension sectors. The Forum holds annual retreats to review issues touching on the countrys financial stability and to address emerging issues pertinent to the growth and stability of Kenyas financial sector.",Press Release,https://www.centralbank.go.ke/uploads/press_releases/1375703484_Communique of the 14th Retreat of the Joint Financial Sector Regulators Forum.pdf
,1116494184_Press Release   25Th Mac Communiqué March 2022,"25th ORDINARY MEETING OF THE EAST AFRICAN COMMUNITY MONETARY AFFAIRS COMMITTEE VIRTUAL MEETING, 4TH MARCH 2022 COMMUNIQU 1. The 25th ordinary meeting of the East African Community (EAC) Monetary Affairs Committee (MAC) was held virtually on 4th March 2022. The meeting was chaired by Dr. Patrick Njoroge, Governor of the Central Bank of Kenya, and current chairperson of MAC. Present were  Hon. Moses Makur Deng, Governor of the Bank of South Sudan  Hon. Audace Niyonzima, Deputy Governor of the Bank of the Republic of Burundi  Hon. Soraya M. Hakuziyaremye, Deputy Governor of the National Bank of Rwanda  Dr. Michael Atingi-Ego, Deputy Governor of the Bank of Uganda and  Dr. Yamungu Kayandabila, Deputy Governor of the Bank of Tanzania. 2. The meeting was held against a backdrop of rising global inflation, tightening financial conditions, and worsening debt vulnerabilities for developing economies owing to the protracted COVID-19 pandemic, and geopolitical tensions. To manage these developments, most EAC Partner States Central Banks continued 1 2 with accommodative policy stance complemented by regulatory changes including relaxation of rules on loan classificationrestructuring, extended lending facilities, exceptional liquidity assistance, and reduced charges on mobile transactions to support financial intermediation and digitalization. The Committee also took note of the increasing financial innovations. 3. The Committee noted that economic growth in the EAC region recovered in 2021 to an average of 4.2 percent, largely supported by easing of COVID-19 related restrictions, public investments and strong performance in the agriculture, services, construction and manufacturing sectors. Growth in the region is expected to improve supported by a resumption of global economic activity with the easing of containment measures and sustained implementation of growth-supporting measures. Downside risks remain elevated due to a slower global growth, rising geopolitical tensions and increasing commodity prices. 4. The meeting reviewed the status of implementation of previously agreed actions towards the establishment of the East Africa Monetary Union (EAMU), with a focus on the decisions of the 24th Ordinary MAC meeting held virtually in October 2020. The Committee reflected on the progress in attaining the convergence criteria and highlighted the areas that are lagging behind. 5. The Committee noted that Partner States Central Banks have made significant strides towards the creation of key institutions of the of the East African Monetary Union (EAMU), particularly the East African Monetary Institute (EAMI) harmonization of monetary and exchange rate policies harmonization of regulatory frameworks implementation of measures to strengthen regional payments systems enhancement of cybersecurity frameworks 3 capacity building in AMLCFT and Risk Management for Partner States Central Banks and promoting cross-border trading in government securities. 6. Notwithstanding the above, the Committee noted that there have been delays in realising targets set out in the EAMU roadmap and that there are several challenges that could further impede the timely implementation of EAMU protocol. Therefore, the Committee pledged to work with the EAC Secretariat and other stakeholders in the EAC integration process to fast-track pending activities of the EAMU roadmap. 7. The Committee noted progress still to be made in cross-border payment systems and agreed on continuing interoperability initiatives at national level, enhancing the East African Payment System (EAPS), while engaging other stakeholders at continental level on further integration of cross-border payment systems. 8. The meeting agreed to have an event in memory of the late Prof. Emmanuel Tumusiime-Mutebile, the former Governor of the Bank of Uganda. Modalities of the event will be agreed by the Partner States Central Banks. 4th March 2022. 3",Press Release,https://www.centralbank.go.ke/uploads/press_releases/1116494184_Press Release - 25th MAC Communiqué March 2022.pdf
,1232062864_Press Release   Authorization Of The Representative Office Of Banque Misr S.A.E. Of Egypt In Kenya,"PRESS RELEASE AUTHORIZATION OF THE REPRESENTATIVE OFFICE OF BANQUE MISR  S.A.E. OF EGYPT IN KENYA The Central Bank of Kenya (CBK) announces the granting of authority to Banque Misr  S.A.E. of Egypt (Banque Misr  S.A.E.) to establish a Representative Office in Kenya by the name Banque Misr  S.A.E. Kenya Representative Office. This authority is granted pursuant to Section 43 of the Banking Act and follows the fulfilment, by Banque Misr  S.A.E., of the stipulated authorisation requirements. Under the Banking Act, Representative Offices of foreign banks in Kenya serve as marketing and liaison offices for their parent banks and affiliates and are not permitted to undertake banking business. Banque Misr  S.A.E.  Kenya Representative Office will conduct its activities in line with this requirement. Banque Misr  S.A.E. is a commercial bank headquartered in Egypt, and wholly owned by the Government of Egypt. It is currently the second largest commercial bank in Egypt by asset size and market share. Banque Misr  S.A.E. provides a wide range of retail and corporate banking services, as well as trade finance services in its home country and internationally. Outside Egypt, it has operations in the Middle East, Europe, Russia, South Korea, and China. The Banque Misr  S.A.E.  Kenya Representative Office is expected to play a catalytic role in strengthening the long-standing trade relationship between Egypt and Kenya CENTRAL BANK OF KENYA August 2, 2022",Press Release,https://www.centralbank.go.ke/uploads/press_releases/1232062864_Press Release - Authorization of the Representative Office of Banque Misr-S.A.E. of Egypt in Kenya.pdf
,1629987545_Press Release   Public Notice On Misuse Of Currency,"PRESS RELEASE PUBLIC NOTICE ON THE MISUSE OF CURRENCY BANKNOTES The Central Bank of Kenya (CBK) has noted a growing trend in the use of Kenya Shilling banknotes for decorative and celebratory purposes, including the preparation of cash flower bouquets, ornamental displays, and similar arrangements. In many instances, banknotes are folded, rolled, glued, taped, stapled, pinned, or otherwise affixed using adhesives and fastening materials. Such practices compromise the integrity of Kenya Shilling banknotes and render them unsuitable for circulation. The use of adhesives, pins, staples, and similar materials damages banknotes and interferes with the efficient operation of cash-handling and processing equipment, including automated teller machines (ATMs), cash counting machines, and sorting equipment. This results in increased rejection of banknotes during processing and leads to the premature withdrawal and replacement of currency, at an avoidable cost to the public and the Bank. While CBK does not object to the use of cash as a gift, such use should not involve any action that alters, damages, or defaces banknotes. Currency should remain in a condition that allows it to circulate freely and perform its intended functions as a medium of exchange, unit of account, and store of value. CBK wishes to remind the public that Section 367 of the Penal Code (Cap. 63, Laws of Kenya) prohibits the defacement, mutilation, or impairment of currency notes. Any person who willfully defaces, mutilates, or in any way impairs any currency note issued by lawful authority commits an offence under the Penal Code. CBK therefore urges the public to refrain from practices that compromise the integrity of Kenya Shilling banknotes and to adopt alternative, non-damaging methods when presenting monetary gifts. The Central Bank of Kenya remains committed to safeguarding the integrity of the national currency in circulation and will continue to undertake public sensitization and stakeholder engagement to protect the quality, usability, and public confidence in Kenya Shilling banknotes. CENTRAL BANK OF KENYA February 2, 2026 C2 CBK - Official",Press Release,https://www.centralbank.go.ke/uploads/press_releases/1629987545_Press Release - Public Notice on Misuse of Currency.pdf
,2072351219_Mpc Press Release   Meeting Of April 8 2025,"BANKI CENTRAL KUU YA BANK OF GOVERNOR KENYA KENYA Haile Selassie Avenue P. O. Box 60000-00200 Nairobi, Kenya Telephone 254 20 2861003 PRESS RE LEASE MONETARY POLICY COMMITTEE MEETING The Monetary Policy Committee (MPC) met on April 8, 2025, and reviewed the outcomes of its previous decisions and measures implemented to anchor inflationary expectations and maintain exchange rate stability. The Committee met against a backdrop of elevated uncertainties to the global outlook for growth, lower but sticky inflation in advanced economies, heightened trade tensions, and persistent geopolitical tensions, and noted that  Global growth was on a steady recovery in 2024, supported by strong growth in the United States and in the large emerging market economies, particularly India. Nevertheless, the outlook for global growth in 2025 is highly uncertain, reflecting elevated risks of a potential slowdown due to escalation of trade tensions following implementation of new tariffs on imports to the United States, and retaliatory tariffs by trading partners. Additionally, escalation of geopolitical tensions, particularly the conflict in the Middle East and the Russia-Ukraine war, remains a key risk to growth.  Global headline inflation has moderated, but the outlook is uncertain with expectations of potential inflationary impact of higher tariffs on imports. Central banks in major economies have continued to lower their interest rates, but at different paces depending on inflation and growth expectations. International oil prices have moderated due to increased production and subdued demand, but the risk of potential volatility remains elevated due to increased tariffs on imports, and persistent geopolitical tensions. Food inflation has moderated, driven by lower cereals and sugar prices inflation, but edible oil prices inflation has remained elevated.  Kenyas overall inflation stood at 3.6 percent in March 2025 compared to 3.5 percent in February, and remained below the mid-point of the target range of 52.5 percent. Core inflation increased to 2.2 percent in March from 1.9 percent in February, mainly on account of higher prices of processed food items. Non-core inflation declined to 7.4 percent in March from 7.7 percent in February, reflecting lower prices of food crops and related items, particularly vegetables. Additionally, lower energy and utilities inflation continued to moderate non-core inflation, on account of lower electricity and pump prices. Overall inflation is expected to remain below the mid-point of the target range in the near term, supported by a low core inflation, lower food inflation, stable energy prices inflation, and continued exchange rate stability.  The performance of the Kenyan economy slowed down in 2024, with real GDP estimated at 4.6 percent compared to 5.6 percent in 2023, mainly reflecting deceleration in growth in most sectors of the economy. Nevertheless, leading indicators of economic activity point to improved performance in the first quarter of 2025. The performance of the economy is expected to pick up in 2025, with real GDP growth projected at 5.4 percent, supported by resilience of key service sectors and agriculture, expected recovery C2 CBK - Official in growth of credit to the private sector, and improved exports. This outlook is subject to domestic and external risks.  A majority of respondents to the March 2025 Agriculture Survey expect overall inflation to decline or remain unchanged in the next three months on account of expected lower food prices particularly of vegetables attributed to favorable weather conditions, stability in pump prices, and the stable exchange rate.  The CEOs Survey and Market Perceptions Survey conducted in March 2025 revealed sustained optimism about business activity and economic growth prospects for the next 12 months. The optimism was attributed to the stable macroeconomic environment, favourable weather conditions which are expected to benefit agriculture, continued decline in interest rates, and stability in international oil prices. Nevertheless, respondents expressed concerns about subdued consumer demand, and high cost of doing business.  The Kenya National Bureau of Statistics (KNBS) has revised the balance of payments data to improve the recording of cross-border transactions related to imports and re- exports of petroleum products under the government-to-government contracts. The revisions also incorporate use of alternative data to improve data on international trade in services particularly travel and financial services. The revised data incorporates adjustments of re-exports data of oil products to the region, and adjustments of international travel receipts.  Based on the revised balance of payments data, the current account deficit narrowed to 3.1 percent of GDP in the 12 months to February 2025 compared to 3.3 percent of GDP in a similar period in 2024, reflecting improved exports of goods and services and resilient diaspora remittance inflows, and lower oil imports. Goods exports increased by 13.1 percent, due to higher domestic exports, particularly agricultural commodities, and re-exports. Goods imports rose by 10.6 percent, reflecting increases in intermediate and capital goods imports. Services receipts increased by 14.0 percent, mainly, supported by increased receipts from transport and travel services. Diaspora remittances increased by 14.5 percent in the 12 months to February 2025. The current account deficit in the 12 months to February 2025 was more than fully financed by financial account inflows, resulting in an overall balance of payments surplus of USD 1,380 million. The current account deficit is projected at 2.8 percent of GDP in 2025, and is expected to be more than fully financed by financial account inflows, and result in an overall balance of payments surplus and buildup in gross reserves of USD 665 million, respectively.  The CBK foreign exchange reserves, which currently stand at USD 9,930 million (4.44 months of import cover in line with the revised imports data), continue to provide adequate cover and a buffer against any short-term shocks in the foreign exchange market.  The banking sector remains stable and resilient, with strong liquidity and capital adequacy ratios. The ratio of gross non-performing loans (NPLs) to gross loans stood at 17.2 percent in February 2025 compared to 16.4 percent in December 2024. Increases in NPLs were noted in real estate, personal and household, trade, building and construction, and manufacturing sectors. Banks have continued to make adequate provisions for the NPLs.  Commercial bank lending to the private sector recorded a modest growth of 0.2 percent in March 2025 from a contraction of 1.3 percent in February, reflecting dissipation of exchange rate valuation effects on foreign currency denominated loans following the appreciation of the Shilling, and improved demand with declining lending interest rates. C2 CBK - Official Average commercial banks lending rates declined to 15.8 percent in March 2025, from 16.4 percent in February and 17.2 percent in November 2024.  The Committee noted the ongoing implementation of the FY202425 Supplementary Budget I, and the proposed Supplementary Budget II which is expected to lower the fiscal deficit to 5.1 percent of GDP from 5.3 percent of GDP in FY202324. The fiscal consolidation in the medium-term should reduce debt vulnerabilities while moving the present-value-of-debt to GDP ratio towards the target anchor of 55 percent.  To enhance the effectiveness of the monetary policy implementation framework, the MPC approved the narrowing of the width of the interest rate corridor around the CBR from the current 150 basis points to 75 basis points. This will enhance stability of the interbank rate and align the rate closer to the Central Bank Rate (CBR). In line with this review, the Committee also approved the adjustment of the applicable interest rate on the Discount Window from the current 300 basis points above CBR to 75 basis points, which will be the upper bound of the interest rate corridor. The Committee noted that  Overall inflation was expected to remain below the midpoint of the 52.5 percent target range in the near term.  Central banks in the major economies have continued to lower their interest rates, but at different paces depending on inflation and growth expectations.  Average lending rates have been declining gradually since December 2024, but private sector credit growth remains subdued. The Committee concluded that there was scope for a further easing of the monetary policy stance to stimulate lending by banks to the private sector and support economic activity, while ensuring exchange rate stability. Therefore, the Committee decided to lower the Central Bank Rate (CBR) by 75 basis points to 10.00 percent from 10.75 percent. The MPC will closely monitor the impact of the policy measures as well as developments in the global and domestic economy and stands ready to take further action as necessary in line with its mandate. The Committee will meet again in June 2025. Dr. Kamau Thugge, CBS CHAIRMAN, MONETARY POLICY COMMITTEE April 8, 2025 C2 CBK - Official",Press Release,https://www.centralbank.go.ke/uploads/mpc_press_release/2072351219_MPC Press Release - Meeting of April 8 2025.pdf
,696932423_Press Release   New Generation Banknotes,"PRESS RELEASE CIRCULATION OF THE NEW GENERATION BANKNOTES AND WITHDRAWAL OF THE OLDER 1,000 SHILLINGS BANKNOTES Further to the issuance and launch of the New Generation banknotes we are pleased to advise that the new banknotes are already circulating in the country. We expect that they will be available in all commercial bank branches in the coming days. We have also embarked on a wide Public Awareness Campaign to ensure all members of the public are familiar with the new banknotes and their features. By Gazette Notice No. 4849 of May 31 2019, all the older 1,000 shillings banknotes shall be withdrawn and will cease to be legal tender on October 1, 2019. All other denominations are unaffected and will continue to circulate alongside the New Generation banknotes. The objective of this measure is to deal conclusively with the emerging concerns about illicit financial flows and counterfeits. To ensure this measure is fully effective, the requirements of Regulation 31 of the Proceeds of Crime and Anti-Money Laundering Regulations, 2013that banks obtain confirmations from customers on the nature of their business that generate large cash transactionsshall be adhered to. We are working with banks, forex bureaus, payment service providers, money remittance providers, other financial institutions, and investigative agencies to ensure that all requirements are observed. Further guidance is provided below as to how the banknotes will be exchanged. These modalities are aimed at minimising business disruptions, ensuring the security of cash transactions, and safeguarding the integrity of the financial sector. The intention is to make the process as straight forward as possible, particularly for smaller amounts. The modalities are as follows  Persons exchanging currency notes for amounts not exceeding Ksh.1 million of the withdrawn currency notes will exchange at their Commercial banks, CBK Branches and Currency Centres, or any nearest commercial bank.  Bank customers exchanging currency notes for amounts Ksh.1 million to Ksh.5 million of the withdrawn currency notes will exchange at their respective commercial banks, under the normal procedures and requirements.  Persons without bank accounts exchanging currency notes for amounts exceeding Ksh.1 million will require an endorsement from CBK.  Persons exchanging currency notes for amounts exceeding Ksh.5 million (bulk exchange) will require an endorsement from CBK. These persons should get in touch using the contacts shown below. For enquiries on this matter, members of the public are requested to contact CBK by telephone at 254 20 2861032 or 254 20 2863132 or email newcurrencycentralbank.go.ke CENTRAL BANK OF KENYA June 6, 2019 2",Press Release,https://www.centralbank.go.ke/uploads/press_releases/696932423_Press Release - New Generation Banknotes.pdf
,1407105719_Press Release   Issuance Of A Consultative Paper On The Review Of The Risk Based Credit Pricing Model,"PRESS RELEASE ISSUANCE OF A CONSULTATIVE PAPER ON THE REVIEW OF THE RISK- BASED CREDIT PRICING MODEL The Central Bank of Kenya (CBK) announces the issuance of a consultative paper on the Review of the Risk-Based Credit Pricing Model for public comments. The Risk-Based Credit Pricing Model (RBCPM), introduced in 2019, was a collaborative strategic initiative by the CBK and the banking sector. The initiative was within the broader reform agenda to address persistent challenges in the credit market, including high lending rates and opaque pricing mechanisms, by creating a marketdriven framework for pricing credit risk. With the lapse of five years, a reassessment of RBCPM was deemed necessary to determine if it still effectively complements the ongoing reforms in the banking sector. CBK proposes the use of the policy rate (Central Bank Rate) as the common reference rate for determining lending rates in the Kenyan banking sector. The Central Bank Rate (CBR), as the common reference rate, reflects the cost of funding to the banks. The lending rates will be determined by adding a premium (K) to the CBR. CBK will publish the components of each banks lending rate premium (K) on its website, the Total Cost of Credit (TCC) website, and in two newspapers of nationwide circulation. Accordingly, CBK requests all interested stakeholders to share their comments on the paper that can be downloaded from httpswww.centralbank.go.ke20250422cbks- consultative-paper-on-risk-based-credit-pricing-model.We would appreciate receiving your comments or feedback on or before May 2, 2025. Please share your comments via e-mail to fincentralbank.go.ke with the subject COMMENTS  CONSULTATIVE PAPER ON THE REVIEW OF THE RISK-BASED CREDIT PRICING MODEL. CENTRAL BANK OF KENYA APRIL 23, 2025 C2 CBK - Official",Press Release,https://www.centralbank.go.ke/uploads/press_releases/1407105719_Press Release - Issuance of a Consultative Paper on the Review of the Risk-Based Credit Pricing Model.pdf
,2119450187_Press Release   Publication Of Regulations For Digital Credit Providers And Commencement Of Their Supervision,"PRESS RELEASE PUBLICATION OF REGULATIONS FOR DIGITAL CREDIT PROVIDERS AND COMMENCEMENT OF THEIR SUPERVISION The Central Bank of Kenya (CBK) announces the publication by Legal Notice No. 46 of March 18, 2022, of the Central Bank of Kenya (Digital Credit Providers) Regulations, 2022 (the Regulations). The Regulations were issued pursuant to Sections 57(1), 57(3) and 57(4) of the Central Bank of Kenya Act (the CBK Act). They provide for the licensing and oversight of previously unregulated Digital Credit Providers (DCPs). The Regulations are now operational. The Regulations seek to address concerns raised by the public given the recent significant growth of digital lending particularly through mobile phones. These concerns relate to the predatory practices of the previously unregulated digital credit providers, and in particular, their high cost, unethical debt collection practices, and the abuse of personal information. The Regulations provide for inter alia the licensing, governance, and lending practices of DCPs. They also provide for consumer protection, credit information sharing, and outline the Anti-Money Laundering and Combating the Financing of Terrorism (AMLCFT) obligations of DCPs. These Regulations have been developed through a consultative process. The Central Bank of Kenya (Amendment) Act, 2021, came into effect on December 23, 2021, and CBK invited public comments on the draft Regulations up to January 21, 2022. Consequently, in accordance with Section 59(2) of the CBK Act, all previously unregulated DCPs are required to apply to CBK for a license within six months of the publication of the Regulations, i.e., by September 17, 2022, or cease operations. The licensing requirements for DCPs can be accessed here. CBK will continue working with all stakeholders to ensure that the Regulations work for and with Kenyans, and in line with best global practices. CENTRAL BANK OF KENYA March 21, 2022",Press Release,https://www.centralbank.go.ke/uploads/press_releases/2119450187_Press Release - Publication of Regulations for Digital Credit Providers and Commencement of their Supervision.pdf
,151253401_Mpc Press Release   Meeting Of June 10 2025,"BANKI CENTRAL KUU YA BANK OF GOVERNOR KENYA KENYA Haile Selassie Avenue P. O. Box 60000-00200 Nairobi, Kenya Telephone 254 20 2861003 PRESS RE LEASE MONETARY POLICY COMMITTEE MEETING The Monetary Policy Committee (MPC) met on June 10, 2025, and reviewed the outcomes of its previous decisions and measures implemented to anchor inflationary expectations and maintain exchange rate stability. The Committee met against a backdrop of elevated uncertainties to the global outlook for growth, lower but sticky inflation in advanced economies, heightened trade tensions, and persistent geopolitical tensions, and noted that  Global growth is projected at 2.8 percent in 2025 compared to 3.3 percent in 2024, mainly reflecting significant downward revisions to growth in the United States and China, due to effects of higher tariffs on U.S. imports, and retaliatory tariffs by trading partners. Although the U.S. and China have retreated on their previously announced tariff levels, the outcomes of bilateral trade negotiations between the U.S. and key trading partners remain highly uncertain. Additionally, reduced global demand, particularly in China, and escalation of geopolitical tensions in the Middle East and the Russia-Ukraine conflict, remain key risks to growth.  Global headline inflation has moderated, but is projected to decline at a slower pace due to the expected inflationary impact of higher tariffs on trade. Central banks in major economies have adopted a more cautious approach in lowering policy rates. International oil prices have moderated due to increased production and subdued global demand mainly from China, but the risk of potential volatility remains elevated due to higher tariffs on imports, and persistent geopolitical tensions. Food inflation has eased slightly mainly driven by lower cereals and sugar prices inflation, but edible oils price inflation remains elevated.  Kenyas overall inflation declined to 3.8 percent in May 2025 from 4.1 percent in April, and remained below the mid-point of the target range of 52.5 percent. Non-core inflation declined to 6.0 percent in May from 8.4 percent in April, reflecting lower prices of food crops and related items, particularly vegetables. Additionally, lower energy and utilities inflation continued to moderate non-core inflation, on account of lower electricity prices. Nevertheless, core inflation rose to 2.8 percent in May from 2.5 percent in April, mainly on account of higher prices of processed food items. Overall inflation is expected to remain below the mid-point of the target range in the near term, supported by stability in food and energy prices, and continued exchange rate stability.  The recently released Economic Survey 2025 shows that the performance of the Kenyan economy slowed down in 2024, with real GDP growing by 4.7 percent compared to 5.7 percent in 2023, mainly reflecting deceleration in growth in most sectors of the economy. However, leading indicators of economic activity point to improved performance in the first quarter of 2025. The projected growth of the economy in 2025 has been revised to 5.2 percent from 5.4 percent, on account of higher tariffs on trade. The resilience of key service sectors and agriculture, expected recovery in growth of credit to the private sector, and improved exports, are expected to support the pickup of growth in 2025.  A majority of respondents to the May 2025 Agriculture Survey expect overall inflation to decline or remain unchanged in the next three months on account of expected stability in food prices attributed to favourable weather conditions, stability in pump prices, and the stable exchange rate.  The CEOs Survey and Market Perceptions Survey conducted in May 2025 revealed sustained optimism about business activity and economic growth prospects for the next 12 months. The optimism was attributed to the stable macroeconomic environment, improved agricultural production supported by favourable weather conditions, and continued decline in interest rates. Nevertheless, respondents expressed concerns about subdued consumer demand, high cost of doing business, and increased global uncertainties attributed to geopolitical and trade tensions.  The current account deficit narrowed to 1.8 percent of GDP in the 12 months to April 2025 compared to 2.2 percent of GDP in a similar period in 2024, mainly reflecting resilient goods exports and diaspora remittances. Goods exports increased by 3.8 percent, due to higher domestic exports, particularly horticulture and coffee. Goods imports rose by 7.6 percent, reflecting increases in intermediate and capital goods imports. Services receipts increased by 12.0 percent, mainly supported by increased receipts from transport and travel services. Diaspora remittances increased by 12.1 percent in the 12 months to April 2025. The current account deficit in the 12 months to April 2025 was more than fully financed by financial account inflows, resulting in an overall balance of payments surplus of USD 2,104 million. The current account deficit is projected to remain relatively stable at 1.5 percent of GDP in 2025 compared to 1.3 percent of GDP in 2024, and is expected to be more than fully financed by financial account inflows, and result in an overall balance of payments surplus and build up in gross reserves of USD 1,107 million, respectively.  The CBK foreign exchange reserves, which currently stand at USD 10,828 million (4.75 months of import cover), are at their highest levels and continue to provide adequate cover and a buffer against any short-term shocks in the foreign exchange market.  The banking sector remains stable and resilient, with strong liquidity and capital adequacy ratios. The ratio of gross non-performing loans (NPLs) to gross loans stood at 17.6 percent in April 2025 compared to 17.2 percent in February. Increases in NPLs were noted in trade, personal and household, tourism and hotels, and building and construction. Banks have continued to make adequate provisions for the NPLs.  Growth in commercial bank lending to the private sector stood at 2.0 percent in May 2025 compared to 0.4 percent in April, and -2.9 percent in January 2025. This reflects improved demand in line with the declining lending interest rates, and dissipation of exchange rate valuation effects on foreign currency denominated loans following the appreciation of the Shilling. Average commercial banks lending rates declined to 15.4 percent in May 2025, from 15.7 percent in April and 17.2 percent in November 2024.  The Committee noted the ongoing implementation of the FY202425 Supplementary Budget II, and the proposed Budget for FY202526, which continue to reinforce the fiscal consolidation over the medium term, and thereby reduce debt vulnerabilities. The Committee observed that  Overall inflation was expected to remain below the midpoint of the 52.5 percent target range in the near term.  Central banks in the major economies have continued to lower their interest rates, but at a more cautious pace depending on inflation and economic growth expectations.  Average lending rates in the domestic market have continued to decline, while private sector credit growth has recovered modestly. The Committee concluded that there was scope for a further easing of the monetary policy stance to augment the previous policy actions aimed at stimulating lending by banks to the private sector and supporting economic activity, while ensuring inflationary expectations remain firmly anchored, and the exchange rate remains stable. Therefore, the Committee decided to lower the Central Bank Rate (CBR) by 25 basis points to 9.75 percent from 10.00 percent. The MPC will closely monitor the impact of this policy decision as well as developments in the global and domestic economy and stands ready to take further action as necessary in line with its mandate. The Committee will meet again in August 2025. Dr. Kamau Thugge, CBS CHAIRMAN, MONETARY POLICY COMMITTEE June 10, 2025",Press Release,https://www.centralbank.go.ke/uploads/mpc_press_release/151253401_MPC Press Release - Meeting of June 10 2025.pdf
,1443875417_Revocation,"PRESS RELEASE REVOCATION OF MOBILE PAY LIMITED AUTHORISATION AS A PAYMENTS SERVICE PROVIDER The Central Bank of Kenya (CBK) has today, Tuesday, October 26, 2021, revoked the authorisation granted to Mobile Pay Limited (MPL) (brand name Tangaza) as a mobile Payments Service Provider (PSP), pursuant to the provisions of Section 15(1)(b) of the National Payment System (NPS) Act, 2011 and Regulation 10 of the National Payment System (NPS) Regulations, 2014. This action culminates a long engagement between CBK and MPL, during which CBK has considered MPLs continued violations of NPS law and regulations. MPL has persistently failed to discharge its statutory obligations, among others, non-submission of audited annual Financial Accounts of the Trust Fund (Tangaza Trust) and MPL, non- submission of annual systems security audit report, and non-submission of quarterly reports for CBKs oversight. While MPL was granted sufficient time to address its violations, its compliance has continued to deteriorate, putting customer funds at risk. CBK therefore notes that the conduct of MPL and its Trustees could erode public trust, and the revocation of MPLs authorisation as a Payments Service Provider will protect the interests of its customers and maintain confidence in the National Payment System. Pursuant to Regulation 10(5)(b), CBK has taken over control of the business of MPL to safeguard and facilitate distribution of the money in the Trust Fund. CBK will undertake a reconciliation of MPL customers balances against the Trust Fund accounts, and then commence reimbursing the customers. Pursuant to Regulation 10(9), the Trustees are personally liable for any shortfall in the Trust Fund. The reconciliation is expected to be completed within two weeks. MPL is the smallest of the four mobile Payments Service Providers in Kenya, with less than 0.01 percent of total mobile money subscribers, and has been operating since 2011. Further updates will be provided in the coming days. For additional enquiries, customers can contact MPLs Call Centre at 0760 000 000 and infotangazapesa.com, or email MPL-Tangazacentralbank.go.ke. CENTRAL BANK OF KENYA October 26, 2021",Press Release,https://www.centralbank.go.ke/uploads/press_releases/1443875417_Revocation.pdf
,1440646703_Press Release   Governor'S Appointment To Un Task Force On Digital Financing Of Sdgs,"PRESS RELEASE GOVERNOR NJOROGE APPOINTED TO UNITED NATIONS TASK FORCE ON DIGITAL FINANCING OF THE SUSTAINABLE DEVELOPMENT GOALS The Central Bank of Kenya announces the appointment of the Governor Dr. Patrick Njoroge by the United Nations (UN) Secretary-General Antnio Guterres, to the Task Force on Digital Financing of the Sustainable Development Goals (SDGs). The Task Force, launched on November 29, 2018 by Secretary-General Guterres, will recommend strategies to harness the potential of digital finance and financial technology to advance the SDGs. While launching the Task Force, Secretary-General Guterres said, We have already seen how technology has helped expand financial inclusionitself an important goalby 1.2 billion people in just six years. He added, But we have only just begun to tap the potential of digital finance and investment to meet the broader agenda set forth in the Sustainable Development Goals and the Paris Agreement on climate change. In accepting the appointment, Dr. Njoroge said, I fully concur that digitalization of finance has great potential in facilitating achievement of the SDGs. The invitation is also an important recognition of Kenyas success in digital finance and financial inclusion, with lessons that have been useful for other countries. The appointment is effective immediately, and the Task Force is expected to present its preliminary report of recommendations to the Secretary-General in September 2019. CENTRAL BANK OF KENYA December 5, 2018",Press Release,https://www.centralbank.go.ke/uploads/press_releases/1440646703_Press Release - Governor's Appointment to UN Task Force on Digital Financing of SDGs.pdf
,468219350_Press Release   Afro Asia Fintech Festival 2021,"PRESS RELEASE AFRO-ASIA FINTECH FESTIVAL FOCUSES ON WEB 3.0, THE NEXT PHASE OF SUSTAINABLE INNOVATION FOR AN INCLUSIVE DIGITAL ECONOMY The Central Bank of Kenya (CBK) announces that the Afro-Asia Fintech Festival (AAFF) will be held virtually on November 11, 2021. AAFF 2021, will be held as part of the virtual global Singapore Fintech Festival (SFF), which will take place on November 8-12, 2021. Inaugurated in 2019 by CBK and the Monetary Authority of Singapore (MAS), AAFF 2021 is a vibrant platform for impactful engagement, partnerships and collaborations among central banks, fintechs, financial sector players, academia, and investors. The theme of AAFF 2021 is Sustainable Innovation for an Inclusive Digital Economy. AAFF 2021 will feature deliberations on Web 3.0, the next phase of technology innovations and their impact, with emphasis on people-centered technology and innovation for an inclusive digital economy. AAFF 2021, will also focus on fintech in climate action for sustainability. AAFF 2021, will offer an avenue for engagement through a virtual exhibition with CBK and other stakeholders on November 8-12, 2021. AAFF 2021 will feature the following key speakers and thought leaders  Dr. Patrick Njoroge, Governor, CBK.  Mr. Sopnendu Mohanty, Chief FinTech Officer, MAS.  Dr. Nuri Purswani, Senior Manager, Data Science, Visa.  Ms. Tamara Cook, Chief Executive Officer, FSD Kenya.  Mr. Sitoyo Lopokoiyit, Managing Director, M-Pesa Africa, and Ag. Chief Financial Services Officer, Safaricom PLC.  Mr. Joshua Oigara, Group Chief Executive Officer and Managing Director of KCB Group Plc.  Ms. Sandra Yao, Senior Vice President for Africa, Thunes.  Ms. Jaine Mwai, Chief Information Officer, Standard Chartered-Kenya and East Africa.  Ms. Kendi Ntwiga-Nderitu, Country Manager, Microsoft Kenya. CBKs unwavering commitment is to place People at the Centre of the global financial system, leaving no one behind. As we seek to harness the next phase of technology to serve people, we welcome the participation of all stakeholders in AAFF 2021. More information on how to be part of the AAFF 2021 can be obtained at httpsafroasiafintech.net. CENTRAL BANK OF KENYA November 10, 2021",Press Release,https://www.centralbank.go.ke/uploads/press_releases/468219350_Press Release - Afro-Asia Fintech Festival 2021.pdf
,638782652_Press Release   Announcement Of Finalists   Africa Virtual Hackathon 2020,"PRESS RELEASE VIRTUAL AFRICA HACKATHON 2020  SHORTLIST OF FINALISTS The Central Bank of Kenya (CBK) announces the shortlisting of 15 finalists from 7 African countries for the Virtual Africa Hackathon 2020 (the Hackathon) to be held on August 31, 2020. The finalists were drawn from 74 submissions from 14 countries in Africa, Europe and the Middle East. The Hackathon seeks to harness the use of technology in addressing the health and economic impacts of the coronavirus pandemic (COVID-19). The theme of the Hackathon is Harnessing Fintech in addressing COVID- 19 effects on healthcare, digital payments and economic recovery. The finalists are 1. Artisan Pay, Cameroon 6. Last Mile Medicine, 11. Sahani by Zavora, Kenya Kenya 2. MobiVocha by Blue ICT 7. Loniwa, Kenya 12. SMECredit Pro, Solutions, Kenya Cameroon 3. CrossPath, Libya 8. MIZA A2F, Tunisia 13. The Guarantee Company, Kenya 4. Fundi247, Tanzania 9. MobiCash, Libya 14. Venue369, Kenya 5. Kouran Jabo, Chad 10. We-DARE by Ryken 15. Wiretooth Technologies Business Intelligence, by Finaclusion, Nigeria Kenya The Hackathon is envisioned to keep alive the spirit of the 2020 Afro-Asia Fintech Festival (AAFF) that was scheduled to be held in Nairobi in July 2020 following its postponement to July 2021. It was launched on July 31, 2020 inviting applicants to provide solutions to 40 identified problems in the Healthcare, Digital Payments, Economic Recovery and General categories. These problems relate to the challenges and opportunities posed by the health and economic dimensions of the COVID-19 pandemic. The call for entries closed on August 10, 2020. The 15 finalists will pitch their solutions on the virtual Demo Day on August 31, 2020. The winner will participate in the Global Fintech Hackcelerator at the 2020 Singapore Fintech Festival convened by the Monetary Authority of Singapore in December 2020. More information on the Hackathon can be obtained from www.afroasiafintech.net. CENTRAL BANK OF KENYA August 19, 2020 Notes to Editors 1. A hackathon is an event in which participants design innovative solutions to identified problems using technology. Hackathon challenges lead to the development of concepts, ideas and prototypes for innovative products, services or business models. 2. The Virtual Africa Hackathon will showcase newly developed solutions as well as existing ones. More information on the Hackathon can be obtained from www.afroasiafintech.net.",Press Release,https://www.centralbank.go.ke/uploads/press_releases/638782652_Press Release - Announcement of Finalists - Africa Virtual Hackathon 2020.pdf
,1403162604_Press Release   Absa Bank Kenya Plc,"PRESS RELEASE REGULATORY ACTION AGAINST ABSA BANK KENYA PLC The Central Bank of Kenya (CBK) has taken regulatory action against Absa Bank Kenya PLC (Absa Kenya), following Absa Kenyas failure to provide information about some specific foreign exchange trades that it conducted in March 2020. In investigating these and other earlier transactions it is evident that Absa Kenya did not have satisfactory assurance of the underlying commercial transactions supporting these trades, as is required, nor did the bank ensure the standard checks on anti-money laundering and combating the financing of terrorism (AMLCFT) and know-your-customer (KYC) requirements were applied. Against this backdrop, Absa Kenya is required to undertake the following  By Wednesday, April 15, 2020, put in place a robust framework that ensures all relevant documents for such foreign exchange transactions are available as required, and also ensures the AMLCFT and KYC requirements are adhered to.  Reverse the market positions that were created as a result of the flagged transactions.  Cease to transact as an authorised foreign exchange dealer in the Kenyan market from Thursday, April 9, 2020, to Wednesday, April 15, 2020. During this time Absa Kenya cannot transact, inter alia, in the interbank foreign exchange market. However, all committed transactions as at April 8, 2020, can be settled. Absa Kenyas acknowledgement of its obligations as an authorised foreign exchange dealer and its commitment to address the underlying issues is noted. CBK reiterates the objective of building sound, fair and transparent financial markets, anchored in the law and according to global best practices. CENTRAL BANK OF KENYA April 9, 2020",Press Release,https://www.centralbank.go.ke/uploads/press_releases/1403162604_Press Release - Absa Bank Kenya PLC.pdf
,1074310998_Press Release   Acceptance Of Binding Offer On Iblr By Kcb,"PRESS RELEASE IMPERIAL BANK LIMITED (IN RECEIVERSHIP) (IBLR) ACCEPTANCE OF BINDING OFFER FROM KCB BANK KENYA LIMITED (KCB) Following the announcement of the receipt of a Binding Offer from KCB dated September 27, 2018 Press Release, the Central Bank of Kenya (CBK) and Kenya Deposit Insurance Corporation (KDIC) continued to engage with KCB to enhance the value for IBLRs depositors. Consequently, KCB communicated to CBK and KDIC in its letter dated December 7, 2018 the modification of the terms of the Binding Offer with respect to the release of depositors funds and verification of loans. KDIC and CBK are pleased to announce the acceptance of the Binding Offer from KCB. The Binding Offer accepted, includes granting access to 12.7 percent of eligible depositor balances remaining at IBLR within 14 days of this announcement, subject to account and identity verifications. Combining this with earlier disbursements will result in a total recovery of approximately 35 percent of original eligible deposits held at the date of receivership. In addition, the Binding Offer outlines that KCB will complete the loan verification process within the first quarter of 2019. The loan verification process is expected to result in further recoveries for eligible depositors of IBLR. Further details will be announced upon completion of the exercise. CBK and KDIC assess that KCBs Binding Offer represents a viable proposal for the resolution of IBLR, for the benefit of depositors and the strengthening of the Kenyan financial sector. It is expected that the transaction will be concluded upon the execution and operationalisation of the Binding Offer. CBK and KDIC reiterate their commitment to protect the interest of depositors, creditors, and the wider public interest. This is in keeping with their respective mandates and in accordance with the Laws of Kenya. CENTRAL BANK OF KENYA KENYA DEPOSIT INSURANCE CORPORATION December 11, 2018",Press Release,https://www.centralbank.go.ke/uploads/press_releases/1074310998_Press Release - Acceptance of Binding Offer on IBLR by KCB.pdf
,1440734076_Press Release   H.E. President William Ruto Launches Dhowcsd,"PRESS RELEASE H.E. PRESIDENT WILLIAM RUTO LAUNCHES DHOWCSD His Excellency President William Ruto, PhD, C.G.H., today launched the DhowCSD at the Central Bank of Kenya (CBK) Headquarters in Nairobi. The DhowCSD is a systemically important Central Securities Depository infrastructure that delivers world class levels of registry, custodial and settlement services for both primary and secondary market operations. DhowCSD is transforming Kenyas financial markets through enhanced operational efficiency and expansion of digital access, market deepening for broader financial inclusion, and improved monetary policy operations. DhowCSD went live on Monday, July 31, 2023, and during the period since the launch, more than 7,000 new accounts have been created, compared to the total of 44,000 that existed prior to the go-live. The name Dhow was deliberately adopted to signify the role that the CSD will be playing in our financial and capital markets. The Dhow refers to the traditional wooden boat, which was used to facilitate the trading of merchandise along the coasts of East Africa, Eastern Arabia and South Asia. The name, therefore, fits the new Central Securities Depository in the sense that the CSD serves to facilitate, not just the trading of Kenya Government securities locally and across the border, but also facilitates the integration of Kenya with international financial markets. Additionally, dau is Swahili word for dhow. Mshika Dau means a stakeholder or participant, which resonates with investors who will be the beneficiary of the operations of the CSD. Mshika Dau also has an element of stewardship or being entrusted with something important, which also resonates well with the role of the CBKs wider mandate on Monetary Policy. Users may access DhowCSD on the CBK website at httpswww.centralbank.go.kedhowcsd, or download the app on the Google Play Store or on the Apple App Store. Any of these methods offer full functionality of the DhowCSD portal. CENTRAL BANK OF KENYA September 11, 2023",Press Release,https://www.centralbank.go.ke/uploads/press_releases/1440734076_Press Release - H.E. President William Ruto Launches DhowCSD.pdf
,2088534699_Press Release   Banking Sector Additional Measures,"PRESS RELEASE ADDITIONAL EMERGENCY MEASURES TO MITIGATE THE ADVERSE EFFECTS ON THE BANKING SECTOR FROM THE CORONAVIRUS PANDEMIC Following the emergency measures announced on March 18, 2020, the Central Bank of Kenya (CBK) announces a set of additional measures that will facilitate lending by banks to borrowers adversely impacted by the Coronavirus pandemic (COVID-19). The measures will also enhance liquidity management by banks and strengthen the resilience of the financial sector. In addition, they will operationalize the measures announced by the Monetary Policy Committee on March 24, 2020. 1. The lowering of the Central Bank Rate (CBR) to 7.25 percent, signals commercial banks to lower their lending and deposit rates. Accordingly, depositors are urged to be accommodative of lower rates for their deposits which will lead to more affordable credit. 2. The lowering of the Cash Reserve Ratio (CRR) to 4.25 percent will provide additional liquidity of Ksh.35.2 billion to commercial banks. CBK will avail this liquidity to banks based on their demonstrated requirement to directly support borrowers that are distressed as a result of COVID-19. 3. To provide flexibility on liquidity management facilities provided to banks by CBK, the maximum tenor of Repurchase Agreements (REPOs) is extended from 28 to 91 days. This will enable banks access longer term liquidity secured on their holdings of government securities without having to discount them. 4. CBK shall provide flexibility to banks with regard to requirements for loan classification and provisioning for loans that were performing on March 2, 2020 and whose repayment period was extended or were restructured due to the pandemic. CBK will closely monitor the implementation of these measures, while ensuring that the interbank market and liquidity management across the sector continues to function smoothly. CBK stands ready to ensure the orderly functioning of financial markets and the stability of the banking sector. CENTRAL BANK OF KENYA March 24, 2020",Press Release,https://www.centralbank.go.ke/uploads/press_releases/2088534699_Press Release - Banking Sector Additional Measures.pdf
,Ibl21June2016Pressrelease,"PRESS RELEASE IMPERIAL BANK LIMITED (IN RECEIVERSHIP) With the endorsement of the Central Bank of Kenya (CBK), the Kenya Deposit Insurance Corporation (KDIC) has today effected a joint agreement with NIC Bank Limited (NIC) that will provide depositors of Imperial Bank Limited (IBL) access to a portion of their deposits in a structured manner. This step was taken to safeguard the interest of IBLs depositors and creditors, and in the wider public interest. This follows the failure of IBLs shareholders to provide adequate assurances to implement a proposal that would enable the prompt reopening of IBL and resumption of normal activities for its customers. Under the joint agreement  NIC has been appointed to act as the Asset and Liabilities Consultant for Imperial Bank Limited (In Receivership). In this capacity, NIC will undertake on behalf of KDIC an assessment of the quality of IBLs assets and liabilities, support the recovery of IBLs loans, and provide guidance on other assets and on staffing.  NIC will disburse on behalf of KDIC a maximum of Ksh.1.5 million each to the remaining IBL depositors, as soon as the High Courts suspension of payments to IBL depositors is lifted, and subject to account and identity verifications that were conducted previously. Once completed on this basis, 45,700 depositors (equivalent to 92 percent of depositors) will have been paid in full or not claimed their balances of less than Ksh.2.5 million. A High Court ruling on the suspension of payments is expected on July 4, 2016.  Subject to a due diligence and contract review, and following negotiations, KDIC will dispose of, and NIC will assume, a portion of the remaining verified deposits along with certain other assets and liabilities. It is expected that depositors will be granted access in a structured manner to about 40 percent of the remaining amount of verified deposits above Ksh.2.5 million, which would bring the cumulative pay-out ratio for all verified deposits to an estimated 59 percent. Additional information on this process, including how these deposits will be accessed, will be provided by KDIC and NIC as soon as is practical. NIC will also assume the majority of IBL staff and branches, and announcements on the way forward will be made in the near future. 1  The recovery of IBL loans will continue, which will allow access to additional resources by depositors and other stakeholders. All IBL borrowers should continue making payments on their loans as is currently required.  KDIC will retain management and control of all IBL assets and liabilities that it will not have been disposed of. Since the last update in the Press Release of May 20, 2016, progress has been made towards a resolution of IBLs receivership, with the objective of safeguarding the interest of depositors, creditors, and the wider public interest. In particular  The forensic auditors and relevant investigative agencies continue to investigate the fraudulent activities in Imperial Bank Limited and the unsound business practices. It is expected to be largely concluded in the near future, and it will inform the forthcoming court proceedings.  Judicial proceedings are ongoing in the three suits filed against CBK, KDIC and IBL, separately or jointly, and the three suits filed against the directors of Imperial Bank Limited, and W.E. Tilley and others. CBK and KDIC are grateful to depositors and other stakeholders for their patience since IBL was put under receivership, and request their continued support. We have confidence in the strength of our banking sector, and the further boosting of confidence that these developments will provide. Additionally, CBK and KDIC are very gratefully for the invaluable support provided by NIC. CENTRAL BANK OF KENYA June 21, 2016 2",Press Release,https://www.centralbank.go.ke//images/docs/media/2016/IBL21JUNE2016PRESSRELEASE.pdf
,144939794_Press Release   Postponement Of The Afro Asia Fintech Festival 2020,"PRESS RELEASE POSTPONEMENT OF THE AFRO-ASIA FINTECH FESTIVAL 2020 The Central Bank of Kenya (CBK) announces that the Afro-Asia Fintech Festival 2020 (AAFF 2020) that was scheduled to be held in Nairobi in July 2020 has been postponed to July 2021. The postponement follows careful consideration by the co- hosts, CBK and the Monetary Authority of Singapore (MAS) of the impact of the coronavirus pandemic (COVID-19) and the utmost importance of the health and safety of the festival participants. However, the spirit of the AAFF will be kept alive in 2020 through virtual events whose details will be availed shortly. The inaugural AAFF 2019 was held in Nairobi from July 15-16, 2019 and launched by His Excellency, Uhuru Kenyatta, the President of the Republic of Kenya in the presence of Honourable Tharman Shanmugaratnam, Senior Minister, Republic of Singapore. The festival was the first of its kind in the region, seeking to explore sustainable financial services innovations from emerging Afro-Asian markets. The key outcomes were the signing of a Fintech Co-operation agreement between CBK and MAS and the launch of the Global Fintech HackceleratorKenya (Hackathon). The Hackathon that attracted 45 fintechs from across Africa, Asia and Europe sought to provide a platform for start-ups to showcase sustainable financial services innovations. The two winners of the Hackathon, Kwara of Kenya and Bureau Vente of Uganda showcased their solutions at the Global Fintech Hackcelerator at the worlds largest fintech festival, Singapore Fintech Festival in November 2019. CBK has continued to monitor the progress of the fintechs who participated in the AAFF 2019. This has included providing them with platforms to showcase their solutions such as during the State Visit of the Prime Minister of Barbados in December 2019. The pandemic has brought with it challenges as well as opportunities for fintechs. CBK is pleased to note that some of the fintechs have partnered with banks during this pandemic period as banks accelerate their digitization strategies. In this regard, CBK will continue engaging and supporting the fintech community. CBK remains committed to maximizing the opportunities and minimizing risks from innovation and creating an enabling environment for solutions that address the needs of the citizenry. CENTRAL BANK OF KENYA June 2, 2020",Press Release,https://www.centralbank.go.ke/uploads/press_releases/144939794_Press Release - Postponement of the Afro-Asia FinTech Festival 2020.pdf
,555695863_Press Release   Acquisition Of Jbb By Co Op Bank   Aug 2020,"PRESS RELEASE ACQUISITION OF 90 PERCENT OF JAMII BORA BANK BY CO-OPERATIVE BANK OF KENYA The Central Bank of Kenya (CBK) announces the acquisition of 90 percent of the shareholding of Jamii Bora Bank Limited (JBB) by Co-operative Bank of Kenya Limited (Co-op Bank) effective August 21, 2020. This follows CBKs approval on August 3, 2020 under Section 13 (4) of the Banking Act, and approval by the Cabinet Secretary for the National Treasury and Planning on August 4, 2020 pursuant to Section 9 of the Banking Act. Co-op Bank commenced operations in 1965 and is owned predominantly by the 15 million member Kenyan co-operative movement. It was listed on the Nairobi Securities Exchange in 2008. It was ranked 3 out of 39 banks in terms of market share as at June 30, 2020, with a market share of 9.96 percent and 159 branches in Kenya and South Sudan. JBB was established in 2010 after the acquisition by City Finance Bank Limited of the business of Jamii Bora Kenya Limited, a Micro Finance Institution. The bank was ranked 38 out of 39 banks in terms of market share as at June 30, 2020, with a market share of 0.09 percent and 17 branches across the country. As was announced earlier, CBK welcomes this transaction which will diversify the business models of the two institutions, benefitting Co-op Banks diverse shareholders and enhancing the resilience of the Kenyan banking sector. So far, the measures taken by CBK in the recent past to strengthen the banking sector, including review of business models and consolidation, have been beneficial in enabling the sector ride through the pandemic period while supporting their customers and the economy. CENTRAL BANK OF KENYA August 7, 2020",Press Release,https://www.centralbank.go.ke/uploads/press_releases/555695863_Press Release - Acquisition of JBB by Co-op Bank - Aug 2020.pdf
,Cts%20Press%20Release,"PRESS RELEASE CHEQUE TRUNCATION SYSTEM YET ANOTHER MILESTONE IN THE MODERNISATION OF KENYAS PAYMENTS SYSTEM The Central Bank of Kenya in conjunction with the Kenya Bankers Association (KBA) is pleased to announce the implementation of the Cheque Truncation System (CTS) in the Automated Clearing House. Cheque truncation refers to a process in which physical cheques presented for payment in a bank by individuals or corporate bodies are converted into electronic form and the image transmitted electronically to the Clearing House for processing and eventual payment by the paying bank (i.e. the drawers bank). The new system will eliminate the hitherto manual cheque clearing by automating the entire clearing cycle. The system is expected to go live in June 2011. The system will benefit banks and the public in a number of ways including  Efficient and streamlined clearing process for cheque payment and reduction of the cheque clearing days.  Reduced costs associated with handling physical cheques  Shorter clearing cycle facilitating early access to funds by cheque beneficiaries part of payments and clearing systems efficiency.  Reduction of risks associated with manual and longer cheque clearing cycle and quick detection of fraud.  On the go live date, the whole country will be on one clearing zone at three cheque clearing days (T3) and this is expected to gradually reduce to one day cheque clearing (T1). To facilitate implementation of the system, the Kenya Bankers Association has introduced new cheques whose design complies with the security and operational requirements of the system. However all current cheques in use will be accepted for clearing until 1st June 2011. Banks have already started replacing old cheques with new Cheque Truncation System compliant cheques. The public is hereby requested to visit their banks to familiarize themselves with the new cheque designs and surrender unused cheque books of old design in their possession in order to be issued with Cheque Truncation System compliant cheques. For more information on cheque truncation, kindly contact your banks or visit the Central Banks website www.centralbank.go.ke or e-mail us at infocentralbank.go.ke. You may also contact the Kenya Bankers Association (KBA) on telephone 2221704 22217757 or e-mail ceokba.co.ke CENTRAL BANK OF KENYA KENYA BANKERS ASSOCIATION APRIL 4TH, 2011",Press Release,https://www.centralbank.go.ke//images/docs/media/2012/cts%20press%20release.pdf
,"1856670735_Press Release   Acquisition Of 62.5 Percent Of The Issued Share Capital Of First Community Bank Limited By Premier Bank Limited, Somalia","PRESS RELEASE ACQUISITION OF 62.5 PERCENT OF THE ISSUED SHARE CAPITAL OF FIRST COMMUNITY BANK LIMITED BY PREMIER BANK LIMITED, SOMALIA The Central Bank of Kenya (CBK) announces the acquisition of 62.5 percent of the shareholding of First Community Bank Limited (FCB) by Premier Bank Limited, Somalia (PBLS) effective March 27, 2023. This follows CBKs approval on March 13, 2023, under Section 13(4) of the Banking Act and approval by the Cabinet Secretary for the National Treasury and Planning on March 16, 2023, pursuant to Section 9(1) of the Banking Act. FCB was licensed by CBK to conduct Shariah-compliant banking business on April 29, 2008. The bank has eighteen (18) branches, spread across the country. The bank specializes in the provision of Shariah-compliant banking services to corporate and retail clients. It is categorized as a small bank with a market share of 0.3 percent as at December 31, 2022. PBLS was licensed in 2014 by the Central Bank of Somalia and it offers a wide range of financial products and services. It is a privately-owned Shariah-compliant commercial bank with 20 branches, 80 ATMs and over 600 point-of-sales merchants. It is among the large banks in Somalia accounting for 16 percent of the banking sector assets. PBLSs business model mainly focuses on retail, small and medium sized enterprises (SMEs) and corporates. PBLS is the first bank in Somalia to establish a majority- owned banking subsidiary in Kenya. The acquisition will strengthen the trade and investment ties between Kenya and Somalia. CBK welcomes this transaction that will diversify and strengthen the resilience of the Kenyan banking sector. CENTRAL BANK OF KENYA March 17, 2023",Press Release,"https://www.centralbank.go.ke/uploads/press_releases/1856670735_Press Release - Acquisition of 62.5 Percent of the Issued Share Capital of First Community Bank Limited by Premier Bank Limited, Somalia.pdf"
,432835675_Press Release   Kenya Foreign Exchange Code,"PRESS RELEASE KENYA FOREIGN EXCHANGE CODE The Central Bank of Kenya (CBK) announces the issuance of the Kenya Foreign Exchange Code (the FX Code) to commercial banks. The FX Code sets out standards for commercial banks, and aims to strengthen and promote the integrity and effective functioning of the wholesale foreign exchange (FX) market in Kenya. It will facilitate better functioning of the market, reinforcing Kenyas flexible exchange rate regime for greater resilience of the economy. The FX Code focuses on six leading principles to be adhered to by institutions  Ethics Ethical and professional behavior when operating in the FX market.  Governance Implementation of a sound and effective governance framework to oversee FX market activity.  Execution Exercising due care when negotiating and executing transactions.  Information Sharing Clarity and accuracy in communication.  Risk Management and Compliance Development and maintenance of a robust control and compliance framework.  Confirmation and Settlement Processes Ensuring predictable, smooth, and timely settlement of FX transactions. Kenyas FX market has expanded significantly over the years in tandem with global developments. It is an important enabler of trade, investments, and remittances into and out of the Kenyan economy. Progressively, the Central Bank of Kenya (CBK) in its oversight role over the FX market has enhanced the regulation and surveillance of the market. CBK continues to closely monitor the market considering its growing complexity and emerging risks to fair and effective trading. It is against this backdrop that CBK has issued the FX Code. In preparing this FX Code, CBK has also benefitted from related guidance issued by global standard-setting bodies as well as by supervisory authorities in other jurisdictions. In particular, the FX Code draws from the Global Foreign Exchange Code (Global Code) customized as appropriate to the Kenyan context. To help restore trust and promote the effective functioning of the global FX market, the Bank for International Settlements (BIS) spearheaded the development of the Global Code. In developing the Global Code, BIS worked with various market participants from various jurisdictions including Central Banks, banks, asset management firms and corporates. The Global Code provides a common set of guidance to participants to underpin effective functioning of the FX market. Additionally, it provides a set of principles universally recognized as best practices. To date, 51 countries have stated their commitment to the Global Code. CBK will continue to work with all stakeholders to ensure the integrity and effective functioning of the FX market in Kenya. CENTRAL BANK OF KENYA March 22, 2023",Press Release,https://www.centralbank.go.ke/uploads/press_releases/432835675_Press Release - Kenya Foreign Exchange Code.pdf
,1843446732_Joint Press Release   Public Notice On Fraudulent And Unlicensed Financial Schemes,"PUBLIC NOTICE FRAUDULENT AND UNLICENSED FINANCIAL SCHEMES As the coronavirus (COVID-19) pandemic continues to unfold, we warn the public of the re-emergence of fraudulent and unlicensed financial schemes seeking to take advantage of Kenyans during these challenging times. These rogue entities include online pyramid schemes, unlicensed credit and savings schemes, and unlicensed online forex brokers and traders. Some of the fraudulent entities have styled themselves as online global networking companies that seek to recruit members of the public to join and make cash deposits purportedly to buy shares in the company. The encouragement to recruit new members in order to receive more benefits is a characteristic of a fraudulent pyramid scheme. We had previously, issued a Public Notice in July 2018 warning the public against such unlicensed financial services and products. Other fraudulent unregulated entities styling themselves as online foreign exchange (forex) brokers and traders have also emerged. These entities promise customers huge returns and are not licensed as required, either as online forex brokers or traders by the Capital Markets Authority (CMA) or as forex dealers by the Central Bank of Kenya (CBK). CMA licenses and regulates online forex brokerage and trading, and other capital market products while CBK licenses and regulates all forex dealers and the Kenya Shilling component of any online forex trading and brokerage. These rogue entities seek to exploit Kenyans and pose Money Laundering and Financing of Terrorism risks to the financial sector. CBK had previously issued a Public Notice in August 2019 warning the public against unlicensed forex dealers. The purpose of this notice is to warn members of the public against dealing with unlicensed financial schemes and unlicensed online forex dealers. The public should only deal with licensed financial institutions and entities in order to protect themselves from being defrauded and losing their money. Members of the public are reminded that in addition to a business permit, regulated financial institutions are required to have a valid license issued by a financial sector regulator. The list of financial institutions licensed by the financial sector regulators may be accessed from the Central Bank of Kenyas website www.centralbank.go.ke, Sacco Societies Regulatory Authoritys website www.sasra.go.ke Capital Markets Authoritys website www.cma.or.ke Insurance Regulatory Authoritys website www.ira.go.ke and the Retirements Benefits Authoritys website www.rba.go.ke. Inquiries on the activities of all other cooperative societies or nondeposit-taking SACCOs should be directed to the office of the Commissioner for Cooperative Development or the nearest CountySub-County Cooperative offices. The Commissioner for Cooperative Development can be reached through contacts on the website www.ushirika.go.ke . Appropriate action will be taken against unlicensed entities involved in the provision of fraudulent or unlawful financial services, and unlicensed forex dealers. Members of the public should therefore report individuals and entities offering unlicensed or fraudulent financial services and unlicenced forex dealers to any of the financial sector regulators through the contacts available on their websites. We welcome innovative legitimate businesses who meet the stipulated licensing criteria to the financial sector to provide Kenyans with a variety of suitable financial services and products. CAPITAL MARKETS AUTHORITY CENTRAL BANK OF KENYA INSURANCE REGULATORY AUTHORITY MINISTRY OF AGRICULTURE, LIVESTOCK, FISHERIES AND COOPERATIVES RETIREMENT BENEFITS AUTHORITY SACCO SOCIETIES REGULATORY AUTHORITY AUGUST 25, 2020 2",Press Release,https://www.centralbank.go.ke/uploads/press_releases/1843446732_Joint Press Release - Public Notice on Fraudulent and Unlicensed Financial Schemes.pdf
,2069457347_Press Release   Licensing Of 7 Additional Digital Credit Service Providers,"PRESS RELEASE LICENSING OF DIGITAL CREDIT PROVIDERS The Central Bank of Kenya (CBK) announces the licensing of an additional 7 Digital Credit Providers (DCPs). This is pursuant to Section 59(2) of the Central Bank of Kenya Act (CBK Act). This brings the number of licensed DCPs to 58 following the licensing of 19 DCPs announced in March 2024. CBK has received more than 550 applications since March 2022 and has worked closely with the applicants in reviewing their applications. Additionally, CBK has engaged other regulators and agencies pertinent to the licensing process, including the Office of the Data Protection Commissioner. The focus of the engagements has been inter alia on business models, consumer protection and fitness and propriety of proposed shareholders, directors, and management. This is to ensure adherence to the relevant laws and importantly that the interests of customers are safeguarded. We acknowledge the efforts of the applicants and the support of other regulators and agencies in this process. Details of the 58 licensed DCPs can be accessed here. Other applicants are at different stages in the process, largely awaiting the submission of requisite documentation. We urge these applicants to submit the pending documentation expeditiously to enable completion of the review of their applications. Reports by the public on unregulated DCPs can be sent through dcpscentralbank.go.ke. The licensing and oversight of DCPs as indicated previously, was precipitated by concerns raised by the public about the predatory practices of the unregulated DCPs, and in particular, their high cost, unethical debt collection practices, and the abuse of personal information. CENTRAL BANK OF KENYA June 27, 2024 C2 CBK - Official",Press Release,https://www.centralbank.go.ke/uploads/press_releases/2069457347_Press Release - Licensing of 7 Additional Digital Credit Service Providers.pdf
,756999962_Communiqué   28Th Ordinary Meeting Of The East African Community Monetary Affairs Committee 9Th May 2025,"28TH ORDINARY MEETING OF THE EAST AFRICAN COMMUNITY MONETARY AFFAIRS COMMITTEE, 9TH MAY 2025 COMMUNIQU 1. The 28th ordinary meeting of the East African Community (EAC) Monetary Affairs Committee (MAC) was held in Mombasa, Kenya on 9th May 2025. The meeting was chaired by Dr. Kamau Thugge, Governor of the Central Bank of Kenya and current Chairperson of MAC. The meeting was attended by Governors and Senior Officials of the EAC Partner State Central Banks, and the EAC Secretariat. Present were  Dr. Kamau Thugge, Governor of the Central Bank of Kenya  Mr. Edouard Normand Bigendako, Governor of the Bank of the Republic of Burundi  Hon. Soraya Hakuziyaremye, Governor of the National Bank of Rwanda  Hon. Johnny Ohisa Damian, Governor of the Bank of South Sudan  Hon. Emmanuel M. Tutuba, Governor of the Bank of Tanzania  Dr. Ali Yassin Sheikh, Deputy Governor of the Central bank of Somalia  Dr. Adam Mugume, Executive Director, Research and Economic Analysis, Representing Governor of the Bank of Uganda Ms. Marie Malangu Kabedi Mbuyi, Governor of the Central Bank of Democratic Republic of Congo, was unable to attend the meeting and sent apologies. 2 The Meeting was also attended by Ms. Annette Mutaawe Ssemuwemba, Deputy Secretary General (Customs, Trade and Monetary Affairs), at the EAC Secretariat. 2. The Governors welcomed the Central Banks of Somalia and the Democratic Republic of Congo who were attending the MAC meeting for the first time since their respective countries joined the East African Community. The Governors pledged to provide all necessary support to the two central banks as they integrate into the EAC. They also took the opportunity to congratulate the Governor of the Bank of South Sudan for his reappointment and the Governors of the National Bank of Rwanda and the Bank of Uganda, for the promotions to their duties and wished them success in their new roles. 3. The meeting was held against a backdrop of elevated uncertainties to the global economic outlook, arising from heightened trade tensions and persistent geopolitical concerns. Additionally, global inflation is expected to decline at a slower pace due to the impact of higher trade tariffs, and the adverse impact of climate change. 4. The Committee observed that economic performance in the EAC region has remained relatively resilient, despite the global shocks. In 2024, GDP growth varied among Partner States, with some recording robust growth that signalled sustained economic momentum, largely supported by good performance of agriculture sector, and the resilience of the services, mining and oil sectors. Nevertheless, a few economies slowed down partly due to global and domestic shocks. 5. The Committee also noted the strong growth outlook for the EAC economies, with real GDP projected at 5.8 percent in 2025, which is higher than the projected growth globally and in Sub-Saharan Africa. The growth outlook will be supported by expected continued strong performance of agriculture and services sectors. In addition, supportive government policies and macroeconomic stability are expected to provide impetus to growth. 3 6. Despite this positive growth outlook, the Committee noted that there are downside risks, mainly related to global trade tensions and geopolitical concerns. Additionally, the climate related risks remain elevated. 7. The Committee further noted that the average inflation in the region declined to 9.0 percent in 2024 from 11.2 percent in 2023, reflecting the impact of monetary policy measures, improved food supply owing to favourable weather conditions in most Partner States, and easing global commodity prices. Inflation is expected to continue moderating across most Partner States in 2025. However, there are risks, particularly arising from climate and global shocks. 8. The meeting reviewed progress made in the implementation of the revised roadmap towards realization of the East Africa Monetary Union (EAMU) by 2031 and noted that significant progress has been made in the harmonisation of monetary and exchange rate policies harmonising principles and rules for the regulation and supervision of the regions financial system harmonisation of information technology infrastructure enhancing risk and crisis management frameworks to ensure the stability of the regions financial systems adopting climate- risk awareness promoting the use of the regional cross-border payments system (EAPS) and harmonisation of payment systems governance, legal, regulatory framework and standards. The Governors also noted that Partner States have made notable progress in the implementation of the EAC Macroeconomic Convergence Criteria. The Governors pledged to continue working with the relevant authorities to expedite implementation of the revised EAMU roadmap. 9. The Committee noted that the financial sector in the EAC Region remains stable and resilient on account of adequate capital and liquidity buffers. The main risks noted relate to decelerating growth in credit to the private sector, elevated cyber security threats, and AMLCFT compliance risks. The outlook remains positive on the",Press Release,https://www.centralbank.go.ke/uploads/press_releases/756999962_Communiqué - 28th Ordinary Meeting of the East African Community Monetary Affairs Committee 9th May 2025.pdf
,1908080057_Press Release   Emergency Measures To Mitigate The Adverse Economic Effects On Bank Borrowers From The Coronavirus Pandemic,"PRESS RELEASE EMERGENCY MEASURES TO MITIGATE THE ADVERSE ECONOMIC EFFECTS ON BANK BORROWERS FROM THE CORONAVIRUS PANDEMIC Following a meeting with commercial banks on Monday, March 16, 2020, the Central Bank of Kenya (CBK) announces a set of measures that commercial banks will undertake in order to alleviate the adverse economic effects their customers may face from the Coronavirus pandemic (COVID-19). While the extent of the adverse effects are still evolving, it is already evident that the impact on some of the customers may be severe. To help alleviate the adverse effects, the following emergency measures will apply for borrowers whose loan repayments were up to date as at March 2, 2020. 1. Banks will seek to provide relief to borrowers on their personal loans based on their individual circumstances arising from the pandemic. 2. To provide relief on personal loans, banks will review requests from borrowers for extension of their loan for a period of up to one year. To initiate this process, borrowers should contact their respective banks. 3. Medium-sized enterprises (SMEs) and corporate borrowers can contact their banks for assessment and restructuring of their loans based on their respective circumstances arising from the pandemic. 4. Banks will meet all the costs related to the extension and restructuring of loans. 5. To facilitate increased use of mobile digital platforms, banks will waive all charges for balance inquiry. 6. As earlier announced, all charges for transfers between mobile money wallets and bank accounts will be eliminated. CBK will closely monitor the implementation of these measures, particularly in light of the fast-evolving nature of the economic impact of the pandemic. CENTRAL BANK OF KENYA March 18, 2020",Press Release,https://www.centralbank.go.ke/uploads/press_releases/1908080057_Press Release - Emergency Measures to Mitigate the Adverse Economic Effects on Bank Borrowers from the Coronavirus Pandemic.pdf
,1685383285_Press Release Muungano Mfb,"PRESS RELEASE CBK LICENSES THE FOURTEENTH MICROFINANCE BANK  MUUNGANO MICROFINANCE BANK PLC The Central Bank of Kenya (CBK) announces the granting of a licence to Muungano Microfinance Bank PLC (Muungano MFB) to carry out community based microfinance banking business. The licence has been issued pursuant to Section 6 (1) of the Microfinance Act, 2006 and Regulation 5 (3) of the Microfinance Regulations, 2008. The Microfinance Act provides for nation-wide microfinance banks that cover the whole country. It also provides for community-based microfinance banks that cover a specific administrative area. Muungano MFB is a Kenyan owned company limited by shares with its head office and branch located at the EastEnd Mall, Kangari Township, Muranga County. It is the first microfinance bank to set-up its head office and operations outside Nairobi. The MFB intends to target the rural small-scale farmers in Kigumo Sub County, Muranga County through value chain financing. Their flagship products are designed to enable farmers to purchase assets, such as dairy cow breeds, quality feeds and appropriate storage. The licensing of Muungano MFB, being an agri-focused MFB will enhance access to effective financial products for rural smallholder farmers to boost their crop production and income. This will in turn contribute to the Governments Big 4 Agenda of Food Security. CENTRAL BANK OF KENYA November 29, 2019",Press Release,https://www.centralbank.go.ke/uploads/press_releases/1685383285_Press Release Muungano MFB.pdf
,1155998000_Press Release   Revocation Of Payu Kenya Limited Authorisation,"PRESS RELEASE REVOCATION OF PAYU KENYA LIMITED AUTHORISATION The Central Bank of Kenya (CBK) has revoked the authorisation of PayU Kenya Limited (PayU) as a licensed Payment Service Provider (PSP). This is after PayU made an official application to voluntarily cease business operations in Kenya. PayU was licensed by CBK to operate as a PSP on March 23, 2023. The decision to cease operations in Kenya was made by the PayU Board of Directors, pursuant to an informed consideration and review of its strategic plan as a business enterprise going forward. Consequently, PayU has adhered to all the legal and regulatory requirements related to the cessation of business operations, including the payment of funds owed to customers of PayU. Following the exit of PayU from Kenya and pursuant to Section 15 of the National Payment System Act, 2011, and Regulation 10 of the National Payment System Regulations, 2014, the public is hereby notified that PayU will no longer conduct the business of a payment service provider in Kenya. CBK remains committed to ensuring the safety, stability, integrity and efficiency of the payment ecosystem in Kenya. CENTRAL BANK OF KENYA OCTOBER 24, 2025 C2 CBK - Official",Press Release,https://www.centralbank.go.ke/uploads/press_releases/1155998000_Press Release - Revocation of PayU Kenya Limited Authorisation.pdf
,207307664_Mpc Press Release   Meeting Of August 9 2023,"BANKI CENTRAL KUU YA BANK OF GOVERNOR KENYA KENYA Haile Selassie Avenue P. O. Box 60000-00200 Nairobi, Kenya Telephone 254 20 2861003 PRESS R ELEASE MONETARY POLICY COMMITTEE ME ETING The Monetary Policy Committee (MPC) met on August 9, 2023, against a backdrop of continued global uncertainties, high but easing inflationary pressures, a weak global growth outlook, geopolitical tensions, and measures taken by authorities around the world in response to these developments. The MPC reviewed the outcomes of its previous decisions and measures implemented to mitigate the adverse economic impact and financial disruptions.  The global growth outlook is expected to decelerate from 3.5 percent in 2022 to 3 percent in 2023, reflecting the impact of the tightening of monetary policy, and escalation of geopolitical tensions particularly the ongoing war in Ukraine. Additionally, headline inflation rates in advanced economies have continued to ease, but have remained above the respective targets with persistent core inflationary pressures. Commodity prices in the global markets, particularly of oil and food, remain below the peak levels witnessed in 2022.  Overall inflation in Kenya declined to 7.3 percent in July 2023 from 7.9 percent in June, driven by lower food and non-food non-fuel (NFNF) inflation. The inflation rate, therefore, returned to the target range of 5  2.5 percent. Food inflation eased to 8.6 percent in July from 10.3 percent in June, reflecting declines in prices of key vegetable and non-vegetable food items following improved supply attributed to the long rains, and lower global food prices. Fuel inflation rose to 14.5 percent in July from 12.9 percent in June, mainly reflecting the impact of the increase in electricity prices and implementation of the 16 percent VAT on petroleum products. Nevertheless, fuel inflation was moderated by lower prices of cooking gas following the zero-rating of VAT on liquefied petroleum gas (LPG). The NFNF inflation declined to 3.8 percent in July from 4.1 percent in June, indicating the easing of inflationary pressures attributed to the monetary policy measures. Overall inflation is expected to moderate further in the near term, supported by lower food prices attributed to improving supply of key food items particularly maize, and the implementation of Government measures to improve the supply of sugar through imports.  A Survey of the Agriculture Sector conducted ahead of the MPC meeting showed that prices of key food items, except sugar and onions, had declined. Additionally, respondents expect the supply of key food items to increase in the coming months with onset of harvests in some regions of the country. Nevertheless, respondents identified weather conditions, transport costs, and high input costs as the major factors impacting output and prices of key food items. The Survey revealed that banks and the Hustler Fund are among the main sources of credit for farmers.  The recently released GDP data for the first quarter of 2023 showed continued strong performance of the Kenyan economy, with real GDP growing by 5.3 percent. This performance reflects a strong rebound in the agriculture sector due to favourable weather conditions and resilient performance of the services sector. Leading indicators of economic activity pointed to continued strong performance in the second quarter of 2023. Despite the global uncertainties, the economy is expected to continue to strengthen in 2023, supported by resilient services sector, the rebound in agriculture, and implementation of measures to boost economic activity in priority sectors by the Government.  Goods exports have remained resilient, increasing by 2.1 percent in the 12 months to June 2023 compared to a similar period in 2022. Receipts from tea and manufactured exports increased by 7.0 percent and 23.0 percent, respectively. The increase in tea export receipts reflects higher prices due to demand from traditional markets. Imports declined by 6.1 percent in the 12 months to June 2023 from a growth of 20.2 percent in a similar period in 2022, reflecting lower imports of infrastructure related equipment due to completed projects as well as manufactured goods. Oil prices have continued to ease since the fourth quarter of 2022. Receipts from services exports increased reflecting improvement in international travel and transport. Remittances totalled USD4,017 million in the 12 months to June 2023, and were 0.1 percent higher compared to a similar period in 2022. The current account deficit is estimated at 4.2 percent of GDP in the 12 months to June 2023 and is projected to improve from the 5.1 percent of GDP in 2022 to 4.8 percent of GDP in 2023.  The CBK foreign exchange reserves, which currently stand at USD7,338 million (4.01 months of import cover), continue to provide adequate cover and a buffer against any short-term shocks in the foreign exchange market.  The banking sector remains stable and resilient, with strong liquidity and capital adequacy ratios. The ratio of gross non-performing loans (NPLs) to gross loans stood at 14.5 percent in June 2023 compared to 14.9 percent in May. Decreases in NPLs were noted in the transport and communication, agriculture, manufacturing, and personal and household sectors. Banks have continued to make adequate provisions for the NPLs.  Growth in private sector credit stood at 12.2 percent in June 2023 and 13.2 percent in May. Strong credit growth was observed in manufacturing (18.0 percent), transport and communication (19.9 percent), trade (12.5 percent), and consumer durables (11.8 percent). The number of loan applications and approvals remained strong, reflecting resilience in economic activities.  The Committee noted the outcome of the FY202223 Government Budget operations, which resulted in a lower budget deficit of 5.3 percent of GDP from 6.2 percent of GDP in FY202122. Additionally, the MPC noted the ongoing implementation of the FY202324 Government Budget, which continues to reinforce fiscal consolidation. The MPC welcomed the efforts by the National Treasury to source new external financing for the Budget. The Committee noted that as a result of the identified new external financing, the projected net domestic borrowing by the Government had been reduced from Ksh.586.5 billion to Ksh.316 billion, which is consistent with our economic programme. The MPC observed that the revised borrowing requirements should exert downward pressure on domestic interest rates, while the additional external financing will bolster the foreign reserves of the CBK.  In line with the reforms outlined in the White Paper on Modernisation of the Monetary Policy Framework and Operations, the MPC also considered and approved a new monetary policy implementation framework designed to enhance monetary policy transmission. This new framework is based on inflation targeting and introduces an interest rate corridor around the Central Bank Rate (CBR) set at  250 basis points. Henceforth, the monetary policy operations will be aimed at ensuring the interbank rate, as an operating target, closely tracks the CBR. In addition, to improve access to the Discount Window, the Committee agreed to reduce the applicable interest rate from the current 600 basis points above CBR to 400 basis points above CBR. The MPC noted that inflation is already within the target band and is expected to decline further as food inflation is expected to come down. The Committee also noted that inflationary pressures had eased as NFNF inflation declined. The Committee further noted that the impact of the tightening of monetary policy in June 2023 to anchor inflationary expectations was still transmitting in the economy. In view of these developments, the MPC decided to retain the Central Bank Rate (CBR) at 10.50 percent. The Committee will closely monitor the impact of the policy measures, as well as developments in the global and domestic economy, and stands ready to take further action as necessary. The Committee will meet again in October 2023. Dr. Kamau Thugge, CBS CHAIRMAN, MONETARY POLICY COMMITTEE August 9, 2023",Press Release,https://www.centralbank.go.ke/uploads/mpc_press_release/207307664_MPC Press Release - Meeting of August 9 2023.pdf
,1013398661_Press Release   Acquisition Of 20 Percent Of The Issued Share Capital Of Credit Bank Plc By Shorecap Iii Lp,"PRESS RELEASE ACQUISITION OF 20 PERCENT OF THE ISSUED SHARE CAPITAL OF CREDIT BANK PLC BY SHORECAP III, LP The Central Bank of Kenya (CBK) announces the acquisition of 20 percent of the shareholding of Credit Bank PLC (CBP) by Shorecap III, LP (Shorecap) effective June 15, 2023. This follows CBKs approval on April 24, 2023, under Section 13(4) of the Banking Act and approval by the Cabinet Secretary for the National Treasury and Planning on April 28, 2023, pursuant to Section 9(1) of the Banking Act. CBP was licensed by CBK as a non-banking financial institution in 1986 under the name Credit Kenya Limited. It converted to a fully-fledged commercial bank in 1995. The bank has seventeen (17) branches, spread across the country. The bank specializes in the provision of banking services to small corporates and Micro, Small and Medium-sized Enterprises (MSMEs). It is categorized as a small bank with a market share of 0.5 percent as at March 31, 2023. Shorecap is a private equity fund registered under the laws of Mauritius, with Equator Capital Partners LLC as the managers of the fund. It is established by a Limited Partnership Agreement and its shares are owned by ShoreCap III GP Limited, African Development Bank Group, CDC Holdings Guernsey Limited, European Investment Bank, KfW Development Bank and Oesterreichische Entwicklungsbank AG (OeEB). ShoreCaps business model mainly focuses on investing in inclusive financial services in Asia and Africa. The ultimate objective of the fund is to expand access to affordable and responsive financial products and services for the underserved market segments. CBK welcomes this transaction that will diversify and strengthen the resilience of the Kenyan banking sector. CENTRAL BANK OF KENYA May 22, 2023",Press Release,https://www.centralbank.go.ke/uploads/press_releases/1013398661_Press Release - Acquisition of 20 Percent of the Issued Share Capital of Credit Bank PLC by Shorecap III LP.pdf
,1050678651_Cbk Press Release On New Website,"NEW CBK WEBSITE NAIROBI, Kenya  The Central Bank of Kenya (CBK) has today launched a new website as part of its 50th anniversary celebrations. The new website retains the best features of the old, but includes several additions that make it easy to navigate and access while focusing on simplicity and clarity. The new website has been re-designed to allow for a creative and functional user experience, drawing from feedback on userstakeholder expectations. The website is also more interactive and has an improved overall look and feel using modern aesthetics. In the re-design, CBK has taken into account the fact that websites have effectively become the default access tools from which individuals can obtain relevant information about an institution. CBK is therefore keen to make use of this digital channel to enable diverse stakeholders access information in an intuitive and seamless manner. CENTRAL BANK OF KENYA www.centralbank.go.ke Twitter CBKKenya CBKat50 September 11, 2016",Press Release,https://www.centralbank.go.ke/uploads/press_releases/1050678651_CBK PRESS RELEASE ON NEW WEBSITE.pdf
,1953594913_Press Release   Absa Bank Plc,"PRESS RELEASE CORPORATE BRAND AND NAME TRANSFORMATION OF BARCLAYS BANK OF KENYA TO ABSA BANK KENYA PLC On February 10, 2020, Barclays Bank of Kenya (BBK) unveiled its new corporate brand and name, ABSA Bank Kenya PLC (ABSA Kenya). This followed approval by the Central Bank of Kenya (CBK) of the change of name on August 14, 2018 pursuant to Section 3 of the Banking Act. The Registrar of Companies pursuant to the Companies Act, 2015 effected the name change on February 7, 2020. The transformation to ABSA Kenya draws the curtain on the 104 years that the Barclays brand has been part of Kenyas history, from the colonial days to independence and to the present. Over this period, BBK transitioned from serving the interests of the British colonial settlers to serving a wide clientele through products and services that exemplify innovation and support the Kenyan entrepreneurial spirit. Kenya is at a critical juncture with emerging opportunities but with attendant risks. The time is opportune for the Kenyan banking sector to work for and with Kenyans to realize their aspirations. There are however long standing challenges bedeviling the banking sector that could threaten this favorable outlook. In particular, banks have been seen as not being sensitive to the needs of Kenyans through high cost of credit, opaqueness and poor customer service. To address these challenges, the Banking Sector Charter was issued in 2019 to move banks towards customer centricity, risk based credit pricing, transparency and doing the right thing. It is critical that ABSA Kenya rises to these challenges with a sense of responsibility that encompasses its 104 years heritage. Only by being more customer centric, fair and responsible in pricing, transparent and ethical will ABSA Kenya breathe life into its transformation. The true affirmation of ABSA Kenyas transformation can only come from the changed lives of its customers through shared growth and prosperity of a broader segment of Kenyas populace. CENTRAL BANK OF KENYA February 18, 2020",Press Release,https://www.centralbank.go.ke/uploads/press_releases/1953594913_Press Release - ABSA Bank PLC.pdf
,988888658_Press Release   Reintroduction Of Charges For Mobile Money Wallet And Bank Account Transactions,"PRESS RELEASE REINTRODUCTION OF CHARGES FOR MOBILE MONEY WALLET AND BANK ACCOUNT TRANSACTIONS The Central Bank of Kenya (CBK) announces the reintroduction of charges for transactions between mobile money wallets and bank accounts, which were waived on March 16, 2020, as part of the emergency measures to facilitate use of mobile money in the context of the COVID-19 (Coronavirus) pandemic. The new charges are significantly lower than those that applied before and will apply after January 1, 2023. While COVID-19 adversely impacted peoples livelihoods and businesses, mitigation measures enabled the payments ecosystem to protect vulnerable Kenyans, support businesses, and strengthen economic resilience. As a result, the payments ecosystem expanded significantly. Between March 2020 and October 2022  The number of Kenyans actively using mobile money increased by over 6.2 million.  The monthly volume and value of P2P transactions increased from 162 million transactions worth Ksh.234 billion, to 440 million transactions worth Ksh.399 billion, an increase of 171 percent and 71 percent, respectively.  The monthly volume and value of transactions between PSPs and banks increased from 18 million transactions worth about Ksh.157 billion, to over 113 million transactions worth Ksh.800 billion, an increase of 527 percent and 410 percent, respectively. This outcome confirms that the mitigation measures were timely and effective, and resulted in significant benefits across the financial system. The resumption of revised charges is aimed at building on these gains, facilitate a transition towards sustainable growth of the mobile money ecosystem, and ensuring affordability of payment services for Kenyans. Following consultations with PSPs and banks, CBK has reviewed the applicable maximum charges for transactions between mobile money and bank accounts, and their alignment to the Pricing Principles.1 Relative to the charges that applied until March 16, 2020, the reintroduced charges have the following elements 1. The revised maximum charges for transfers from bank accounts to mobile money wallets will be reduced by on average up to 61 percent, and mobile money wallet to bank account by on average up to 47 percent. 1 Pricing Principles were issued by the CBK on December 17, 2020, as the guiding framework for setting tariffs and charges for mobile money services. The Pricing Principles relate to customer centricity, transparency and disclosure, fairness and equity, choice and competition, and affordability. 1 2. Tariffs for paybills that are used to collect and disburse funds by businesses, companies, and institutions such as schools, utilities, etc, will be reduced by on average 50 percent. 3. The charges levied by banks for bank to mobile money transactions will be reduced by on average 45 percent. The revised charges for bank to wallet and wallet to bank transactions will be announced by respective PSPs and banks and will be effective from January 1, 2023. CBK reiterates its commitment to facilitate emergence of a payments ecosystem that works for and with Kenyans. CBK will continue to monitor developments in the payments ecosystem and take action where necessary. CENTRAL BANK OF KENYA December 6, 2022 2",Press Release,https://www.centralbank.go.ke/uploads/press_releases/988888658_Press Release - Reintroduction of Charges for Mobile Money Wallet and Bank Account Transactions.pdf
,2093481458_Press Release   Acquisition Of Habib Bank Kenya Branch By Diamond Trust Bank,"PRESS RELEASE ACQUISITION OF HABIB BANK LIMITED KENYA BRANCH BY DIAMOND TRUST BANK KENYA LIMITED The Central Bank of Kenya (CBK) announces that Diamond Trust Bank Kenya Limited (DTB) has acquired 100 percent of Habib Bank Limited Kenya (HBLK), effective August 1, 2017. HBLK is fully owned by Habib Bank Limited (HBL) whose head office is based in Pakistan. HBL is an existing shareholder in DTB. This acquisition follows CBKs approval on June 21, 2017, for HBL to acquire an additional 4.18 percent shareholding in DTB under section 13 (4) of the Banking Act, as a consideration for the acquisition. Subsequently, approval was granted by the Cabinet Secretary, National Treasury on July 7, 2017, for DTB to acquire the Business, Assets and Liabilities of HBLK as provided under Section 9 of the Banking Act. Consequently, effective August 1, 2017, HBLK will cease to be a bank licensed by CBK, and its rights and obligations will be taken up by DTB. All HBLK stakeholders including depositors, borrowers, employees, and creditors will therefore continue their relationships with DTB. DTB was licensed in 1997, and was ranked 6th in terms of market share as at May 31, 2017, with 63 branches. HBLK was licensed in 1956, and was ranked 33rd in terms of market share as at May 31, 2017, with 5 branches. Taken together, they had a combined market share of about 6 percent as at May 31, 2017. DTB has a banking presence in Kenya, Uganda, Burundi and Tanzania, and is listed at the Nairobi Securities Exchange. CENTRAL BANK OF KENYA July 28, 2017",Press Release,https://www.centralbank.go.ke/uploads/press_releases/2093481458_Press Release - Acquisition of Habib Bank Kenya Branch by Diamond Trust Bank.pdf
,1075331935_Press Release   Survey On Customer Experience On The Total Cost Of Credit (Tcc) Website,"PRESS RELEASE SURVEY ON CUSTOMER EXPERIENCE ON THE TOTAL COST OF CREDIT (TCC) WEBSITE The Central Bank of Kenya (CBK) in partnership with Kenya Bankers Association (KBA) developed and launched the Total Cost of Credit (TCC) Website in June 2017. The platform was developed to promote transparency in the banking sector and to help borrowers clearly understand the full cost of credit before taking out loans. The TCC website has become an important tool for individuals and businesses seeking to compare loan products offered by different financial institutions. While the website has increased transparency for banking products, the website has not kept up with the evolving financial landscape hence prompting the need to revamp the platform. Following this need, CBK is conducting a survey to gauge customer experience with the website. The survey aims to assess its usability, identify areas of improvement, and enhance its role in promoting financial literacy and informed borrowing. CBK therefore, requests customers of commercial banks, mortgage finance companies and microfinance banks and the general public to complete the survey. The survey link can be accessed at the Total Cost of Credit Website Customer Experience Survey (httpsforms.office.comrd8FNWvt5e5) and should be completed by July 15, 2025. In case of any difficulties accessing the form or any related queries, you may contact CBK via email at fincentralbank.go.ke CENTRAL BANK OF KENYA July 7, 2025 C2 CBK - Official",Press Release,https://www.centralbank.go.ke/uploads/press_releases/1075331935_Press Release - Survey on Customer Experience on the Total Cost of Credit (TCC) Website.pdf
,1601720203_Press Release   Update Proposed Acquisition Of Fidelity Commercial Bank By Sbm Holdings Of Mauritius,"PRESS RELEASE UPDATE ON THE PROPOSED ACQUISITION OF FIDELITY COMMERCIAL BANK LIMITED BY SBM HOLDINGS LIMITED OF MAURITIUS Since the November 22, 2016 announcement of the intention of SBM Holdings Limited (SBM Group) of Mauritius to acquire Fidelity Commercial Bank Limited (FCBL), both institutions have worked steadily towards this objective. Following SBM Groups preparedness for the conclusion of the transaction at the earliest, with necessary capital infusion, FCBL held a Board meeting on December 21, 2016 and then an Extraordinary General Meeting of shareholders on December 28, 2016 where the transaction was discussed and approved. The regulators in both Kenya and Mauritius have also been kept abreast of developments. In light of the progress thus far, it is expected that a Share Purchase Agreement (SPA) will be signed in the near future, which would allow requests of the remaining regulatory approvals to be made. Subject to these approvals, the transaction will then be completed. The proposed acquisition will mark the entry of SBM Group into Kenyas banking sector. SBM Group will bring its experience and expertise from Mauritius and other markets, to enhance competitiveness and the resilience of Kenyas banking sector. SBM Group is pursuing an international expansion strategy, and for the African region, it is anchored on Kenya as the entry point for Eastern Africa. CENTRAL BANK OF KENYA January 4, 2017",Press Release,https://www.centralbank.go.ke/uploads/press_releases/1601720203_Press Release - UPDATE Proposed Acquisition of Fidelity Commercial Bank by SBM Holdings of Mauritius.pdf
,12036447_Press Release   Merger Of Cba Limited And Nic Group Plc_,"PRESS RELEASE MERGER OF COMMERCIAL BANK OF AFRICA LIMITED AND NIC GROUP PLC The Central Bank of Kenya (CBK) announces the merger of Commercial Bank of Africa Limited (CBA) and NIC Group PLC (NIC) effective September 30, 2019. This follows CBKs approval on August 27, 2019 under Section 13(4) of the Banking Act, and approval by the Cabinet Secretary, National Treasury on September 20, 2019, for the merger under Section 9 of the Banking Act. Following the merger, effective October 1, 2019, all subsidiaries will operate under a Non-Operating Holding Company, NCBA Group PLC. The banking business in Kenya of the merged institutions will operate as NCBA Bank Kenya PLC. All account holders, depositors, employees, creditors and other stakeholders of the existing institutions should deal with NCBA Bank Kenya PLC and NCBA Group PLC. CBA has been operational for over 50 years and is wholly owned by a group of institutional and individual investors with extensive business interests in Kenya and East Africa. It has invested in both banking and non-banking subsidiaries in Kenya, Rwanda, Tanzania and Uganda. As at June 30, 2019, CBA had a market share of 5.6 percent. NIC was established in 1959 as an asset finance company and obtained a commercial banking license from CBK in 1995. It merged with African Mercantile Bank Limited in 1997. It has a presence in Kenya, Tanzania and Uganda. As at June 30, 2019, NIC had a market share of 4.3 percent. The merger will strengthen both institutions leveraging on their combined market share of 9.9 percent and customer base of over 40 million in four East African countries. CENTRAL BANK OF KENYA September 27, 2019",Press Release,https://www.centralbank.go.ke/uploads/press_releases/12036447_Press release - merger of CBA Limited and NIC Group PLC_.pdf
,1334008353_Press Release   The Democratic Republic Of The Congo Joins The East African Community,"PRESS RELEASE THE DEMOCRATIC REPUBLIC OF THE CONGO JOINS THE EAST AFRICAN COMMUNITY The Central Bank of Kenya (CBK) welcomes the admission of the Democratic Republic of Congo (DRC) into the East African Community (EAC). This momentous occasion was marked by the depositing of the instrument of ratification with the Secretary-General of the EAC, on July 11, 2022. The admission of the DRC as the seventh memberjoining Burundi, Kenya, Rwanda, South Sudan, Tanzania, and Ugandaexpands the market size of the EAC, offers a path between the seas for trade and cultural integration, as well as new investment and employment opportunities for a dynamic population of about 300 million. The uniting of the seven members provides a clear path to shared prosperity and a common destiny. The DRCs admission to the EAC also means it joins the institutions of the Community, including the EACs Monetary Affairs Committee (MAC). The Chair of the MAC, Dr. Patrick Njoroge, remarked On behalf of my fellow EAC Central Bank Governors I warmly welcome the people of the DRC into the East African Community. In particular, I am pleased to welcome Mme. Malangu Kabedi-Mbuyi, Governor of the Banque Centrale du Congo, to the MAC. While my fellow EAC Central Bank Governors and I have had the occasion to work closely with Mme. Kabedi-Mbuyi on numerous initiatives, she will now be an integral member of the MAC. We look forward to working together for the prosperity of our people. CENTRAL BANK OF KENYA July 12, 2022",Press Release,https://www.centralbank.go.ke/uploads/press_releases/1334008353_Press Release - The Democratic Republic of the Congo Joins the East African Community.pdf
,712400338_Press Release Launch Of Cost Of Credit Website June 2017,"PRESS RELEASE The Central Bank of Kenya (CBK) and the Kenya Bankers Association (KBA) are pleased to announce the official launch of Cost of Credit website. The website provides information on fees and charges relating to loan products offered by commercial banks and microfinance banks specifically, personal secured loans, personal unsecured loans and mortgage loans. Key Features of the Cost of Credit Website  As a start, three types of loans are featured on the website personal secured loans, personal unsecured loans and mortgage loans. Additional loan facilities will be added gradually in phases.  The website provides consumers with a simplified, as well as an advanced, Total Cost of Credit (TCC) calculator to inform their decision-making prior to taking up a loan product.  The website features a downloadable mobile application for customers ease in computing the cost of credit.  The website provides two key outputs that allow consumers to compare loan facilities across banks the Total Cost of Credit and Annual Percentage Rate (APR).  It also provides a repayment schedule which can be downloaded from the website by the users. Consumers must note that the information provided on the website is intended to complement the information provided by banks licensed under the Banking Act and Microfinance Act, regarding their fees and charges on loan facilities. Consumers are therefore, expected to perform their own due diligence and should contact their respective banks for details prior to entering into any loan agreement. CBK and KBA consider transparency to be a key element of an effective, safe and sound banking system. Thus, it is in the interest of CBK and KBA to continue collaborating on innovative initiatives that promote greater transparency and full disclosure of credit information to enable customers make informed credit decisions. We believe that the cost of credit website initiative will go a long way in promoting greater transparency and enhance competition in the banking sector. The cost of credit website can be accessed through this link httpwww.costofcredit.co.ke CENTRAL BANK OF KENYA KENYA BANKERS ASSOCIATION June 22, 2017",Press Release,https://www.centralbank.go.ke/uploads/press_releases/712400338_Press Release-Launch of Cost of Credit Website-June 2017.pdf
,766829057_Press Release   Governor Named Central Bank Governor Of The Year For Sub Saharan Africa,"PRESS RELEASE CBK GOVERNOR DR. PATRICK NJOROGE NAMED CENTRAL BANK GOVERNOR OF THE YEAR FOR SUB SAHARAN AFRICA The Governor of the Central Bank of Kenya, Dr. Patrick Njoroge, has been named the Central Bank Governor of the Year for Sub-Saharan Africa by GlobalMarkets magazine, a world-leading financial journal. The Governor received this award for the second time in four years, having first received it in 2016, reinforcing his high acclaim amongst central bank governors in Africa and globally. In its citation of the award to Dr. Njoroge, GlobalMarkets wrote Dr. Njoroge has presided over a period of consolidation within the Kenyan banking sector that has helped clean up the countrys banks and vastly improve oversight over the sector. Banks have tightened their lending standards in response, thanks to the central banks oversight. The citation also noted that under the Governors tenure, the improvements in the banking sector are helping the expansion of Kenyas domestic capital markets. While accepting the award, the Governor recognised the work done by CBK staff, and pointed to the ongoing work in support of innovation and green finance. Dr. Njoroge dedicated his award to the youth of Africa. CENTRAL BANK OF KENYA October 22, 2019",Press Release,https://www.centralbank.go.ke/uploads/press_releases/766829057_Press Release - Governor Named Central Bank Governor of the Year for Sub Saharan Africa.pdf
,1839700111_Press Release   Closure Of Cbi Representative Office June 2017,"PRESS RELEASE The Central Bank of Kenya (CBK) announces the cancellation of the authority granted to the Central Bank of India (CBI) to operate a Representative Office in Kenya under Section 43 of the Banking Act. This follows a strategic decision taken by CBI to close its foreign representative offices including the one in Kenya. CBI was licenced to establish a Representative Office in Kenya on February 12, 2013. CBI (headquartered in Mumbai India) is a public institution that was founded in 1911. The Government of India owns 79 percent of the banks equity while the remaining 21 percent is held between individual and institutional shareholders that include mutual funds and insurance companies. CBI is licensed and supervised by the Reserve Bank of India under the Indian Banking Regulation Act. CENTRAL BANK OF KENYA June 23, 2017",Press Release,https://www.centralbank.go.ke/uploads/press_releases/1839700111_Press Release - Closure of CBI Representative Office-June 2017.pdf
,318500544_Press Release   Credit Repair Framework,"PRESS RELEASE CREDIT REPAIR FRAMEWORK The Central Bank of Kenya (CBK) announces the rollout of a Credit Repair Framework (the Framework) by commercial banks, microfinance banks and mortgage finance companies (the institutions). The Framework seeks to improve the credit standing of mobile phone digital borrowers whose loans are non-performing and have been reported as such to Credit Reference Bureaus (CRBs). The limited Framework will expire on May 31, 2023. The concerned institutions will contact their eligible borrowers to provide them with further details of the Framework. Through the Framework, the institutions will provide a discount of at least fifty percent of the non-performing mobile phone digital loans outstanding as at end October 2022, and update the borrowers credit standing from non-performing to performing. The institution will then enter into a repayment plan with the borrowers for a period up to May 31, 2023, for the balance of the loan. Upon expiry of the Framework, the credit standing of the borrowers with respect to these loans will depend on their repayment performance during the six-month period. The Framework will cover loans with a repayment period of 30 days or less and were offered by these institutions through mobile phones. It is anticipated that the Framework will enable over 4.2 million mobile phone digital borrowers, adversely listed with CRBs, to repair their credit standing.1 The total value is approximately Ksh.30 billion, equivalent to 0.8 percent of the gross banking sector loan portfolio of Ksh.3.6 trillion at end October 2022. The borrowers covered in the Framework are mainly in the personal and micro- enterprises sectors and were adversely impacted by the COVID-19 pandemic. Their lives and livelihoods were severely impacted by the pandemic through inter-alia loss of employment and closure of their micro-enterprises. The adverse effects of the pandemic continue to linger for the covered borrowers. Accordingly, the Framework is expected to enable this segment of borrowers to access credit and other financial services as they rebuild their lives and livelihoods. CBK reminds the public to honor their payment obligations on their credit facilities when they fall due. This will enable them to build a good credit history based on their payment behavior and thereby obtain loans at better rates. When borrowers experience challenges in repaying their loans, they should proactively engage their lenders. CENTRAL BANK OF KENYA November 14, 2022 1 These are mobile phone loan borrowers from commercial banks regulated under the Banking Act and microfinance banks regulated under the Microfinance Act by CBK. Digital loan borrowers from unregulated Digital Credit Providers were expunged from the CRBs in April 2020.",Press Release,https://www.centralbank.go.ke/uploads/press_releases/318500544_Press Release - Credit Repair Framework.pdf
,2101695441_Press Release Launch Of Un Taskforce Report Aug 27 2020,"PRESS RELEASE LAUNCH OF THE REPORT OF THE UNITED NATIONS TASKFORCE ON DIGITAL FINANCING OF THE SUSTAINABLE DEVELOPMENT GOALS On August 26, 2020, the United Nations Secretary-General (UNSG) Antnio Guterres launched the report of his Task Force on Digital Financing of the Sustainable Development Goals (The Taskforce). Dr. Patrick Njoroge, Governor of the Central Bank of Kenya (CBK) was one of the 17 members of the taskforce, appointed by the UNSG in November 2018. The report, titled Peoples Money Harnessing Digitalization to Finance a Sustainable Future focuses on the needs of ordinary people, and concludes that the financial system must serve individual citizens, as savers, investors, borrowers, and taxpayers. Specifically, the financial system must leverage digital technology to put people back in the drivers seat of their finances, so that they can invest in themselves and their families, communities, countries, and the planet. Launching the report, UNSG Antnio Guterres said, Digital technologies, which are revolutionizing financial markets, can be a game changer in meeting our shared objectives. The Task Force on Digital Financing of the Sustainable Development Goals provides leadership to harness the digital revolution. Speaking at the launch, Dr. Njoroge said, Digital finance has enabled Kenya leapfrog the expansion of financial inclusion to over eighty percent of its citizenry. The coronavirus (COVID-19) pandemic has amplified the role of digital finance particularly in financing of the Sustainable Development Goals (SDGs). The pandemic has been a setback in the implementation of the SDGs, but digital finance provides an opportunity for us to recoup the lost ground and ensure the well-being of our citizens. The Taskforces action agenda points to actions needed to overcome digital risks that unmitigated, could deepen exclusion, inequalities and separate finance further from the needs of citizens. CENTRAL BANK OF KENYA August 27, 2020",Press Release,https://www.centralbank.go.ke/uploads/press_releases/2101695441_Press Release-Launch of UN Taskforce Report-Aug 27 2020.pdf
,1083595003_Public Notice   Unlicenced Online Foreign Exchange Dealers,"CENTRAL BANK OF KENYA PUBLIC NOTICE UNLICENCED ONLINE FOREIGN EXCHANGE (FOREX) DEALERS The attention of the Central Bank of Kenya (CBK) has been drawn to the emergence of unlicenced and unregulated online foreign exchange (forex) dealers and platforms. Some of the characteristics of these dealers and platforms include 1. The platforms are downloadable on Google Play and Apple App Store, and aggressively market themselves through social media and mass emails. 2. They purport to offer the best forex deals in the market. 3. They collect and or receive funds from customers in exchange for foreign or local currencies. 4. They do not have the requisite licences issued by CBK or the Capital Markets Authority (CMA). 5. They have inadequate anti-money laundering and consumer protection safeguards. The purpose of this notice is to warn members of the public against dealing with unlicenced and unregulated online forex dealers. They should only deal with genuine and licenced financial institutions and entities. Members of the public are therefore advised to confirm the licencing status of forex dealers from the CBK website (www.centralbank.go.ke) andor CMA website (www.cma.or.ke) before engaging with the dealers, as they risk being defrauded and losing their money to unlicenced and unregulated forex dealers. Complaints regarding unlicenced forex dealers may be forwarded to the Banking Fraud Investigations Unit through the address herein below Banking Fraud Investigations Department Extelcoms House Haile Selassie Avenue P O Box 60000  00200 NAIROBI CENTRAL BANK OF KENYA AUGUST 16, 2019",Press Release,https://www.centralbank.go.ke/uploads/press_releases/1083595003_Public Notice - Unlicenced Online Foreign Exchange Dealers.pdf
,1593639049_Press Release   President Kenyatta Confirms Attendance Of Fintech Festival,"PRESS RELEASE H.E. PRESIDENT KENYATTA TO OFFICIALLY OPEN THE INAUGURAL AFRO-ASIA FINTECH FESTIVAL We are pleased to announce that His Excellency President Uhuru Kenyatta will officially open the inaugural Afro-Asia Fintech Festival, to be held in Nairobi on July 15 and 16, 2019. The Festival, dubbed Fintech in the Savannah, is co-hosted by the Central Bank of Kenya (CBK) and the Monetary Authority of Singapore (MAS). Singapores Senior Minister and Coordinating Minister for Social Policies, Mr. Tharman Shanmugaratnam will be a Keynote Speaker on the opening day of the Festival. CBK Governor Dr. Patrick Njoroge said We are honoured to welcome His Excellency President Kenyatta and Senior Minister Tharman. Their presence at the inaugural Fintech Festival shows the commitment at the very top to make Kenya and Singapore centres of excellence for the FinTech agenda. The two-day Festival, the first of its kind globally, will provide a platform for connections, collaborations and the exchange of ideas between Africa and Asia in the area of financial technology and innovation. Modelled after the annual Singapore Fintech Festival, the Afro- Asia Fintech Festival targets to bring together 5,000 policymakers, industry leaders, entrepreneurs and researchers from across Africa, Asia, and other parts of the globe. It will also feature visionary speakers, icons from both continents, and an innovative Hackathon. The Afro-Asia Fintech Festival continues to attract a growing list of speakers, participants and partners. You can register to participate at www.afroasiafintech.com, and also through fintechcentralbank.go.ke. CENTRAL BANK OF KENYA July 4, 2019",Press Release,https://www.centralbank.go.ke/uploads/press_releases/1593639049_Press Release - President Kenyatta Confirms Attendance of Fintech Festival.pdf
,Press_Release_ _Dubai_Bank_ _Payment,"KENYA DEPOSIT INSURANCE CORPORATION (Formerly Deposit Protection Fund Board) CBK Pension House, 1ST Floor, Harambee Avenue P.O. Box 45983-00100 Nairobi, Tel 020-2863841 PRESS RELEASE PAYMENT OF PROTECTED DEPOSITS OF DUBAI BANK KENYA LIMITED (IL) 1. It is notified for general information that on 24th August, 2015, Central Bank of Kenya appointed Kenya Deposit Insurance Corporation (KDIC) as the Liquidator of Dubai Bank Kenya Limited in terms of Sections 53(2) and 54(1) (a) of the Kenya Deposit Insurance Corporation Act, 2012. 2. KDIC has since commenced processing payment of protected deposits of up to Kes 100,000.00 per account and will, from 7th September 2015, pay all claims whose forms have been duly completed and returned to KDIC. Payment will be made through individuals bank accounts andor M-pesa as provided by the claimant. Other deposit and creditor balances will be paid as and when funds become available from the liquidation. 3. KDIC requests Depositors of Dubai Bank Limited (IL) to collect claim forms and return them duly completed from the banks Head Office on Kenyatta Avenue, Nairobi and Central Bank of Kenya branches in Mombasa and Nakuru respectively during office working hours. The forms can also be downloaded from www.depositinsurance.go.ke. 4. KDIC will continue to protect the interests of the depositors in pursuit of its mandate to instill confidence and to foster financial stability in the Nations financial system. AGGREY JONATHAN K. BETT Ag. Chief Executive Officer KENYA DEPOSIT INSURANCE CORPORATION (Formerly Deposit Protection Fund Board) 3rd September, 2015",Press Release,https://www.centralbank.go.ke//images/docs/MPC%20Press%20Releases/PRESS_RELEASE_-_DUBAI_BANK_-_payment.pdf
,661657861_Press Release   Expiry Of Emergency Measures On Restructuring Of Loans For Bank Borrowers,"PRESS RELEASE EXPIRY OF EMERGENCY MEASURES ON RESTRUCTURING OF LOANS FOR BANK BORROWERS On March 18 and 24, 2020, the Central Bank of Kenya (CBK) announced emergency measures to mitigate the adverse economic effects on bank borrowers from the coronavirus (COVID-19) pandemic. Among these measures was restructuring by banks, for a period of up to one year of loans that were performing as at March 2, 2020, and the provision of regulatory flexibility to banks by CBK. The measures expired on March 2, 2021. CBK assesses that these measures were highly effective. Borrowers were provided with various restructuring options including extension of repayment period, moratorium on principal or interest and waivers on interest or fees. The measures have provided space to borrowers to ride through the pandemic, mitigate job losses and pivot their business models to the new normal. For banks, the measures provided time to build additional capital and liquidity buffers to take them through the pandemic period and beyond. Cumulatively, since March 2020, loans amounting to Ksh.1.7 trillion were restructured by end February 2021 accounting for 57 percent of the banking sectors gross loans. Following the resumption of repayments and some pay-offs, the outstanding restructured loans as at end February amounted to Ksh.569.3 billion, or 19 percent of the total gross loans. Over 95 percent of the outstanding restructured loans are being repaid in accordance with the restructured terms. The one-year period for the emergency measures on extension and restructuring of loans ended on March 2, 2021, following which the standard procedures for loan classification and provisioning would apply. Specifically, banks will from March 3, 2021, assess the performance of all restructured loans that were performing before March 2, 2020. The period for determining the performance of all the restructured loans will begin on March 3, 2021. These includes the restructured loans that were performing as at March 2, 2020 but went into arrears after that date. Consequently, in accordance with standard procedures, borrowers whose loans were performing before March 2, 2020 but were restructured and subsequently went into arrears, will have three months (up to June 3, 2021) to regularize their loans. CBK will continue to closely monitor the unwinding of the outstanding restructured loans to ensure the continued stability of the banking sector. CENTRAL BANK OF KENYA March 23, 2021",Press Release,https://www.centralbank.go.ke/uploads/press_releases/661657861_Press Release - Expiry of Emergency Measures on Restructuring of Loans for Bank Borrowers.pdf
,"166389007_Invitation For Comments On The Draft Central Bank Of Kenya (Non Deposit Taking Credit Providers) Regulations, 2025","CENTRAL BANK OF KENYA PRESS RELEASE INVITATION FOR COMMENTS ON THE DRAFT CENTRAL BANK OF KENYA (NON-DEPOSIT TAKING CREDIT PROVIDERS) REGULATIONS, 2025 The Central Bank of Kenya (CBK) Act was amended vide the CBK (Amendment) Act, 2021, to introduce the legal framework for the licensing and regulation of the previously unregulated Digital Credit Providers (DCPs). Subsequently, the CBK (Digital Credit Providers) Regulations, 2022, (DCP Regulations) were issued to address concerns relating to the high cost of loans, unethical debt collection practices and abuse of personal information by digital lenders. Whilst great progress was achieved in the regulation and supervision of DCPs, including the licensing of 126 DCPs to-date, many challenges continued to affect the effectiveness of the legal and regulatory framework for DCPs. In that regard, the CBK Act was further amended by the Business Laws (Amendment) Act, 2024, to inter alia widen the scope of the operations of NDTCPs. Equally, the term digital was replaced with non deposit taking to address confusion by industry players and the public on the scope of the DCP framework. To operationalise the amendments to the CBK Act, CBK has developed the draft CBK (Non- Deposit Taking Credit Providers) Regulations, 2025. Accordingly, and in line with constitutional and statutory requirements, CBK invites comments from the public on the draft Regulations through the email address fincentralbank.go.ke by Friday, September 5, 2025. The draft Regulations can be accessed at httpswww.centralbank.go.kewp- contentuploads202508Draft-Central-Bank-of-Kenya-Non-Deposit-Taking-Credit-Providers- Regulations-2025.pdf. Written submissions can be submitted to Director Bank Supervision Department Central Bank of Kenya P O Box 60000 - 00200 Nairobi E-mail fincentralbank.go.ke CENTRAL BANK OF KENYA AUGUST 7, 2025 C2 CBK - Official",Press Release,"https://www.centralbank.go.ke/uploads/press_releases/166389007_Invitation for Comments on the Draft Central Bank of Kenya (Non-Deposit Taking Credit Providers) Regulations, 2025.pdf"
,"1595188857_Press Release   Imperial Bank   Extension Of Receivership   July 31, 2017","PRESS RELEASE IMPERIAL BANK LIMITED (IN RECEIVERSHIP) Today the High Court granted a 12-month extension from today of the Receivership over Imperial Bank Limited (In Receivership) (IBLR). This was following agreement between the shareholders, Kenya Deposit Insurance Corporation (KDIC), Central Bank of Kenya (CBK), and depositors, to enable CBK and KDIC to invite Expressions of Interest (EOI) from potential strategic investors that would lead to a resolution of the receivership. The consent given by these parties was without prejudice and unconditional. On June 23, 2017, CBK and KDIC announced (see Press Release) a tentative timeline and prospective milestones for the resolution of IBLRs receivership, which informed the extension of the receivership as was granted. After initial preparations, the formal process will commence with an invitation for EOI from potential strategic investors, and the Banks shareholders if they so wish, in taking an interest in the Bank. CBK and KDIC are executing their mandates in this matter in accordance with the Laws of Kenya, and will continue to engage all stakeholders as permitted by the law on the next steps in resolving IBLRs receivership. The objective of such a resolution would be safeguarding the interest of depositors, creditors, and the wider public interest. CENTRAL BANK OF KENYA July 31, 2017",Press Release,"https://www.centralbank.go.ke/uploads/press_releases/1595188857_Press Release - Imperial Bank - Extension of Receivership - July 31, 2017.pdf"
,Joint_Press_Release_Cbk_And_Cma_ _Imperial_Bank,"PRESS RELEASE IMPERIAL BANK LIMITED (In Receivership) Further to communication on the appointment of the Kenya Deposit Insurance Corporation (KDIC) to assume the management and control of Imperial Bank Limited pursuant to the provisions of Sections 34 (2) (b) of the Banking Act and Sections 43 and 53(1) of the Kenya Deposit Insurance Act, 2012, the Central Bank of Kenya (CBK) wishes to inform members of the public that the action taken is in accordance with the principle of Prompt Corrective Action to address unsafe banking practice. As a result of this interventionary action by the CBK, the Capital Markets Authority (CMA) in accordance with the provisions of Section 22A of the Capital Markets Act, has directed the Nairobi Securities Exchange to suspend the introduction to listing and trading of the Corporate Bond issued by Imperial Bank which closed on September 17, 2015. This suspension has been imposed in the public interest and to protect the interests of investors. The board of directors of Imperial Bank Limited brought to the attention of the CBK inappropriate banking practices that warranted immediate remedial action in order to safeguard the interest of both depositors and creditors. CBK and the board of directors of Imperial Bank Limited are working closely on a feasible resolution mechanism for Imperial Bank Limited (In Receivership). The appointment of KDIC to take control of the management of the bank is intended to provide a platform for KDIC to execute its statutory mandate with the support of the board of directors of Imperial Bank Limited towards restoring the safety and soundness of the bank. CMA will be working closely with the Board of Imperial Bank and KDIC to ensure all material information is made available to investors to ensure the maintenance of the transparency and orderliness of the capital markets. CBK assures members of the public that Kenyas banking sector remains safe and robust. Dr. Patrick Njoroge Paul Muthaura GOVERNOR AG. CHIEF EXECUTIVE CENTRAL BANK OF KENYA CAPITAL MARKETS AUTHORITY October 13, 2015",Press Release,https://www.centralbank.go.ke//images/docs/media/Press%20Releases/Joint_Press_Release_CBK_and_CMA_-_Imperial_Bank.pdf
,827026115_Press Release   Licensing Of Kenya Mortgage Refinance Company,"PRESS RELEASE LICENSING OF KENYA MORTGAGE REFINANCE COMPANY The Central Bank of Kenya (CBK) announces the licensing of the Kenya Mortgage Refinance Company Plc (KMRC) as the first mortgage refinance company in Kenya. The license has been granted pursuant to the CBK (Mortgage Refinance Companies) Regulations, 2019 after KMRCs fulfillment of the stipulated licensing requirements. KMRC was incorporated on April 19, 2018 under the Companies Act, 2015 as a Public Limited Company. KMRCs principal objective is to provide long term finance to primary mortgage lenders (commercial banks, mortgage finance companies, microfinance banks and Savings and Credit Co-operatives) to increase the availability and affordability of mortgage loans to the public. KMRCs shareholders are the Government of Kenya and primary mortgage lenders. KMRC is expected to support the Governments Big Four Agenda of providing affordable housing to a wider segment of Kenyas populace. CENTRAL BANK OF KENYA SEPTEMBER 18, 2020",Press Release,https://www.centralbank.go.ke/uploads/press_releases/827026115_Press Release - Licensing of Kenya Mortgage Refinance Company.pdf
,1966922191_Press Release   Proposed Acquisition Of Fidelity Commercial Bank By Sbm Holdings Of Mauritius (3),"PRESS RELEASE PROPOSED ACQUISITION OF FIDELITY COMMERCIAL BANK LIMITED BY SBM HOLDINGS LIMITED OF MAURITIUS The Central Bank of Kenya (CBK) has been advised by both SBM Holdings Limited (SBM Group) of Mauritius and Fidelity Commercial Bank Limited (FCBL) of SBM Groups intention to acquire FCBL. The proposed acquisition, which is subject to regulatory approvals in Kenya and Mauritius, will mark the entry of SBM Group into Kenyas banking sector. Fidelity Commercial Bank Ltd. (FCBL) commenced operations as a non-bank financial institution in June 1992, and converted into a commercial bank in April 1996. It was ranked 31 of 41 banks in terms of market share as at December 31, 2015, with a share of 0.39 percent and fourteen branches around the country. SBM Group is the second largest company listed on the Stock Exchange of Mauritius. As at September 30, 2016, it had an asset base of about Ksh.417 billion (US4.2 billion). SBM Groups banking arm, SBM Bank (Mauritius) Ltd., is a leading bank in Mauritius with an international footprint in India, Madagascar, and a representative office in Myanmar. SBM Group will bring its experience and expertise from Mauritius and other markets, to enhance competitiveness and the resilience of Kenyas banking sector. SBM Group is pursuing an international expansion strategy, and for the African region, it is anchored on Kenya as the entry point for Eastern Africa. The transaction is expected to be completed by December 31, 2016, and further updates will be provided as the transaction progresses. CBK welcomes the interest of foreign banks that will contribute to the emergence of a world-class financial sector. CENTRAL BANK OF KENYA November 22, 2016",Press Release,https://www.centralbank.go.ke/uploads/press_releases/1966922191_Press Release - Proposed Acquisition of Fidelity Commercial Bank by SBM Holdings of Mauritius (3).pdf
,1743417969_Press Release   Proposed Acquisition Of Jamii Bora Bank Limited By Co Operative Bank Of Kenya Limited,"PRESS RELEASE PROPOSED ACQUISITION OF JAMII BORA BANK LIMITED BY CO-OPERATIVE BANK OF KENYA LIMITED The Central Bank of Kenya (CBK) has been advised by both Co-operative Bank of Kenya Limited (Co-op) and Jamii Bora Bank Limited (JBB) of Co-ops interest in acquiring JBB. The proposed acquisition which is subject to regulatory approvals will lead to the acquisition of 100 percent shareholding of JBB by Co-op. Co-op commenced operations in 1965 and is predominantly owned by the 15 million member Kenyan co-operative movement. It was listed on the Nairobi Securities Exchange in 2008. It was ranked 4 out of 39 banks in terms of market share as at December 31, 2019 with a market share of 9.63 percent with 159 branches in Kenya and South Sudan. JBB was established in 2010 after the acquisition by City Finance Bank Limited of the business of Jamii Bora Kenya Limited, a Micro Finance Institution. It was ranked 38 out of 39 banks in terms of market share as at December 31, 2019 with a market share of 0.12 percent with 17 branches across the country. Further updates will be provided as the transaction progresses. CBK welcomes the transaction which will diversify the business models of the two institutions and enhance the stability of the Kenyan banking sector. CENTRAL BANK OF KENYA March 11, 2020",Press Release,https://www.centralbank.go.ke/uploads/press_releases/1743417969_Press Release - Proposed Acquisition of Jamii Bora Bank Limited by Co-Operative Bank of Kenya Limited.pdf
,279900945_Press Release   Dr. Kamau Thugge Awarded Central Bank Governor Of The Year,"PRESS RELEASE CBK GOVERNOR DR. KAMAU THUGGE, CBS, NAMED CENTRAL BANK GOVERNOR OF THE YEAR The Governor of the Central Bank of Kenya, Dr. Kamau Thugge, CBS, has been named the African Banker Central Bank Governor of the Year, by the respected African Banker Magazine. In its citation of the award to Dr. Thugge, the African Banker wrote This year has presented significant challenges for central bank governors worldwide, and we across the continent have not been immune to the economic and geopolitical turmoil. Despite the challenges, during your tenure in office, you have successfully stabilised markets and instilled confidence in the Kenyan economy. The markets have responded by showing their faith and support for the Kenyan shilling, and the banking sector has demonstrated remarkable resilience, positioning itself as a true regional leader. The Awards Committee further noted In granting you this accolade, the Committee recognised your recent achievements as Central Bank Governor and recognised the strategic role the Central Bank is playing to address market failures and to help put the economy on the right footing to stimulate growth. While accepting the award, the Governor expressed his gratitude to the Board, Monetary Policy Committee, Management, and staff of the Central Bank of Kenya. The Governor added This recognition is an affirmation of Kenyas sound macroeconomic policies. To this end, I must recognise His Excellency the President, Dr. William Samoei Ruto, who has provided overall leadership. I also greatly appreciate the other government agencies we have walked the journey with including the National Treasury, the Presidents Council of Economic Advisors, my banking sector colleagues, and our development partners. The Award was presented at the African Bankers Awards Event in Nairobi on May 28, 2024, on the margins of the 2024 Annual Meetings of the African Development Bank. The Awards, now in their 18th year, honour institutions and individuals who have contributed significantly to the reform, modernisation and expansion of Africas banking and financial sector, while driving the continents sustained economic growth. CENTRAL BANK OF KENYA May 29, 2024 C2 CBK - Official",Press Release,https://www.centralbank.go.ke/uploads/press_releases/279900945_Press Release - Dr. Kamau Thugge Awarded Central Bank Governor of the Year.pdf
,1351561291_Press Release  Announcement Of Diaspora Remittances Survey,"PRESS RELEASE ANNOUNCING THE DIASPORA REMITTANCES SURVEY The Central Bank of Kenya (CBK) announces the first-ever Diaspora Remittances Survey, to be conducted in February and March 2021, in collaboration with the Kenya National Bureau of Statistics (KNBS), the Ministry of Foreign Affairs (MFA) and other stakeholders. The survey aims at collecting valuable information on remittance inflows to Kenya to help guide policy, with the objective of boosting the role of remittances in supporting the economy and livelihoods. The vital information includes the efficiency and cost of alternative remittance channels the difficulties encountered in remitting cash or non-cash transfers the availability of information to Kenyans in the diaspora about investment opportunities in Kenya and the usage of remittances received. Remittances play a pivotal role in socio-economic development of recipient countries, and are an important source of foreign exchange. In Kenya, remittance inflows were strongly buoyant in 2020, despite the devastation by COVID-19 (coronavirus) in the source countries. Remittances rose to a record high of US3,094 million in 2020, from US2,796 million in 2019, an increase of 10.7 percent. In the month of December 2020 alone, remittances reached a historical peak of US299 million. This remarkable growth of remittances has been supported by financial innovations that provided Kenyans in the diaspora more convenient channels for their transactions. The Diaspora Remittances Survey will be conducted online in two partsthe first phase will focus on the sources of remittances (remitters and the source countries) while the second phase will target the households that receive remittances. A link with additional information about the Survey will be circulated widely through various communication channels and will also be available on CBKs website httpswww.centralbank.go.ke CENTRAL BANK OF KENYA January 15, 2021",Press Release,https://www.centralbank.go.ke/uploads/press_releases/1351561291_Press Release--Announcement of Diaspora Remittances Survey.pdf
,32649240_Mpc Press Release   Meeting Of June 5 2024,"BANKI CENTRAL KUU YA BANK OF GOVERNOR KENYA KENYA Haile Selassie Avenue P. O. Box 60000-00200 Nairobi, Kenya Telephone 254 20 2861003 PRESS R ELEASE MONETARY POLICY COMMITTEE ME ETING The Monetary Policy Committee (MPC) met on June 5, 2024, against a backdrop of an improved global outlook for growth, continued stickiness in inflation in advanced economies, and persistent geopolitical tensions. The MPC reviewed the outcomes of its previous decisions and measures implemented to anchor inflationary expectations and contain exchange rate pressures.  Global growth continues to recover, supported by stronger than expected growth in the United States, and resilient growth in some large emerging market economies, particularly India. The main risks to the global growth outlook relate to further escalation of geopolitical tensions and interest rates remaining higher for longer. Global inflation has moderated, but some stickiness has persisted in the advanced economies. Food inflation has continued to decline with improved supply of key food items, particularly sugar and cereals. International oil prices have moderated, due to reduced risk premium from the Middle East conflict and improved supply by non-OPEC oil producers. However, freight costs have remained high on account of longer transits by shippers to avoid possible attacks on vessels in the Red Sea.  Kenyas overall inflation remained broadly unchanged at 5.1 percent in May 2024, compared to 5.0 percent in April, which is the mid-point of the target range. Food inflation stood at 6.2 percent in May compared to 5.6 percent in April, reflecting increases in prices of select vegetables particularly onions, tomatoes, Irish potatoes, and kales (sukuma wiki), due to supply disruptions attributed to the recent heavy rains and flooding in some parts of the country. Prices of key non-vegetable food items, particularly maize, sugar, and wheat flour declined following improved supply. Fuel inflation declined to 7.8 percent in May from 8.3 percent in April, partly reflecting a downward adjustment in pump prices and lower electricity prices. Non-food non-fuel (NFNF) inflation eased to 3.4 percent in May from 3.6 percent in April, reflecting the impact of monetary policy measures. Overall inflation is expected to remain stable around the mid-point of the target range in the near term, supported by the stable exchange rate, improved food supply attributed to favorable weather conditions, stable fuel prices, and the impact of monetary policy actions which continue to filter through the economy.  The recently released Economic Survey 2024 shows that the Kenyan economy recorded strong growth in 2023, supported by robust performance of the agriculture and service sectors. Real GDP grew by 5.6 percent from a revised growth of 4.9 percent in 2022, largely driven by the rebound in agriculture, and robust performance of the services sector, particularly transport and storage, financial and insurance, information and communication, accommodation and food services, and real estate. However, growth in manufacturing and wholesale and retail trade sectors slowed down. Leading indicators point to continued strong economic performance in the first quarter of 2024. Despite the recent flooding in some parts of the country, the economy is expected to remain strong in 2024, supported by the resilient services sector, robust performance of agriculture sector, and continued implementation of Government measures to boost economic activity across priority sectors. C2 CBK - Official  The May 2024 Agriculture Sector Survey shows that majority of respondents expect inflation to either remain unchanged or decrease in the next three months, on account of expected increase in food supply following favorable weather conditions, stability of the exchange rate, and easing fuel prices.  The CEOs Survey and Market Perceptions Survey which were conducted ahead of the MPC meeting revealed sustained optimism about business activity and economic growth prospects for the next 12 months. The optimism was attributed to expected continued good performance of agriculture, resilient services sectors, and a stable macroeconomic environment. Nonetheless, respondents expressed concerns about fiscal policy measures, high interest rates, and potential impact of geopolitical risks on the economy.  The current account deficit is estimated at 4.1 percent of GDP in the 12 months to April 2024, down from 4.8 percent of GDP in a similar period of 2023, and is projected at 4.0 percent of GDP in 2024. Goods exports increased by 2.9 percent in the 12 months to April 2024 compared to a similar period in 2023, reflecting increased exports of agricultural commodities and re-exports. Exports of tea and vegetables and fruits increased by 5.6 percent and 10.5 percent, respectively, while re-exports were 38.1 percent higher in the period. Notably, exports were 15.2 percent higher in the first four months of 2024 compared to a similar period in 2023. Goods imports declined by 7.7 percent in the 12 months to April 2024 compared to a similar period of 2023, reflecting lower imports across all categories, except machinery and transport equipment. However, imports were 2.2 percent higher in the first four months of 2024 compared to a similar period in 2023. Tourist arrivals improved by 27.2 percent in the 12 months to March 2024 compared to a similar period in 2023, and were 22.0 percent higher in March 2024 compared to March 2023. Remittances increased by 11.9 percent to USD 4,457 million in the 12 months to April 2024 compared to USD 3,985 million in a similar period in 2023.  The CBK foreign exchange reserves, which currently stand at USD 6,979 million (3.63 months of import cover), continue to provide adequate cover and a buffer against any short-term shocks in the foreign exchange market.  The banking sector remains stable and resilient, with strong liquidity and capital adequacy ratios. The ratio of gross non-performing loans (NPLs) to gross loans stood at 16.1 percent in April 2024 compared to 15.5 percent in February. Increases in NPLs were noted in the agriculture, real estate, tourism, restaurant and hotels, trade and building and construction sectors. Banks have continued to make adequate provisions for the NPLs.  Growth in commercial bank lending to the private sector stood at 6.6 percent in April 2024 compared to 7.9 percent in March, partly reflecting exchange rate valuation effects on foreign currency denominated loans following the appreciation of the Shilling. Growth in local currency denominated loans stood at 14.3 percent in April, with foreign currency denominated loans which account for about 26 percent of total loans, contracting by 14.2 percent.  The Committee noted the ongoing implementation of the FY202324 Government Budget, as well as the proposed FY202425 Budget, which are expected to continue to reinforce fiscal consolidation.  The MPC noted that the new monetary policy implementation framework adopted on August 9, 2023 has resulted in improved functioning of the interbank market, narrower interest rate spreads with reduced market segmentation, and improved monetary policy transmission. To enhance the effectiveness of the monetary policy implementation framework, the MPC considered and approved a recommendation to review the width of the interest rate corridor around the Central Bank Rate (CBR) from the current 250 basis points to 150 basis points. In line with this review, the Committee also approved a recommendation to adjust the applicable interest rate on the Discount Window from the current 400 basis points above CBR, to 300 basis points. C2 CBK - Official The MPC noted that its previous measures have lowered overall inflation to the mid-point of the target range, stabilized the exchange rate, and anchored inflationary expectations. The Committee further noted that the NFNF inflation has remained sticky in the recent months, and that interest rates in the major economies are expected to remain higher-for-longer due to the stickiness of inflation. The MPC concluded that the current monetary policy stance will ensure that overall inflation remains stable around the mid-point of the target range in the near term, while ensuring continued stability in the exchange rate. Therefore, the Committee decided to retain the Central Bank Rate (CBR) at 13.00 percent. The MPC will closely monitor the impact of the policy measures as well as developments in the global and domestic economy and stands ready to take further action as necessary in line with its mandate. The Committee will meet again in August 2024. Dr. Kamau Thugge, CBS CHAIRMAN, MONETARY POLICY COMMITTEE June 5, 2024 C2 CBK - Official",Press Release,https://www.centralbank.go.ke/uploads/mpc_press_release/32649240_MPC Press Release - Meeting of June 5 2024.pdf
,2093265184_Press Release   Cbk Chairman Leads External Panel To Successful Conclusion Of Imf Safeguards Assessment Policy Review,"PRESS RELEASE CBK CHAIRMAN LEADS EXTERNAL PANEL OF EXPERTS TO A SUCCESSFUL REVIEW OF IMF SAFEGUARDS ASSESSMENTS POLICY The Central Bank of Kenya (CBK) welcomes the successful conclusion of the periodic review of the International Monetary Funds (IMFs) safeguards assessment policy by its Executive Board, on December 7, 2022. The review included an independent advisory report by an external panel of experts, which was chaired by Mohammed Nyaoga who is also the CBK Board Chairman. The external panel of experts examined the effectiveness and appropriateness of the safeguards assessments policy in the five years since the last review in 2015. In addition to expressing an opinion on the effectiveness and appropriateness of the IMFs safeguards assessment policy, the panel also made recommendations to the Executive Board to improve and optimize the benefits from the safeguards assessment policy. The safeguards assessments policys main objective is to minimize the possibility of misreporting of information under IMF lending arrangements and misuse of IMF resources. Safeguards assessments seek to provide reasonable assurance to the IMF that central banks of member countries using IMF resources have adequate governance and control frameworks to manage their resources and IMF purchases or disbursements. Safeguards assessments help to measure central banks governance and control frameworks against global best practice and generally emerging trends. These are basically audits on central banks that cover the following key areas of central bank operations the external audit mechanism, the legal structure and autonomy, the financial reporting framework, the internal audit mechanism, and the system of internal controls. Safeguards assessments are conducted on IMFs members in the context of their IMF-supported programs. In this context, the last safeguards assessment for CBK was conducted in 2019. CENTRAL BANK OF KENYA December 23, 2022",Press Release,https://www.centralbank.go.ke/uploads/press_releases/2093265184_Press Release - CBK Chairman Leads External Panel to Successful Conclusion of IMF Safeguards Assessment Policy Review.pdf
,957596478_Press Release   Payment To The Government Consolidated Fund,"PRESS RELEASE TRANSFER OF KSH.7.4 BILLION FROM CBKS GENERAL RESERVE FUND TO THE GOVERNMENT CONSOLIDATED FUND The Central Bank of Kenya (CBK) announces today, March 20, 2020, it transferred to the Government Consolidated Fund Ksh.7,387,674,000 related to the withdrawal (demonetisation) exercise that was concluded on September 30, 2019. The transfer is in accordance with Sections 9 and 51 of the CBK Act, and followed approval by the CBK Board. The transfer was executed by crediting the Ministry of Finances Deposit Account at CBK. The demonetisation of the older series Ksh.1,000 notes was announced on June 1, 2019, aimed at addressing the grave concern of illicit financial flows, and the emerging risk of counterfeits. At the conclusion of the exercise, Ksh.7.388 billion worth of the older Ksh.1,000 notes were rendered worthless. A significant proportion of this amount would represent cash that was held by individuals who were unable or unwilling to subject themselves to the robust checks in place. In line with applicable accounting practices, the exceptional and unbudgeted windfall of Ksh.7,387,674,000 related to the demonetized amount was booked as realized income on September 30, 2019, categorised as Miscellaneous Receipts in CBKs Financial Statements. In making this decision, the CBK Board also noted the ongoing critical efforts to stem the spread of the Coronavirus (COVID-19), and the strain this has put on the Governments resources. CENTRAL BANK OF KENYA March 20, 2020",Press Release,https://www.centralbank.go.ke/uploads/press_releases/957596478_Press Release - Payment to the Government Consolidated Fund.pdf
,2024227488_Press Release   Cbk'S Dhowcsd Wins Prestigious Global Award,"PRESS RELEASE CBKS DHOWCSD WINS PRESTIGIOUS GLOBAL AWARD The Central Bank of Kenyas DhowCSD platform has been named the winner of Central Bankings Payments and Market Infrastructure Initiative Award. The award recognises the critical role DhowCSD has played in improving the financial markets infrastructure in Kenya. In particular, the judges noted that when the Central Bank of Kenya decided to develop a new central securities depository (CSD), it was determined to make the system fully electronic and as accessible to as many Kenyans as possible. When DhowCSD started in 2023, it not only improved government securities operations for wholesale market counterparties and supported monetary policy operations but also simplified access to the government bond market for all Kenyans  including its sizeable diaspora  via a mobile phone app or e-portal. Governor Dr. Kamau Thugge said The Central Bank of Kenya (CBK) is honoured to receive Central Bankings Payments and Market Infrastructure Initiative Award for the implementation of the DhowCSD. This achievement marks the culmination of a significant journey that the CBK has undertaken in developing a new, agile, and transformative financial market infrastructure. The DhowCSD serves to facilitate the trading of Kenya Government securities locally and across the border, while facilitating the integration of Kenya with international financial markets. We are grateful to the Central Banking Awards Committee for acknowledging the outstanding efforts our team has dedicated into developing this revolutionary, cutting-edge solution. CBKs DhowCSD platform went live on July 31, 2023, and was officially launched by H.E. President William Ruto, PhD, C.G.H. on September 11, 2023. DhowCSD has revolutionised the government securities market in substantial ways. It enables ordinary individual investors to open and operate CSD accounts from the comfort of their devices and without having to undertake a physical visit to the Central Bank of Kenya. Investors can participate in government securities, including trading them on the secondary market, from anywhere in the world. The process of trading securities is paperless, convenient, simple, efficient and secure. Since the launch of DhowCSD in September, the number of investors has grown by 63 percent. This is a remarkable endorsement of the platform by its primary users. Central Banking Publications is a financial publisher specialising in public policy and financial markets, with emphasis on central banks, international financial institutions and financial market infrastructure and regulation. It is a leading provider of online news for and about international capital market developments. CENTRAL BANK OF KENYA March 19, 2024 C2 CBK - Official",Press Release,https://www.centralbank.go.ke/uploads/press_releases/2024227488_Press Release - CBK's DhowCSD wins prestigious global award.pdf
,1797382873_Press Release   Chase Bank   Non Binding Offer,"PRESS RELEASE RECEIPT OF NON-BINDING OFFER FOR CHASE BANK (KENYA) LIMITED Central Bank of Kenya (CBK) and Kenya Deposit Insurance Corporation (KDIC) announces that they have received a non-binding offer from SBM Holdings Limited (SBM) with respect to Chase Bank (Kenya) Limited (In Receivership) (CBLR), as part of the EOI process announced on March 30, 2017 (see Press Release). The non-binding offer includes the acquisition of certain assets and matched liabilities from CBLR. Whilst the non-binding offer is still subject to confirmatory due diligence and a binding contract, it is expected that this transaction will inter alia ensure a substantial recovery for depositors currently under moratorium and a transfer of a substantial number of staff and branches of the existing CBLR operations. Non-moratorium depositors will continue to have full unrestricted access to their funds. CBK and KDIC met with CBLR depositors and shareholders on October 6, 2017, and who were supportive of the non-binding offer. SBM is a leading financial services group and the third largest company listed on the Stock Exchange of Mauritius, with a growing international presence currently extending to Madagascar, India and Kenya, where SBM acquired Fidelity Bank in May 2017. SBM has a market capitalisation of approximately 700 million, with the Government of Mauritius as a significant shareholder, and total assets in excess of 5 billion. SBM provides all services of a universal bank within a diversified business model. Lines of business include, inter alia Retail, SME and Corporate Banking. Through this potential acquisition, and combined with its other operations in Kenya, SBM will bring its experience and expertise from Mauritius and other markets, to further enhance competitiveness and the resilience of Kenyas banking sector. CBK and KDIC assess that SBMs non-binding offer represents a viable proposal for the substantial resolution of CBLR, for the benefit of depositors and the strengthening of the Kenyan financial sector. If agreed, it is expected that the proposed transaction will be concluded by the end of 2017. CENTRAL BANK OF KENYA KENYA DEPOSIT INSURANCE CORPORATION October 9, 2017",Press Release,https://www.centralbank.go.ke/uploads/press_releases/1797382873_Press Release - Chase Bank - Non-Binding Offer.pdf
,1932626496_Press Release   Distribution Of New Generation Coins,"PRESS RELEASE DISTRIBUTION OF NEW GENERATION COINS The Central Bank of Kenya (CBK) notes the statements made today in the Daily Nation (CBK now limits issuance of new coins to Sh100) and the Business Daily (CBK caps new coin issuance), to the effect that CBK is limiting the distribution of the New Generation coins. These statements are false and erroneous. During the sensitization phase immediately following the launch of the New Generation coins, the amount per person was limited to allow the widest possible distribution. This was communicated to all banking institutions on December 14, 2018. However, following a positive assessment of the sensitization campaign, CBK communicated to all banking institutions on December 20, 2018, informing them that the limit had been lifted. CBK therefore assures members of the public that there are no limits whatsoever on the amounts that they can receive in New Generation coins. The New Generation coins can be obtained from any banking institution and CBK. CENTRAL BANK OF KENYA January 8, 2019",Press Release,https://www.centralbank.go.ke/uploads/press_releases/1932626496_Press Release - Distribution of New Generation Coins.pdf
,1666430577_Press Release   Imperial Bank   Invitation To Submit Expression Of Interest,"PRESS RELEASE INVITATION TO SUBMIT AN EXPRESSION OF INTEREST WITH RESPECT TO IMPERIAL BANK LIMITED (IN RECEIVERSHIP) Overview and Background The Central Bank of Kenya (CBK) is issuing this invitation for potential investors to take an equity interest in Imperial Bank Limited (In Receivership) (IBLR or the Bank) or propose other transaction structures with respect to IBLR. CBK and the Kenya Deposit Insurance Corporation (KDIC), the appointed Receiver, are executing their mandates in this matter in accordance with the Laws of Kenya. The objectives of this process is to safeguard the interest of depositors, creditors, and the wider public interest, whilst being mindful of seeking to preserve a sound and innovative banking system in Kenya. Imperial Bank Limited (IBL), was founded in 1992 and provided, financial and related services in Kenya across 28 branches. CBK placed IBL in receivership on October 13, 2015, pursuant to the provisions of Sections 34 (2) (b) of the Banking Act and Sections 43 and 53 (1) of the Kenya Deposit Insurance Act, 2012. On July 31, 2017, the High Court granted a 12-month extension of the Receivership over IBLR. This was following agreement between the shareholders, KDIC, CBK, and depositors, to enable CBK and KDIC to invite Expressions of Interest (EOI) from potential strategic investors that would lead to a resolution of the receivership. The consent given by these parties was without prejudice and unconditional. Consequently CBK and KDIC are initiating a formal process and issuing this invitation for EOIs to take an equity interest in IBLR or propose other transaction structures with respect to IBLR. Shareholders have been informed of this process, and depositors will be informed shortly. CBK has appointed KPMG as its Advisors in this process. Expression of Interest Potential strategic investors interested in participating in the process are hereby invited to provide an EOI, no later than 5.00 p.m. (East Africa Time) on Friday, September 29, 2017. Page 1 of 3 Following receipt of EOIs, CBK will evaluate and shortlist qualifying investors (Shortlisted Investors) who will be invited to pursue a more detailed engagement and also be granted access to a comprehensive confidential Data Room. The Data Room will comprise financial, legal and business performance information to enable Shortlisted Investors to develop a formal offer to potential investors to take an equity interest in IBLR or propose other transaction structures with respect to IBLR (Investor Proposal). EOIs should include the following key information 1. Interest in banking in Kenya  the extent of interest in developingincreasing a long term banking presence in Kenya. The EOI should also provide evidence of an understanding of the Kenyan and East African Banking sector. 2. Ownership details  details of any (immediate and ultimate shareholding) parties that may hold beneficial ownership in IBLR directly or through the proposed acquiring entity. 3. Skills support  details of the nature of banking experience, management capacity, governance and oversight resources available that the strategic investor may bring to IBLR. 4. Transaction structure  the broad outline of the type of transaction contemplated. 5. Financial resources  financial resources that could be made available with respect to a potential transaction with IBLR. The EOI should include such financial information as to allow CBK to evaluate the capacity of the potential investor to support a transaction of the nature outlined in point 4 above and with reference to the regulatory capital and liquidity requirements of your proposed transaction structure. No information beyond what is already available in the public domain will be made available to interested parties and there will be no question and answer process at this stage. The Shortlisted Investors will be determined in a fair process using appropriate criteria based on, inter alia, regulatory imperatives and prudential guidelines to enhance the probability of an optimal recovery for depositors, creditors and other stakeholders of IBLR, whilst also mindful of seeking to preserve and develop a sound and innovative banking system in Kenya. Indicative timetable Set out below is an indicative timetable for the transaction Friday, September 8, 2017 Publish EOI Invitation Friday, September 8, 2017 Press Statement issued by CBK and KDIC Friday, September 29, 2017 Responses to EOI received Friday, October 13, 2017 Shortlisted Investors selected for Data Room access Monday, October 30, 2017 Data Room access opens for Shortlisted Investors Monday, January 15, 2017 Investor Proposals expected Friday, February 2, 2018 Engagement with single preferred bidder Page 2 of 3 Wednesday, February 28, Engagement with shareholders 2018 onwards Wednesday, February 28, Engagement with depositors 2018 onwards Wednesday, February 28, Engagement with creditors 2018 onwards The process and timing beyond February 2, 2018, will be informed by the structure proposed by the preferred bidder. It is expected that this process will be completed within 48 weeks from July 31, 2017, being the date of the extension of the receivership. To qualify, EOIs should be received by no later than 5.00 p.m. (East Africa Time) on Friday, September 29, 2017, and should be addressed to KPMG The Advisors to Central Bank of Kenya Email address IBLRkpmg.com EOIs must include the contact details should CBK, KDIC or KPMG require clarification on any matters therein. It is expected that Shortlisted Investors will be contacted on or before Friday, October 13, 2017. A Press Statement from CBK has been issued to coincide with this invitation. CENTRAL BANK OF KENYA September 8, 2017 Page 3 of 3",Press Release,https://www.centralbank.go.ke/uploads/press_releases/1666430577_Press Release - Imperial Bank - Invitation to Submit Expression of Interest.pdf
,1586866735_Press Release  Chase Bank Ltd In Receivership May 2 2017,"PRESS RELEASE UPDATE ON THE PROCESS FOR AN INVESTOR TO TAKE AN EQUITY INTEREST IN CHASE BANK (KENYA) LIMITED (IN RECEIVERSHIP) Following the March 30, 2017 announcement inviting investors to present an initial Expression of Interest (EOI) to take an equity interest in Chase Bank (Kenya) Limited (In Receivership) (CBL or the Bank), the deadline for submission of EOIs expired on April 21, 2017. During this period, a total of 12 replies to the EOI were received. The respondents comprised of three Kenyan banks, four foreign banks, and five other financial institutions and consortia. The evaluation of the EOIs has now been completed and a shortlist of qualifying investors (Shortlisted Investors) has been identified. The Shortlisted Investors were determined using appropriate and objective criteria based on, inter alia, regulatory imperatives and prudential guidelines which will ensure a speedy and optimal recovery for depositors, creditors and other stakeholders of CBL, whilst also mindful of seeking to preserve and develop a sound and innovative banking system in Kenya. Shortlisted Investors and other respondents have been informed of the outcome of this process. Shortlisted Investors will be granted access to comprehensive confidential data that will allow them to develop a formal proposal for taking an equity interest in CBL. Shortlisted Investors have been requested to submit their formal proposals by June 9, 2017, 500 p.m. (East African Time). The Central Bank of Kenya and the Kenyan Deposit Insurance Corporation, the appointed Receiver, are executing their mandates in this matter in accordance with the Laws of Kenya. CENTRAL BANK OF KENYA May 2, 2017",Press Release,https://www.centralbank.go.ke/uploads/press_releases/1586866735_Press Release--Chase Bank Ltd in Receivership May 2 2017.pdf
,1252892767_Press Release   Kenya Music Festival,"MINISTRY OF EDUCATION CENTRAL BANK OF KENYA PRESS RELEASE 2017 KENYA MUSIC FESTIVAL NATIONAL LEVEL COMPETITIONS The National Level competitions of the 91st Edition of the Kenya Music Festival begin today at the Masinde Muliro University of Science and Technology in Kakamega County. The Festival is a forum for students to interact, learn, practice and appreciate their culture and that of other communities through various genres of art. The theme of the 2017 Festival is Enhancing National Unity, Cohesion and Integration through Kenya Music Festival. This is the second time for the CBK to participate, in the context of the CBKs 50th anniversary, as Title and Thematic Sponsor of the Music Festival. This partnership with the Ministry of Education demonstrates the value that CBK places on the nurturing and development of youth talent and the next crop of leaders. In particular, CBKs sponsorship of the Festival seeks to provide an opportunity for the youth to grow their financial literacy and showcase their artistic talents through music and poetry. Students from Primary and Secondary Schools, Middle Level and Vocational Colleges as well as Universities will have an opportunity to participate in the CBK sponsored category, singing the theme song Twajivunia Benki Kuu Ya Kenya. CBK, also looks forward to an exemplary display of talent in the creative choral verse compositions based on its theme Promoting Financial Stability, A Sound National Payments System and a Vibrant Financial Sector. As a co-curricular activity in the Ministry of Education calendar, the Kenya Music Festival provides an opportunity for gifted students to develop and showcase their talents on a national platform. July 10, 2017",Press Release,https://www.centralbank.go.ke/uploads/press_releases/1252892767_Press Release - Kenya Music Festival.pdf
,"2081137250_Press Release   Chase Bank Limited (In Receivership)   March 28, 2017","PRESS RELEASE CHASE BANK LIMITED (IN RECEIVERSHIP) 1. The Central Bank of Kenya (CBK) hereby extends the appointment period of the Kenya Deposit Insurance Corporation (KDIC) as Receiver of Chase Bank Limited (In Receivership) (CBL) for a further six months from April 7, 2017, pursuant to the provisions of Section 53(1) of the Kenya Deposit Insurance Act, 2012. 2. KDIC was appointed on April 7, 2016, to assume the management and control of Chase Bank Limited for a period of twelve months pursuant to the provisions of Sections 43(1), 43(2) and 53(1) of the Kenya Deposit Insurance Act, 2012. The appointment of KDIC was carried out in the interest of the banks depositors, creditors, and members of the public. Since the appointment, progress has been made towards a resolution of the banks receivership, with the objective of safeguarding the interest of depositors, creditors, and the wider public interest. 3. In light of the above, KDIC will maintain the management, control and conduct of the affairs and business of the institution, exercise all the powers of the institution to the exclusion of its Board of Directors, and work with CBK on an appropriate resolution strategy. CENTRAL BANK OF KENYA March 28, 2017",Press Release,"https://www.centralbank.go.ke/uploads/press_releases/2081137250_PRESS RELEASE - Chase Bank Limited (In Receivership) - March 28, 2017.pdf"
,1389702765_Press Release   Imperial Bank Limited   Revised Final Offer August 30 2019,"PRESS RELEASE IMPERIAL BANK LIMITED (IN RECEIVERSHIP) Following KCB Bank Kenya Limiteds (KCB) detailed due diligence on selected loans, KCB has revised its Final Offer that was announced on April 5, 2019, about Imperial Bank Limited (In Receivership) (IBLR). The Revised Offer has been accepted and concluded. It is for a take-over of 7.5 percent of the outstanding deposit balance, which translates to a combined total recovery rate to depositors of 40 percent (total recovery of KES.31.7 billion against eligible deposits of KES.79.1 billion). KCB will make payments to depositors as was indicated in the announcement of April 5. This recovery rate excludes the loan balances that are linked to the ongoing litigation. In December 2018 Central Bank of Kenya (CBK) and the Kenya Deposit Insurance Corporation (KDIC) announced the release of funds to eligible IBLR depositors as additional disbursements through KCB. This saw approximately 92 percent of eligible depositors receiving in full their bank balances at receivership. On April 5, 2019, CBK and KDIC announced acceptance of the Offer from KCB, to enhance the recovery of deposits in the defunct IBLR subject to a detailed due diligence by KCB on selected loan assets. KDIC and CBK undertakes to continue pursuing the outstanding loan balances for the benefit of depositors and creditors. In addition, the two institutions will collaborate with other financial institutions to authenticate and consider uptake of the remaining loan assets to enhance further recovery. CBK and KDIC reiterate their commitment in Keeping with their respective mandates and in accordance with the Laws of Kenya, to protect the interest of depositors, creditors, and the wider public interest. CENTRAL BANK OF KENYA KENYA DEPOSIT INSURANCE CORPORATION August 30, 2019",Press Release,https://www.centralbank.go.ke/uploads/press_releases/1389702765_Press Release - Imperial Bank Limited - Revised Final Offer August 30 2019.pdf
,Imperialbanklimited 2Dec2015,"PRESS RELEASE IMPERIAL BANK LIMITED (IN RECEIVERSHIP) With the endorsement of the Central Bank of Kenya (CBK), the Kenya Deposit Insurance Corporation (KDIC) has today effected a joint agreement with Kenya Commercial Bank (KCB) and Diamond Trust Bank (DTB) that will provide depositors of Imperial Bank Limited (IBL) access to their deposits in a structured manner. This step was taken to safeguard the interest of IBLs depositors and creditors, and also in the wider public interest. This follows the failure of IBLs shareholders to provide adequate assurances to implement a proposal that would enable the prompt reopening of IBL and resumption of normal activities for its customers. Under the joint agreement  KCB and DTB will in the immediate future pay each IBL depositor up to a maximum of Ksh.1 million, subject to account and identity verifications. On this basis, 44,300 depositors will get full access to their deposits, while the remaining 5,700 depositors would in this instance be paid a portion (Ksh.1 million) of their deposits. Thus, 89 percent of depositors will be paid in full.  The remaining deposits and loans would be subject to a due diligence review by KCB and DTB, which would inform what portions could be transferred to KCB and DTB and under what terms. An announcement on the way forward will be made upon completion of this exercise, expected by end-March 2016, and it would include the treatment of current bond investors.  KDIC will retain management and control of all other assets and liabilities, as provided for in the Kenya Deposit Insurance Act. All IBL borrowers should continue to make payments on their loans as required currently. Over the next few days KCB and DTB will put in place mechanisms through which IBL depositors can file their claims at any KCB or DTB branch in the country. Once filed, a response will be provided within three business days and a payment made if the claim is approved. It is expected that all valid claims will be paid in the next few weeks. Additional information on this process will be provided in the media. CBK appointed KDIC as receiver for IBL on October 13, 2015, according to the provisions of the Banking Act and of the Kenya Deposit Insurance Act, when CBK became aware of IBLs unsafe and unsound business practices. KDIC subsequently confirmed fraudulent activities of substantial magnitude resulting in a significant shortfall in IBLs capital position, and the misrepresentation of IBLs financial statements. CBK and KDIC are grateful to depositors and creditors for their patience since IBL was put under receivership, and request their continued support in this process. CBK and KDIC acknowledge the invaluable assistance by KCB and DTB in making this proposition a reality. The support of the Aga Khan Fund for Economic Development (AKFED) has also been instrumental in reaching this agreement. CENTRAL BANK OF KENYA December 2, 2015 2",Press Release,https://www.centralbank.go.ke//images/docs/media/Press%20Releases/ImperialBankLimited-2Dec2015.pdf
,500993117_Press Release   Release Of Individual Country Data On Remittances April 2021,"PRESS RELEASE RELEASE OF INDIVIDUAL COUNTRY DATA ON REMITTANCES The Central Bank of Kenya (CBK) announces the release of additional data on remittances, showing the amounts received from individual countries. Since 2007 CBK publishes monthly data on remittances grouped into three broad regions North America, Europe, and the Rest of the World. In addition to this broad grouping, CBK has now introduced a detailed breakdown of the remittances by individual countries from which they were sent. The new detailed data start in February 2019, and are available on the remittances page on CBKs website. Remittance inflows continue to provide a stable source of foreign exchange for Kenya and a key support for many households, totaling USD 3,094 million in 2020. Remittances in March 2021 amounted to USD 290.8 million, compared to USD 228.8 million in March 2020, an increase of 27.1 percent. The US remains the largest source of these inflows, accounting for 55.9 percent of remittances in March 2021. The other top source countries were UK (11.2 percent), Saudi Arabia (4.0 percent), Canada (2.9 percent), and Australia (2.9 percent). The importance of remittances has revealed a need for more information that would support policy decisions. In this regard, in collaboration with the Kenya National Bureau of Statistics and the Ministry of Foreign Affairs, CBK has rolled out an anonymous online Kenya Diaspora Remittances Survey that is running from March 19 to May 17, 2021. The Survey focuses on the costs and efficiency of sending remittances, the difficulties encountered in sending cash or non-cash remittances, how remittances are used by the recipients, and the availability of information on investment opportunities in Kenya. This information will help guide policies intended to boost the role of remittances in supporting the economy and livelihoods. Kenyans living abroad are urged to participate in the survey. CENTRAL BANK OF KENYA April 21, 2021",Press Release,https://www.centralbank.go.ke/uploads/press_releases/500993117_Press Release - Release of Individual Country Data on Remittances April 2021.pdf
,2075095356_Press Release   Licensing Of 19 Additional Digital Credit Providers   March 2024,"PRESS RELEASE LICENSING OF DIGITAL CREDIT PROVIDERS The Central Bank of Kenya (CBK) announces the licensing of additional 19 Digital Credit Providers (DCPs). This is pursuant to Section 59(2) of the Central Bank of Kenya Act (CBK Act). This brings the number of licensed DCPs to 51 following the licensing of 32 DCPs announced in March 2023. CBK has received 480 applications since March 2022 and has worked closely with the applicants in reviewing their applications. Additionally, CBK has engaged other regulators and agencies pertinent to the licensing process, including the Office of the Data Protection Commissioner. The focus of the engagements has been inter alia on business models, consumer protection and fitness and propriety of proposed shareholders, directors, and management. This is to ensure adherence to the relevant laws and importantly that the interests of customers are safeguarded. We acknowledge the efforts of the applicants and the support of other regulators and agencies in this process. Details of the 51 licensed DCPs can be accessed here. Other applicants are at different stages in the process, largely awaiting the submission of requisite documentation. We urge these applicants to submit the pending documentation expeditiously to enable completion of the review of their applications. Reports by the public on unregulated DCPs can be sent through dcpscentralbank.go.ke. The licensing and oversight of DCPs as indicated previously, was precipitated by concerns raised by the public about the predatory practices of the unregulated DCPs, and in particular, their high cost, unethical debt collection practices, and the abuse of personal information. CENTRAL BANK OF KENYA March 6, 2024 C2 CBK - Official",Press Release,https://www.centralbank.go.ke/uploads/press_releases/2075095356_Press Release - Licensing of 19 Additional Digital Credit Providers - March 2024.pdf
,850440997_Press Release   Credit Reference Bureau Regulations   April 2020,"PRESS RELEASE PUBLICATION OF THE CREDIT REFERENCE BUREAU REGULATIONS, 2020 AND ADDITIONAL MEASURES ON CREDIT INFORMATION SHARING The Central Bank of Kenya (CBK) announces the publication by Gazette Notice No. 55 of April 8, 2020, of the Credit Reference Bureau Regulations, 2020 (CRB Regulations). These CRB Regulations were issued pursuant to Section 31(3) of the Banking Act and replace the Credit Reference Bureau Regulations, 2013. The CRB Regulations provide for the licensing and supervision of Credit Reference Bureaus (CRBs) by CBK. Importantly, they also provide a framework for the exchange of borrowers credit information between commercial banks, microfinance banks, Savings and Credit Societies (SACCOs), other credit information providers approved by CBK, and CRBs. They are now operational. The revised CRB Regulations have been developed through a consultative process that started in 2018, and are intended to strengthen Kenyas Credit Information Sharing System (CIS) that has been operational since 2010. In particular, they seek to enhance consumer protection for borrowers, expand the sources of information and ensure the sustainability of the CIS as a key tool to bridge the information gap about the borrowers creditworthiness. The key reforms introduced by these CRB Regulations include 1. A minimum threshold of Ksh.1,000 has now been set for negative credit information that is submitted to CRBs by lenders. Borrowers information regarding non- performing loans of less than Ksh.1,000 will therefore not be submitted to CRBs, and borrowers that were previously blacklisted only for amounts less than Ksh.1,000 will be delisted. 2. First-time CRB clearance certificates will be provided by CRBs at no charge. This is particularly beneficial to Kenyan youth and graduates who are seeking employment. 3. SACCO societies regulated by the Sacco Societies Regulatory Authority (SASRA) have now been included as authorized subscribers of credit data to CRBs. These SACCOs will now submit borrowers information to CRBs and also receive credit reports directly from them. In addition to publishing these CRB Regulations, the following additional measures have been implemented  With immediate effect, CBK has withdrawn the approvals granted to unregulated digital (mobile-based) and credit-only lenders as third party credit information providers to CRBs. The withdrawal is in response to numerous public complaints over misuse of the CIS by the unregulated digital and credit-only lenders, and particularly their poor responsiveness to customer complaints. Thus, unregulated digital and credit- only lenders will no longer submit credit information on their borrowers to CRBs.  On the recommendation of CBK, the Cabinet Secretary for the National Treasury and Planning has published by Gazette Notice No. 3096 of April 8, 2020, the suspension for a period of six months, the listing of negative credit information for borrowers whose loans were performing previously but have become non-performing from April 1, 2020. Consequently, loans that fall in arrears from April 1 to September 30, 2020, will not lead to the blacklisting of the borrower on the CRBs. This is one of the emergency measures that were announced on March 25, 2020, in light of the exceptional circumstances from the Coronavirus pandemic and aiming to shield borrowers from the adverse impact. CBK will continue working with all stakeholders to ensure that the CIS mechanism works for and with Kenyans, and in line with best global practices. CENTRAL BANK OF KENYA April 14, 2020 2",Press Release,https://www.centralbank.go.ke/uploads/press_releases/850440997_Press Release - Credit Reference Bureau Regulations - April 2020.pdf
,1681844297_Press Statement   Directors' Fees,"PRESS STATEMENT The Central Bank of Kenya (CBK) notes with concern the erroneous article and reckless banner headline CBK pays its chair sh6m retainer in year of no meeting in the Business Daily of December 8, 2016. The article levels several misguided charges against the CBK, the CBK Board Chairman, and the CBK Governor. These accusations include that the Chairman was paid Ksh.6 million in FY1516 as a retainer (which was flagged as equivalent to Ksh.500,000 a month), and CBKs purported failure to exercise prudence in the management of its resources. These allegations are repeated by Business Daily of December 9, 2016, page 2 and Editorial, page 14. CBK wishes to clarify the following 1. The financial accounts for FY1516 were audited and published as required by law, and the auditors opinion was unqualified. 2. Explanatory Note 28(ii) to the audited accounts discloses the item Fees to non-executive directors of Ksh.6 million. These payments were made in line with policy guidelines issued in 2014. 3. The reporting of Explanatory Note 28(ii) is in keeping with the requirements of International Accounts Standards IAS24 and the figure is broken down as follows NON-EXECUTIVE DIRECTORS FEES, ALLOWANCES AND OTHER EXPENSES, FY201516 (KSH.) PARTICULARS NET PAY TAX (30%) GROSS PAY Retainer Fees - Chairman FY201516 (12 months) 2,100,000 900,000 3,000,000 FY201415 (12 days) 70,000 30,000 100,000 Sub-Total 2,170,000 930,000 3,100,000 Retainer Fees - Principal Secretary, National Treasury FY201516 (12 months) 1,260,000 540,000 1,800,000 FY201415 (arrears for June 2015) 105,000 45,000 150,000 Sub-Total 1,365,000 585,000 1,950,000 TOTAL NON-EXECUTIVE DIRECTORS RETAINER FEES 3,535,000 1,515,000 5,050,000 Directors Travel Expenses Financial Sector Regulators Meeting, Mombasa 44,965 - 44,965 African Central Banks Meeting, Turkey 293,570 - 293,470 Central Banking Governance Course, UK 499,280 - 499,280 Total Travel Expenses 837,815 - 837,815 GRAND TOTAL 5,887,815 Source CBK FY201516 Audited Accounts No mileage expenses or sitting allowances were paid during this period  These payments were made to the National Treasury and not the Principal Secretary as an individual The allegations that CBK failed to exercise prudence in the management of its resources have no basis and are erroneous. CENTRAL BANK OF KENYA December 9, 2016",Press Release,https://www.centralbank.go.ke/uploads/press_releases/1681844297_Press Statement - Directors' Fees.pdf
,Press_Release_Caritas_Microfinance_Bank_Limited_ _June_2015,"PRESS RELEASE CBK LICENSES THE TWELFTH MICROFINANCE BANK  CARITAS MICROFINANCE BANK LIMITED The Central Bank of Kenya (CBK) has granted a licence to Caritas Microfinance Bank Limited (hereafter referred to as Caritas MFB) to carry out nationwide microfinance bank business. The licence has been issued pursuant to Section 6(1) of the Microfinance Act, 2006 and Regulation 5 (3) of the Microfinance Regulations, 2008. Caritas MFB becomes the twelfth microfinance bank (MFB) to be licensed following the licensing of seven nationwide MFBs (Faulu Kenya MFB, Kenya Women MFB, SMEP MFB, REMU MFB, Rafiki MFB, Century MFB and SUMAC MFB) and four community- based MFBs (Uwezo MFB, UI MFB, Daraja MFB and Choice MFB). Caritas MFB is a private company associated with the Catholic Archdiocese of Nairobi whose main objective is to promote integral human development through the provision of affordable, innovative and customized financial solutions. To have a national outreach, the MFB intends to adopt a social and competitive pricing approach and a two-pronged distribution strategy branches and marketing offices. The MFB also intends to employ the holistic approach that will aim to improve its members economic and social status. Caritas MFB Limited has set up its head office and branch in Nairobi Central Business District at the Cardinal Maurice Otunga Plaza. The promoters of the MFB recognize that the latent capacity of the poor for entrepreneurship would be encouraged with the availability of small-scale loans and would introduce them to the small-enterprise sector. In this regard, the MFB intends to target the micro and small enterprises (MSEs), specifically church based groups, farmers, self-help groups, agribusinesses, individuals and disadvantaged groups including slum dwellers, single mothers, people affected by HIVAIDS, youth and women groups among others. The licensing of Caritas MFB reiterates the Central Banks commitment to the development of an all- inclusive financial system. Indeed, the growth of the microfinance industry is key in enhancing financial inclusion and promoting economic growth in Kenya in line with the countrys economic blue print, Vision 2030. CENTRAL BANK OF KENYA 12th June 2015",Press Release,https://www.centralbank.go.ke//images/docs/MPC%20Press%20Releases/Press_Release_Caritas_Microfinance_Bank_Limited_-_June_2015.pdf
,Press_Release_By_Kenya_Deposit_Insurance_Corporation_ _Imperial_Bank_Ltd,"KENYA DEPOSIT INSURANCE CORPORATION (Formerly Deposit Protection Fund Board) CBK Pension House, 1ST Floor, Harambee Avenue P.O. Box 45983-00100 Nairobi, Tel 020-2863841 PRESS RELEASE IMPERIAL BANK LTD (IN RECEIVERSHIP) October 13, 2015, Nairobi The Kenya Deposit Insurance Corporation (KDIC), formerly Deposit Protection Fund Board, was on October 13, 2015, appointed by the Central Bank of Kenya (CBK) as receivers of Imperial Bank Limited (the Bank) for a maximum period of twelve (12) months. The Bank was placed under receivership due to, amongst other reasons, irregularities and malpractices in the Bank which exposed depositors, creditors and the banking sector to financial risk. KDIC has assumed control of the assets, liabilities, business and affairs of the Bank. Consequently, Mr. Peter Gatere has been appointed as Receiver Manager to carry out the business and manage the assets and liabilities of the Bank in the name of Imperial Bank Limited (In receivership). Other matters with regard to the receivership are as follows 1. All powers of the Bank and of its directors under the constituent documents exercisable by the Bank or its directors under any law are now vested on KDIC and the Receiver Manager 2. KDIC has declared a moratorium to business that shall apply equally and without discrimination for all stakeholders of the Bank during the receivership period. Accordingly, normal operations of the Bank are suspended except for collection of loan re-payments or any other payments into the Bank. Debtors are therefore encouraged to continue servicing their obligations. For this reason, KDIC will in the meantime keep all the branches of the Bank open for such transactions. Any new arrangements in this regard will be communicated 3. KDIC shall immediately undertake due diligence to ascertain the veracity of irregularities and malpractices and determine the most appropriate resolution mechanism in the shortest time possible. All depositors are therefore requested to be patient as KDIC works closely with the Board of Directors of Imperial Bank 1 Limited to develop the most feasible resolution option for the benefit of all stakeholders 4. KDIC will expeditiously deal with this matter and provide regular and timely updates to the general public 5. KDIC wishes to assure the depositors, creditors and all other stakeholders, that it will do everything within its powers to protect their interests as it undertakes this receivership exercise and 6. Stakeholders, customers or anyone with questions regarding the receivership can contact KDIC during office hours, Monday to Friday - 8.30 am to 4.30 pm, on telephone number 07708879922863813 or by e-mail address customerservicedepositinsurance.go.ke Aggrey Jonathan K. Bett Acting Chief Executive Officer, Kenya Deposit Insurance Corporation (Formerly, Deposit Protection Fund Board) 2",Press Release,https://www.centralbank.go.ke//images/docs/media/Press%20Releases/PRESS_RELEASE_BY_KENYA_DEPOSIT_INSURANCE_CORPORATION_-_IMPERIAL_BANK_LTD.pdf
,2594950_Mpc Press Release   Meeting Of May 29 2023,"BANKI CENTRAL KUU YA BANK OF GOVERNOR KENYA KENYA Haile Selassie Avenue P. O. Box 60000-00200 Nairobi, Kenya Telephone 254 20 2861003 PRESS R ELEASE MONETARY POLICY COMMITTEE MEE TING The Monetary Policy Committee (MPC) met on May 29, 2023, against a backdrop of continued global uncertainties, a weak global growth outlook, easing inflationary pressures, geopolitical tensions, and measures taken by authorities around the world in response to these developments. The MPC reviewed the outcomes of its previous decisions and measures implemented to mitigate the adverse economic impact and financial disruptions.  Overall inflation declined to 7.9 percent in April 2023 from 9.2 percent in March, mainly driven by lower food prices. Food inflation declined to 10.1 percent in April from 13.4 percent in March, due to lower prices of vegetables attributed to the ongoing rains, and improved supply of select non-vegetable food items. Fuel inflation remained elevated at 13.2 percent in April, largely reflecting increases in electricity prices due to higher tariffs, and the scaling down of the fuel subsidy. Food inflation is expected to moderate in the coming months following the long rains, and lower global food prices. Nevertheless, the recent increases in electricity prices, the removal of the fuel subsidy, and a sharp rise in sugar prices are expected to exert moderate upward pressure on overall inflation.  The global economic outlook remains uncertain, reflecting continued concerns about financial sector stability in the advanced economies, continuing geopolitical tensions particularly the ongoing war in Ukraine, and the pace of monetary policy tightening in the advanced economies. However, commodity prices in the global markets, particularly of oil and food, have continued to ease.  The recently released Economic Survey 2023 shows that the Kenyan economy remained resilient in 2022, despite the subdued agriculture performance due to unfavourable weather conditions during the period. Real GDP grew by 4.8 percent in 2022, reflecting robust performance of the services sector, particularly transport and storage, financial and insurance, information and communication, and accommodation and food services. Leading indicators point to strong economic performance in the first quarter of 2023, mainly driven by activity in the services sector and recovery in agriculture. The economy is expected to continue to strengthen in 2023, supported by the resilient services sector and expected recovery in agriculture.  Two of the surveys conducted ahead of the MPC meetingthe CEOs Survey and Market Perceptions Surveyrevealed improved optimism about business activity and economic growth prospects for the next 12 months. The optimism was attributed to improved weather conditions, which are expected to support agricultural production, easing of inflation, and resilience of the private sector. Nonetheless, respondents expressed concerns about the proposed increase in taxation, rise in electricity and fuel prices, and the weakening of the Kenya shilling.  The Survey of the Agriculture Sector conducted in the first half of the month, revealed that the prices of key food items had declined. Additionally, respondents expect the supply of most vegetables to increase in the coming months on account of the rains. Nevertheless, respondents identified transport costs, high input costs, infestation by pests, and unpredictable weather patterns, as the major factors constraining agricultural production.  Goods exports have remained strong, growing by 6.6 percent in the 12 months to April 2023 compared to a similar period in 2022. Receipts from tea and manufactured goods exports increased by 11.6 percent and 30.4 percent, respectively during the period. The increase in receipts from tea exports reflects improved prices attributed to demand from traditional markets. Additionally, imports grew by 1.2 percent in the 12 months to April 2023 compared to 21.3 percent in a similar period in 2022, with lower imports of infrastructure-related equipment due to completed projects. Oil prices have continued to moderate from the fourth quarter of 2022. Receipts from services exports increased reflecting sustained improvement in international travel and transport. Remittances totalled USD 3,985 million in the 12 months to April 2023, and were 0.4 percent higher compared to a similar period in 2022. The current account deficit was 5.1 percent of GDP in 2022, and is projected to improve to 4.8 percent of GDP in 2023.  The CBK foreign exchange reserves, which currently stand at USD 6,495 million (3.61 months of import cover), continue to provide adequate cover and a buffer against any short- term shocks in the foreign exchange market.  The banking sector remains stable and resilient, with strong liquidity and capital adequacy ratios. The ratio of gross non-performing loans (NPLs) to gross loans stood at 14.6 percent in April 2023, compared to 14.0 percent in February. Increases in NPLs were noted in the manufacturing, real estate, building and construction, and trade sectors. Banks have continued to make adequate provisions for the NPLs.  Growth in private sector credit stood at 13.2 percent in April 2023 compared to 11.7 percent in February. Strong credit growth was observed in the following sectors manufacturing (21.7 percent), transport and communication (18.0 percent), trade (13.7 percent), and consumer durables (13.3 percent). The number of loan applications and approvals remained strong, reflecting increased demand.  The Committee noted the ongoing implementation of the FY202223 Government Budget, particularly the performance in tax revenue collection and the proposed FY202324 Budget, which continues to reinforce fiscal consolidation. The disbursement of the recently approved World Bank Development Policy Operation (DPO) and other external inflows will help improve liquidity conditions in the economy. The Committee noted that the impact of the further tightening of monetary policy in March 2023 to anchor inflationary expectations was still transmitting in the economy. Additionally, the MPC noted that this action will be complemented by the recently announced Government measures to allow duty-free imports on specific food items particularly sugar, which are expected to moderate prices and ease domestic inflationary pressures. In view of these developments, the MPC decided to retain the Central Bank Rate (CBR) at 9.50 percent. The Committee will closely monitor the impact of the policy measures, as well as developments in the global and domestic economy, and stands ready to take additional measures, as necessary. The Committee will meet again in July 2023, but remains ready to re- convene earlier if necessary. Dr. Patrick Njoroge CHAIRMAN, MONETARY POLICY COMMITTEE May 29, 2023",Press Release,https://www.centralbank.go.ke/uploads/mpc_press_release/2594950_MPC Press Release - Meeting of May 29 2023.pdf
,360826304_Press Release   Imperial Bank   June 2017,"PRESS RELEASE IMPERIAL BANK LIMITED (IN RECEIVERSHIP) Today the High Court granted a 90-day extension of the receivership over Imperial Bank Limited (In Receivership) (IBLR). This was following agreement between the shareholders, Kenya Deposit Insurance Corporation (KDIC) and Central Bank of Kenya (CBK), that it was necessary for KDIC to be accorded more time to resolve the receivership. The consent given by these parties was without prejudice and unconditional. Since the last extension of the receivership on March 24, 2017 (see Press Release), CBK and KDIC have held four meetings with the shareholders. All agree on the urgency of a resolution and on the need to safeguard the interest of the depositors. CBK consented to todays extension on the basis that more time is needed for further actions that would allow a fitting resolution of IBLRs receivership. Additionally, in order to advance the resolution of the receivership and in keeping with their respective mandates, CBK and KDIC will in the coming days issue a tentative timeline and prospective milestones for the resolution of IBLRs receivership. Going forward, CBK and KDIC will continue to engage stakeholders concerning the next steps in the resolution for IBLR, as permitted by the law. CBK and KDIC again reiterate their commitment to protecting the interest of IBLR depositors, its creditors, and the wider public interest, by resolving IBLRs receivership in a professional and legal manner. CENTRAL BANK OF KENYA June 19, 2017",Press Release,https://www.centralbank.go.ke/uploads/press_releases/360826304_Press Release - Imperial Bank - June 2017.pdf
,970063629_Press Release   Cbk Iso 20000 Certification For It Service Management (Itsm),"PRESS RELEASE CBK ACHIEVES ISOIEC 20000-12018 CERTIFICATION FOR IT SERVICE MANAGEMENT (ITSM) The Central Bank of Kenya (CBK) announces that it has successfully attained the ISOIEC 20000-12018 Certification for its Information Technology Service Management (ITSM). The certification marks a major milestone in the Banks journey toward operational and service excellence. This prestigious certification demonstrates the Banks ongoing commitment to maintaining the highest standards of service excellence in its operations. The certification journey began in March 2023, aligned to CBKs 20212024 Strategic Plan with a focus on operational excellence. As the initiative advanced, it was seamlessly realigned with the 2024-2027 Strategic Framework, under the pillar of service excellence. The adoption of the ISOIEC 20000-12018 Standard further supports CBKs strategic priorities of resilience, sustainability, digital transformation, and human capital development, by ensuring that the Bank consistently delivers value through structured, internationally recognised service management processes. The International Organization for Standardization (ISO) is a globally recognized, independent organization that sets and publishes international standards. ISO certification is a vital benchmark for organizations worldwide, validating adherence to best practices across various fields, including quality management, information security, and environmental sustainability. The ISOIEC 20000-12018 Certification is particularly significant as it confirms that an organisation meets rigorous international standards in IT service management, ensuring reliable, efficient, and secure service delivery. CENTRAL BANK OF KENYA September 9, 2025 C2 CBK - Official",Press Release,https://www.centralbank.go.ke/uploads/press_releases/970063629_Press Release - CBK ISO 20000 Certification for IT Service Management (ITSM).pdf
,1236253842_Press Release   Chase Bank (Kenya) Limited (In Receivership) And Sbm Bank (Kenya) Limited,"PRESS RELEASE CHASE BANK (KENYA) LIMITED (IN RECEIVERSHIP) AND SBM BANK (KENYA) LIMITED Central Bank of Kenya welcomes the completion of a transaction that provides Chase Bank (Kenya) Limited (In Receivership) (CBLR) depositors access to a large portion of their frozen deposits. Through this transaction, SBM Bank (Kenya) Limited (SBM Kenya), acquired certain assets and assumed certain deposits with respect to CBLR, including 50 branches and a significant majority of staff. As the 50 branches opened their doors this morning, customers were able to walk in and carry out the full range of transactions. Since the placing of Chase Bank Limited under receivership on April 7, 2016, 97 percent of accounts have been fully paid. On August 17, 2018, 75 percent of the value of deposits that remained under moratorium at CBLR were transferred to SBM Kenya, and from today customers have structured access to these deposits as announced on April 17, 2018. This transaction was supported by a transparent Expression of Interest process, and stakeholders were kept apprised at various points in this process, culminating in todays event. Following the completion of the acquisition and assumption process, CBK and the Kenya Deposit Insurance Corporation (KDIC) will continue working to recover and realise the assets that remain in CBLR, in order to enhance the recovery for CBLR stakeholders. This includes pursuing the assets that were illegally acquired from Chase Bank Limited. CBK and KDIC intend to engage further with creditors in this process, as needed, with a view to maximise and hasten the recovery. CBK and KDIC will communicate in this respect as appropriate. In his remarks today, CBK Governor Dr. Patrick Njoroge noted that this is the first time that a successful carve-out of this nature has been carried out in Africa. He also noted that this process was fully private sector-driven, and expressed his gratitude to all the individuals and institutions that have been involved in the process. This is one small step for depositors, but a giant leap for the stability of the financial sector, concluded Dr. Njoroge. SBM Holdings Ltd (SBMH), together with its subsidiaries, is a leading financial services group in Mauritius, with a growing international presence currently extending to Madagascar, India and more recently in Kenya, where the SBM Group acquired Fidelity Bank in May 2017, thereafter renaming it SBM Kenya. SBMH is the third largest company listed on the Stock Exchange of Mauritius with a market capitalisation of approximately USD 680 million, with the Government of Mauritius as a significant shareholder, and total assets of USD 5.8 billion as at December 31, 2017. SBM provides all services of a universal bank within a diversified business model. Lines of business include, inter alia Retail, SME and Corporate Banking, Wealth Management and Investment Banking. CBK and KDIC reiterate their commitment in keeping with their respective mandates and in accordance with the Laws of Kenya, to protect the interest of depositors, creditors, and the wider public interest. CENTRAL BANK OF KENYA August 20, 2018",Press Release,https://www.centralbank.go.ke/uploads/press_releases/1236253842_Press Release - Chase Bank (Kenya) Limited (In Receivership) and SBM Bank (Kenya) Limited.pdf
,Communication_To_Commercial_And_Microfinance_Banks_ _Imperial_Bank_14_October_2015,"To All Chief Executives of Commercial and Micro Finance Banks ADDITIONAL INFORMATION ON IMPERIAL BANK LIMITED (IN RECEIVERSHIP) Further to yesterdays communication on the appointment of the Kenya Deposit Insurance Corporation (KDIC) to assume the management and control of Imperial Bank Limited pursuant to the provisions of Sections 34 (2) (b) of the Banking Act and Sections 43 and 53(1) of the Kenya Deposit Insurance Act, 2012, the Central Bank of Kenya (CBK) wishes to provide additional information on this matter. As was communicated, the board of directors of Imperial Bank Limited brought to the attention of the CBK inappropriate banking practices that warranted immediate remedial action. CBK responded, also liaising with the Capital Markets Authority and the Bank of Uganda, and containing any adverse impact on the financial sector. CBK welcomed the self-disclosure by the board of Imperial Bank Limited which facilitated the prompt response. In taking this action, CBK exercised its statutory mandate and discharged its responsibility of protecting the public good in order to safeguard the interest of both depositors and creditors of Imperial Bank Limited. CBK stands ready to use all instruments at its disposal to provide adequate liquidity support to the banking system to ensure its stability and robustness at this time. CBK continues to assure members of the public that Kenyas banking sector remains safe and robust. CBK will continue to oversee the banking sector and work with the Kenya Bankers Association (KBA) to ensure that it provides appropriate support and information to avert any speculation that may undermine market confidence. Imperial Bank Limited represents 1.8 percent of the banking sector, and this incident does not present a systemic concern for the sector. The appointment of KDIC to take control of the management of the bank is intended to provide a platform for KDIC to execute its statutory mandate with the support of the board of directors of Imperial Bank Limited towards restoring the safety and soundness of the bank. KDIC will issue progress reports on a timely basis. 1 It has, however, come to the attention of the CBK that there is erroneous information circulating in the social media purporting to identify banks that have failed to meet certain thresholds. CBK wishes to assure the financial markets and members of the public that this information and the allegations therein are false. CEOs of commercial and microfinance banks may contact Mr. Mark Lesiit on telephone number 28615042 for any further clarifications in this respect. Dr. Patrick Njoroge GOVERNOR CENTRAL BANK OF KENYA October 14, 2015 2",Press Release,https://www.centralbank.go.ke//images/docs/media/Press%20Releases/Communication_to_Commercial_and_Microfinance_Banks_-_Imperial_Bank_14_October_2015.pdf
,2125980791_Press Release   Emergency Measures To Facilitate Mobile Money Transactions,"PRESS RELEASE EMERGENCY MEASURES TO FACILITATE MOBILE MONEY TRANSACTIONS Following a meeting this morning with Payment Service Providers (PSPs), the Central Bank of Kenya (CBK) announces a set of measures that will facilitate increased use of mobile money transactions instead of cash. While the immediate objective is to reduce the risk of transmission of COVID-19 (Coronavirus) by handling banknotes, this will also reduce the use of cash in the economy over the medium term. The following emergency measures will apply from midnight March 16, 2020 and will remain in place until June 30, 2020. 1. There will be no charge for mobile money transactions up to Ksh.1,000. 2. The transaction limit for mobile money is increased to Ksh.150,000. 3. The daily limit for mobile money transactions is increased to Ksh.300,000. 4. The mobile money wallet limit is increased to Ksh.300,000. 5. The monthly total limit for mobile money transactions is eliminated. 6. The current tariff for mobile money transactions for Ksh.70,000 will apply for transactions up to Ksh.150,000. 7. PSPs and commercial banks will eliminate charges for transfers between mobile money wallets and bank accounts. The current frameworks on anti-money laundering and countering financing of terrorism (AMLCFT) will continue to apply and CBK will closely monitor the implementation of these emergency measures. CENTRAL BANK OF KENYA March 16, 2020",Press Release,https://www.centralbank.go.ke/uploads/press_releases/2125980791_Press Release - Emergency Measures to Facilitate Mobile Money Transactions.pdf
,1909682132_Press Release   Closure Of Bank Of Kigali Representative Office In Kenya,"PRESS RELEASE CLOSURE OF BANK OF KIGALI REPRESENTATIVE OFFICE IN KENYA The Central Bank of Kenya (CBK) announces the cancellation of the authority granted to the Bank of Kigali (BoK) to operate a Representative Office in Kenya under Section 43 of the Banking Act, effective April 2, 2024. The voluntary termination of BoKs presence in Kenya follows a strategic decision taken by the Bank of Kigali Group Plc (BoKs parent company) to focus more on digital service delivery channels. CBK authorised the establishment of Bank of Kigalis Representative Office in Kenya on February 12, 2013. BoK, headquartered in Kigali, is a banking institution founded in 1966, licensed and supervised by the National Bank of Rwanda under the Law governing the organisation of banking. The Government of Rwanda controls majority shareholding in the bank while the remaining portion is held between institutional and retail shareholders. Bank of Kigali is also cross listed on the Nairobi Securities Exchange. CENTRAL BANK OF KENYA APRIL 5, 2024 C2 CBK - Official",Press Release,https://www.centralbank.go.ke/uploads/press_releases/1909682132_Press Release - Closure of Bank of Kigali Representative Office in Kenya.pdf
,2107886810_Press Release   Cbk Welcomes New Monetary Policy Committee Members,"PRESS RELEASE CBK WELCOMES NEW MONETARY POLICY COMMITTEE MEMBERS The Central Bank of Kenya (CBK) welcomes Ms. Isis Nyongo, Dr. Kemboi Kipruto, Dr. Freshia Mugo, and Mr. Jared Osoro, as members of the Monetary Policy Committee (MPC), following their appointment on November 22, 2024.  Ms. Isis Nyongo earned a Master of Business Administration degree from Stanford University in the USA, and a Bachelor of Arts degree in human biology from the same university. She has 12 years experience as a non-executive director, with advisory experience that includes a mix of public, private, academic, and non-profit boards. Ms. Nyongo is currently a member of the boards of the Nairobi Securities Exchange and LGT Venture Philanthropy, and has previously served on various boards including Equity Bank Group. Ms. Nyongo has also served in advisory roles for several boards including the Africa Research Centre for the Harvard Business School. She has an extensive understanding of the strategic considerations associated with highly regulated industries, and extensive operational experience in corporate roles. Through her partnership role at Google, Ms. Nyongo was instrumental in building the foundation of digital economy in Africa.  Dr. Kemboi Kipruto earned a PhD in Economics from Moi University, a Masters degree in Economics from Kenyatta University, and a Bachelor of Economics and Statistics degree from Kenyatta University. He is also a Certified Investment and Financial Analyst (CIFA), and Certified Public Accountant (CPA). Dr. Kipruto is currently an Academic Trainer in Collaborative and Specialised Programs at the Kenya School of Revenue Administration, the Coordinator of Economic Programs at Moi University School of Business and Economics Nairobi Campus, and a lecturer in the Universitys Department of Economics. He has published widely in refereed journals, and has extensive experience in research, policy analysis, investment methodologies, statistical and data analytics. Dr. Kipruto is an experienced and self- motivated scholar with a track record on developing, coordinating, analysing and implementing programs.  Dr. Freshia Mugo earned a PhD in International Finance from Sogang University in South Korea, and Master of Business Administration (Finance) and Bachelor of Commerce in Accounting from Kenyatta University. She is currently a Senior Lecturer in Finance, and Academic Director for PhD programmes at Strathmore University. Dr. Mugo is an international finance expert with vast experience in financial markets, academic research, regulatory, trainings, and risk analysis and management. She has served on boards for the last 14 years, including as Acting Chair of the Kenya Anti-Money Laundering Advisory Board (AMLAB), where she worked closely with the National Treasury and CBK. Dr. Mugo has also served as Chair of the Finance and Planning Committee as well Audit, Governance, and Risk Committee at the Capital Markets Authority (CMA). She led the establishment of the derivatives market in Kenya, and was the lead finance expert of a World Bank and Government of Kenya-funded project on development of urban resilience strategies. Dr. Mugo has extensive training and consulting experience in financial management.  Mr. Jared Osoro is an economist specialising in international macroeconomics, financial and monetary economics, econometrics, and development economics. He earned a Bachelor of Arts degree in Economics from the University of Nairobi, Master of Science in Economics from the University of Zimbabwe, and Advanced Econometric Studies as applied to Development from the University of Bradford. Mr. Osoro has published widely, particularly journal articles, working papers, book chapters, and essays. He has undertaken research in, among others, development financing, regional integration of financial systems, and macroeconomic and financial sector regulatory policies. Mr. Osoro has worked at the East African Development Bank, and the Kenya Bankers Association as Director of Research. He is currently leading a special Financial Sector Deepening (FSD) Africa technical advisory program on two-way interaction of central bank policies and market players on the back of the tripartite relationship between financial openness, market development and economic growth. The Chairman of the Monetary Policy Committee, who is also the Governor of the Central Bank of Kenya, Dr. Kamau Thugge, welcomed the new MPC members to the CBK. CENTRAL BANK OF KENYA December 4, 2024",Press Release,https://www.centralbank.go.ke/uploads/press_releases/2107886810_Press Release - CBK Welcomes New Monetary Policy Committee Members.pdf
,49448602_Press Release   Authorisation Of Jp Morgan Representative Office Kenya,"PRESS RELEASE AUTHORIZATION OF THE REPRESENTATIVE OFFICE OF JPMORGAN CHASE BANK N.A. IN KENYA The Central Bank of Kenya (CBK) announces the granting of authority to JPMorgan Chase Bank N.A. of the United States of America (USA) to establish a Representative Office in Kenya by the name JPMorgan Chase Bank N.A. Representative Office Kenya. This authority is granted pursuant to Section 43 of the Banking Act and follows the fulfilment, by JPMorgan Chase Bank N.A., of the stipulated authorisation requirements. Under the Banking Act, Representative Offices of foreign banks in Kenya serve as marketing and liaison offices for their parent banks and affiliates and are not permitted to undertake banking business. The JPMorgan Chase Bank N.A. Representative Office Kenya will operate in line with this requirement. JPMorgan Chase Bank N.A is a financial conglomerate domiciled in the USA. It operates in over 60 countries worldwide, offering services ranging from asset and wealth management, commercial banking, investment banking and financial technology. In establishing a presence in Kenya, JPMorgan Chase Bank N.A. seeks to explore business opportunities in Kenya and the wider East African region. The JPMorgan Chase Bank N.A Representative Office Kenya will contribute to the diversity of Kenyas financial sector and catalyse trade and investments. Additionally, the authorisation of the Representative Office affirms Kenyas standing as a premier financial services hub. CENTRAL BANK OF KENYA OCTOBER 14, 2024",Press Release,https://www.centralbank.go.ke/uploads/press_releases/49448602_Press Release - Authorisation of JP Morgan Representative Office Kenya.pdf
,735017284_Press Release   Conclusion Of Demonetisation Exercise,"PRESS RELEASE CONCLUSION OF DEMONETISATION EXERCISE The Central Bank of Kenya (CBK) is pleased to announce the successful completion of the withdrawal (demonetisation) of the older series KSh.1,000 notes. The exercise, announced on June 1, 2019, was aimed at addressing the grave concern of illicit financial flows, and the emerging risk of counterfeits. From a total of 217,047,000 pieces of the KSh 1,000 notes on June 1, CBK had received 209,661,000 pieces at the end of the demonetisation period on September 30. Thus, 7,386,000 pieces of the older KSh.1,000 notes, worth KSh.7.386 billion, were rendered worthless at the end of demonetisation. A significant proportion of this amount would represent cash that was held by individuals who were unable or unwilling to subject themselves to the robust checks in place. The demonetisation exercise had little impact on the economyinflation, exchange rate, etc. There was little evidence of a rush to purchase high-value assets in cash. The demonetisation process was underpinned by 1. A robust anti-money laundering and combating the financing of terrorism (AMLCFT) framework. Financial institutions employed AMLCFT checks to all transactions, and CBK closely monitored compliance. During the period, 3,172 suspicious transactions were flagged and are being investigated. CBK also carried out 15 targeted on-site inspections. 2. A sustained, intensive and targeted public awareness campaign. The intention was for Kenyans to familiarise themselves with the features of the banknotes, and to sustain awareness of the September 30 deadline for the withdrawal of the older KSh.1000 banknotes. To ensure that the public was aware of the currency, as well as the deadline, CBK ran more than 15,000 advertisements on radio, television and print media, as well as intense, two-way engagement on social media. CBK teams, including Governor Dr. Patrick Njoroge, engaged with wananchi in every part of the country, and material was distributed to all public schools and through the Government Administration in every county. 3. Close monitoring, which allowed for quick response as and when required. CBK sought to ensure that any concerns on the demonetisation process were addressed in a timely manner. During the period, Kenyans largely exchanged their banknotes in smaller amounts. In value terms,  62 percent of transactions were under KSh.500,000  79 percent of transactions were under KSh.1,000,000  92 percent of transactions were under KSh.2,000,000 In terms of number of transactions,  96 percent of transactions were under KSh.500,000  99 percent of transactions were under KSh.1,000,000 Looking forward, investigations will continue based on information from this process and the robust AMLCFT checks will remain entrenched in the financial institutions. CENTRAL BANK OF KENYA October 2, 2019",Press Release,https://www.centralbank.go.ke/uploads/press_releases/735017284_Press Release - Conclusion of Demonetisation Exercise.pdf
,1876260207_Press Release   Imperial Bank Limited   April 5 2019 (004),"PRESS RELEASE IMPERIAL BANK LIMITED (IN RECEIVERSHIP) ACCEPTANCE OF FINAL OFFER FROM KCB BANK KENYA LIMITED (KCB) Central Bank of Kenya (CBK) and Kenya Deposit Insurance Corporation (KDIC) announce the acceptance of the Final Offer from KCB, which further enhances recovery for depositors. This follows the announcement of the acceptance of the binding offer on December 11, 2018. In letters dated March 29 and April 2, 2019, KCB communicated to CBK and KDIC a modification of the terms of the Binding Offer with respect to the completion of the verification of loan process. CBK and KDIC, in the December 2018 announcement, had announced a release of funds increasing total recovery to approximately 35 percent of original eligible deposits held at the date of receivership. Funds were previously made available in three tranches, and approximately 92 percent of eligible depositors had been granted full access to their balances. The accepted Final Offer includes a further recovery of 19.7 percent of eligible depositor balances remaining at IBLR. CBK and KDIC assess that KCBs Binding Offer represents a viable proposal for the further resolution of IBLR, for the benefit of depositors and the strengthening of the Kenyan financial sector. It is expected that the transaction will be concluded expeditiously. The remaining balances due to eligible depositors in terms of the Final Offer will be released as follows a) 12.5 percent on completion of signing of the agreement b) 12.5 percent on the first anniversary of the signing and c) 25 percent each on the second, third and fourth anniversaries respectively. Interest rates payable on deposit balances will be in line with existing deposit products. The acceptance of this Final Offer increases total recovery for eligible deposits held at the date of receivership to 47 percent to date. This recovery does not include the realisation of approximately KES 36 billion of loans, translating to 50 percent of the current loan balances, linked to ongoing litigation, and which CBK and KDIC continue to pursue for the benefit of depositors and creditors. CBK and KDIC will be working closely with other banks to verify and consider uptake of the remaining loan assets to enhance further recovery. KCB has confirmed that it will take over five branches of IBLR, and CBK and KDIC continue to explore options for the remaining staff and branches. CBK and KDIC reiterate their commitment to protect the interest of depositors, creditors, and the wider public interest. This is in keeping with their respective mandates and in accordance with the Laws of Kenya. CENTRAL BANK OF KENYA KENYA DEPOSIT INSURANCE CORPORATION April 5, 2019",Press Release,https://www.centralbank.go.ke/uploads/press_releases/1876260207_Press Release - Imperial Bank Limited - April 5 2019 (004).pdf
,725932590_Press Release   White Paper On Modernisaton Of The Monetary Policy Framework And Operations,"PRESS RELEASE WHITE PAPER ON THE MODERNISATION OF THE MONETARY POLICY FRAMEWORK AND OPERATIONS The Central Bank of Kenya (CBK) announces the publication of a White Paper on the modernisation of the monetary policy framework and operations. This follows the conclusion of a review by the Monetary Policy Committee (MPC) of the current monetary policy framework to determine the aspects that would be improved. The monetary policy framework defines the relationships and processes that guide implementation of CBKs mandate of maintaining price stability. Following the repeal of interest rate caps in November 2019, the MPC has considered the circumstances opportune for progressing with the initiatives to strengthen the monetary policy framework. Kenyas monetary policy framework has evolved from monetary aggregate targeting to a forward-looking monetary policy approach. This evolution was necessitated by the rapid and widespread adoption of new technologies in the financial sector, transformation of the payments system, a structural shift in economic conditions, and the need to better anchor inflation expectations. Whereas these developments have been beneficial in expanding financial inclusion and deepening the financial sector, they have weakened the efficacy of the monetary policy framework. Against this backdrop, CBK has been implementing reforms aimed at strengthening the monetary policy framework. These reforms focus on strengthening the policy formulation tools, upgrading implementation infrastructure, ensuring effective communication, improving policy transmission and enhancing financial system stability. Some of the critical steps include strengthening forecasting frameworks and institutionalisation of market perception surveys to better assess inflation expectations issuance of the Kenya Banking Sector Charter to improve transparency and promote ethical culture in the banking industry introduction of a cost of credit website, which provides information on fees and charges relating to loan products so as to enhance full disclosure to customers initiation of the roll out of an upgraded Central Securities Depository (CSD) to improve CBK monetary operations, and the functioning of the interbank market and enhancement of its communication strategy in line with international best practices. Despite the major milestones achieved so far, the MPC assessed that further reforms are needed to increase the effectiveness of monetary policy. The MPC reviewed Kenyas unique experiences, the diverse experiences of a wide range of countries, the insights from the IMFs Technical Assistance from and international best practice. Analysis of these inputs formed the basis of identifying the areas that need further reforms. These reforms mainly relate to the monetary policy decision process, monetary policy transmission and implementation as well as communication. Specifically, the reforms will focus on refining macroeconomic modelling and forecasting frameworks in line with changing structure of the economy improving functioning of the interbank market in order to strengthen monetary policy transmission and operations and continued improvement of the public understanding on monetary policy decisions. These reforms will support better anchoring of inflation expectations in view of the changing economic and financial environment, and complement the positive gains made so far. The MPC is fully committed to further enhancing monetary policy effectiveness and aligning it to the new economic and financial realities. CENTRAL BANK OF KENYA July 27, 2021",Press Release,https://www.centralbank.go.ke/uploads/press_releases/725932590_Press Release - White Paper on Modernisaton of the Monetary Policy Framework and Operations.pdf
,846762581_Press Release   Acquisition Of Maisha Mfb By Cactus Cantina,"PRESS RELEASE ACQUISITION OF MAISHA MICROFINANCE BANK LIMITED BY CACTUS CANTINA INVESTMENTS LIMITED The Central Bank of Kenya (CBK) announces the acquisition of 55.8 percent shareholding of Maisha Microfinance Bank Limited (Maisha MFB) by Cactus Cantina Investments Limited (Cactus Cantina) effective May 1, 2023. This follows CBKs approval on March 16, 2023, under Section 19 (4) of the Microfinance Act and approval by the Cabinet Secretary for the National Treasury and Planning on April 4, 2023, pursuant to Section 19(3)(b) of the Microfinance Act. Cactus Cantina is incorporated in Kenya and is wholly owned by Shara Inc. (Shara). Shara is incorporated in the state of Delaware, USA and was co-founded by Mr. Grant Brooke and Mr. Peter Njonjo to offer affordable financing to Small and Medium Enterprises (SMEs) and their value chains. It currently has operations in Nigeria and Kenya. Mr. Brooke and Mr. Njonjo are also the co-founders of Twiga Foods, a B2B food and groceries distribution company. Maisha MFB was granted a licence on May 21, 2016 to carry out nationwide microfinance bank business. The MFBs branch and head office are located at Chester House, Nairobi. The institutions target market is insurance policyholders, insurance agents, micro, small and medium enterprises and regular salaried people. It is categorised as a medium sized microfinance bank with a market share of 1.4 percent of the microfinance banking sector as at December 31, 2022. The investment by Cactus Cantina will transform Maisha MFB business model in line with CBKs vision for the microfinance banking sector and provide adequate resources to support business growth. CBK welcomes this transaction that will strengthen Maisha MFB and support the stability of Kenyas microfinance banking sector. CENTRAL BANK OF KENYA May 5, 2023",Press Release,https://www.centralbank.go.ke/uploads/press_releases/846762581_Press Release - Acquisition of Maisha MFB by Cactus Cantina.pdf
,Iblpressrelease,"KENYA DEPOSIT INSURANCE CORPORATION (KDIC) (Formerly Deposit Protection Fund Board) CBK Pension House, 1st Floor, Harambee Avenue, P.O. Box 45983-00100 Nairobi, Tel 020-2863841 PRESS STATEMENT PAYMENT TO DEPOSITORS BY IMPERIAL BANK LTD IN RECEIVERSHIP (IBL-IR) 1. Pursuant to the Central Bank of Kenya Press Release dated December 2, 2015, on payment of depositors of Imperial Bank Limited-IR up to an amount of KSh 1Million per depositor and the KDIC Press Statement dated December 7, 2015 on the guidance and process on how to lodge claims, KDIC now wishes to inform depositors of the bank that payments through KCB and DTB have commenced with effect from today, 11th December, 2015. 2. Payment to a number of validated claim forms have been initiated this morning and dispatched to KCB and DTB who will contact the particular depositors to visit their respective branches in order to receive payments. 3. More payments will from today onwards be released on daily basis and in batches, to KCB and DTB as the validation process is completed for each claim. Each time this happens, KCB and DTB will contact the involved depositors to collet payment. 4. We urge all depositors to complete claim forms from the respective KCB and DTB branches. 5. Below is a link to access information on the Frequently Asked Questions (FAQs) for any clarifications that may be required FAQs on payment to Depositors by Imperial Bank Ltd (IR) 6. Meanwhile, debtors are encouraged to continue servicing their facilities. 7. KDIC wishes to thank all depositors for their continued support. AGGREY JONATHAN BETT Chief Executive Officer December 11, 2015",Press Release,https://www.centralbank.go.ke//images/docs/media/2015/IBLpressrelease.pdf
,913082204_Press Release   Review Of Emergency Measures   Mobile Money Transactions,"PRESS RELEASE REVIEW OF EMERGENCY MEASURES TO FACILITATE MOBILE MONEY TRANSACTIONS Following the March 16, 2020, announcement by the Central Bank of Kenya (CBK) of measures to facilitate increased use of mobile money transactions instead of cash, in the context of the COVID-19 (Coronavirus) pandemic, CBK has reviewed their implementation. A significant increase in the use of mobile money channels by individuals in both value and number of transactions was noted. Most of the increase was in low-value transactions of Ksh.1,000 or lessthis band accounts for over 80 percent of mobile money transactions and charges were eliminated, which has helped cushion the most vulnerable households. Moreover, more than 1.6 million additional customers are now using mobile money channels. However, business-related transactions have declined marginally. CBK notes that these measures were timely and highly effective in facilitating official and personal transfers at a time of great need. Further, CBK assesses that the increased wallet and transactions limits that were also announced have led to increased usage at higher amounts and greater convenience. Against this backdrop, and pursuant to Regulation 43(2) of the National Payment System Regulations, 2014, CBK has determined that the wallet and transactions limits that were announced on March 16, 2020, will remain in force. Additionally, the following emergency measures are extended and will remain in place from July 1, 2020 until December 31, 2020.  There will be no charge for mobile money transactions of up to Ksh.1,000.  The current tariff for transactions above Ksh.70,000 will remain.  There will be no charge by Payment Service Providers (PSPs) and commercial banks for transfers between mobile money wallets and bank accounts. CBK will continue to closely monitor the implementation of these emergency measures. CENTRAL BANK OF KENYA June 24, 2020",Press Release,https://www.centralbank.go.ke/uploads/press_releases/913082204_Press Release - Review of Emergency Measures - Mobile Money Transactions.pdf
,711656549_Press Release   Licensing Of 27 Additional Digital Credit Providers,"PRESS RELEASE LICENSING OF DIGITAL CREDIT PROVIDERS The Central Bank of Kenya (CBK) announces the licensing of an additional 27 Digital Credit Providers (DCPs). This is pursuant to Section 59(2) of the Central Bank of Kenya Act (CBK Act). This brings the number of licensed DCPs to 85 following the last licensing of 7 DCPs as announced in June 2024. CBK has received more than 730 DCP applications since March 2022 and has worked closely with the applicants in reviewing their applications. Additionally, CBK has engaged other regulators and agencies pertinent to the licensing process, including the Office of the Data Protection Commissioner. The focus of the engagements has been inter alia on business models, consumer protection and fitness and propriety of proposed shareholders, directors, and management. This is to ensure adherence to the relevant laws and importantly that the interests of DCPs customers are safeguarded. We acknowledge the efforts of the applicants and the support of other regulators and agencies in this process. Details of the 85 licensed DCPs can be accessed here. Other applicants are at different stages in the process, largely awaiting the submission of requisite documentation. We urge the remaining applicants to submit the pending documentation to enable completion of the review of their applications. Reports by the public on unregulated DCPs can be sent through dcpscentralbank.go.ke. The licensing and oversight of DCPs as indicated previously, was precipitated by concerns raised by the public about the predatory practices of the unregulated DCPs, and in particular, their high cost, unethical debt collection practices, and the abuse of personal information. CENTRAL BANK OF KENYA October 1, 2024 C2 CBK - Official",Press Release,https://www.centralbank.go.ke/uploads/press_releases/711656549_Press Release - Licensing of 27 Additional Digital Credit Providers.pdf
,2064714293_Press Release   Guidance On Climate Related Risks,"PRESS RELEASE GUIDANCE ON CLIMATE-RELATED RISK MANAGEMENT The Central Bank of Kenya (CBK) announces the issuance of Guidance on Climate-Related Risk Management (Guidance) to commercial banks and mortgage finance companies. The Guidance is intended to enable banks integrate the opportunities and risks arising from climate change in their governance structure, strategy and risk management frameworks. Further, it will guide these institutions in disclosing climate-related information to their stakeholders. Kenya and other African countries do not contribute significantly to the greenhouse gas emissions (mainly carbon) responsible for the adverse global consequences of climate change. However, they have borne the brunt of climate change, including through droughts, floods and wildfires. The resultant socio- economic consequences ranging from loss of livelihoods, displacement, physical destruction of property, forced migration also pose significant challenges to the vision of global shared prosperity by 2030. Recent estimates indicate that the ravages of climate change exacerbated by the coronavirus (COVID-19) pandemic threaten to push over 100 million people globally into extreme poverty by 2030, if urgent action is not taken. Kenyas banking sector has been on a journey towards working for and with Kenyans since the issuance of the Kenya Banking Sector Charter (the Charter) in 2019. The Charter is anchored on four pillars of customer centricity, risk-based credit pricing, transparency and ethical banking. Under the ethical banking pillar, banks have been integrating environmental, social and governance considerations in their operations. The issuance of the Guidance will accelerate the path towards integrating environmental considerations in banks business models. In preparing this Guidance, CBK has also benefitted from related guidance issued by global standard-setting bodies as well as by supervisory authorities in other jurisdictions, and policy statements in Kenya. 1 As the world builds back from the pandemic, green resilient economies will be imperative. The transition to a low carbon economy will require significant financing both from the public and private sectors. There will be opportunities for banks to fund the transition to renewable energy, resilient infrastructure, appropriate housing and innovative agricultural practices. In addition, banks will need to build their capacity to identify and mitigate the risks arising from climate change. It is for these reasons that the issuance of the Guidance is timely. The banking sector is a key enabler of the economy and its embracing of climate risk management will be a key signal to the financial and other sectors. This will be a key contribution in scaling up Kenyas climate ambitions as the world gears up for the Conference of Parties (COP-26) in Glasgow, Scotland at the end of October, 2021. COP-26 will seek to accelerate global actions to address the increasingly dire consequences of climate change. CENTRAL BANK OF KENYA October 15, 2021 2",Press Release,https://www.centralbank.go.ke/uploads/press_releases/2064714293_Press Release - Guidance on Climate-Related Risks.pdf
,812141299_Press Release   Launch Of The Kenya Quick Response Code Standard To Increase Usage Of Digital Payments,"PRESS RELEASE LAUNCH OF THE KENYA QUICK RESPONSE CODE STANDARD TO INCREASE USAGE OF DIGITAL PAYMENTS The Central Bank of Kenya (CBK), today, announces the issuance and implementation of the Kenya Quick Response Code Standard 2023 (KE-QR Code Standard 2023 or the Standard). The Standard will guide how Payment Service Providers and banks (institutions) that are regulated by the CBK will issue Quick Response (QR) Codes to consumers and businesses that accept digital payments. QR Codes are machine-readable code consisting of an array of black and white squares containing information that provide an alternative option for initiating and accepting digital payments made by customers at various points of sale, such as supermarkets, general stores, shops, among other outlets. The implementation of the Standard, and use of standardised QR Code-enabled payments, will bring practical benefits to businesses and customers. Customers will now be able to make digital payments in an easy, fast, convenient, and secure manner using QR. Previously, customers had to manually input different payment codes and numbers, hence creating friction and cumbersome payment processes that are prone to errors. The Standard will also promote inclusion by enabling institutions of various sizes and customer focus to increase adoption digital payments. In the long-term, use of standardised QR Codes will facilitate launch of innovative products and deepen the benefits already enjoyed by customers making payments across various institutions and mobile money networks (interoperability). The Standard, which is based on the EMVCo QR Code Specification, has been developed through collaboration between CBK, Payment Service Providers, banks, card schemes, among others. The Standard will be rolled out in a phased approach as these players align their operations to requirements set out in the Standard and increase customer awareness. Issuance of the Standard marks an important step in the implementation of the National Payments Strategy 2022 - 2025. The Strategy was launched in February 2022 to, among other things, support the adoption of key standards and align Kenyas National Payment System to global best practice. With the launch of the QR Standard, Kenya is joining other leading markets that have implemented the standardized approach to issuing QR codes for facilitating payments. These countries include, Philippines, Jordan, South Africa, Singapore, Bahrain, Saudi Arabia, India, and China. CENTRAL BANK OF KENYA MAY 3, 2023",Press Release,https://www.centralbank.go.ke/uploads/press_releases/812141299_Press Release - Launch of the Kenya Quick Response Code Standard to Increase Usage of Digital Payments.pdf
,1390323408_Press Release   Condolences On The Passing Of Rt. Hon. Raila Odinga Egh,"PRESS RELEASE CONDOLENCES ON THE PASSING OF RT. HON RAILA ODINGA, EGH The Governor of the Central Bank of Kenya, Dr. Kamau Thugge, CBS, and the Board, Management, and Staff of the Central Bank of Kenya join the nation in mourning the passing of The Right. Honourable Raila Odinga, EGH. The passing of Rt. Hon. Odinga is a moment of profound grief for the people of Kenya. Hon. Odingas impact on Kenyas history, economy and society was immense. Throughout his long life and career, Hon. Odinga shaped the affairs of the nation in positive ways through his leadership, vision and wise counsel. The Governor prays that the late Hon. Odingas family find comfort during this difficult time. CENTRAL BANK OF KENYA OCTOBER 15, 2025 C2 CBK - Official",Press Release,https://www.centralbank.go.ke/uploads/press_releases/1390323408_Press Release - Condolences on the Passing of Rt. Hon. Raila Odinga EGH.pdf
,1437213779_Press Release   Liquidation Of Charterhouse Bank Limited,"PRESS RELEASE LIQUIDATION OF CHARTERHOUSE BANK LIMITED (UNDER STATUTORY MANAGEMENT) 1. The Central Bank of Kenya (CBK) announces that it has today, May 7, 2021, appointed the Kenya Deposit Insurance Corporation (KDIC) as liquidator of Charterhouse Bank Limited (CHB) in terms of Section 54(1)(b)(v) of the Kenya Deposit Insurance Act, 2012. 2. This follows the submission of the Statutory Management Report by the Statutory Manager on May 6, 2021, recommending that CHB be liquidated. The report indicates that in view of the severe violations of the Banking Act by CHB and its inability to address them, liquidation is the only feasible option. 3. CBK has assessed the recommendation and considered that liquidation would facilitate the orderly resolution of the assets and liabilities of CHB in accordance with the Laws of Kenya, to protect the interest of CHB depositors, its creditors, other stakeholders and the wider public interest. 4. CHB was established in 1996 after taking over the operations of Middle East Kenya Finance Limited. Subsequently, the institution converted to a fully-fledged bank in 1998. The bank had 10 branches in Nairobi, Kisumu and Mombasa. Eight of these branches were located at branches of the erstwhile Nakumatt Supermarket Stores, an associate of the bank through common shareholding. 5. By 2006, CHB was classified as a small bank, ranked 30 out of 41 banks with an asset base of Ksh.4bn and a market share of 0.55 percent. It had 428 loan accounts valued at Ksh.2.9bn and 4,699 deposit accounts valued at Ksh.2.9bn. Its equivalent ranking at end 2020 with the 2006 asset base would be the smallest of all banks. 6. On June 23, 2006, CBK placed CHB under statutory management pursuant to Section 34(1) (d) of the Banking Act. This followed severe violations of the Banking Act by CHB relating to lending, accuracy of returns submitted to CBK, and failure to obtain account opening documentation for a number of customers. 7. The placement of CHB under statutory management and take over by CBK was done in the interest of the banks depositors, creditors and members of the public. 8. KDIC will release information about the liquidation of CHB and payment of depositors in due course. 9. Customers or any persons with claims or questions can call the KDIC on Tel No. 254206670000709043000. Customers can also email on customerservicekdic.go.ke for more information. 10. For media inquiries, call 254206670000709043000. CENTRAL BANK OF KENYA May 7, 2021",Press Release,https://www.centralbank.go.ke/uploads/press_releases/1437213779_Press Release - Liquidation of Charterhouse Bank Limited.pdf
,164910789_Press Release   Resumption Of Charges For Transactions Through Bank Specific (In House) Mobile Money Wallets   April 2021,"PRESS RELEASE RESUMPTION OF CHARGES FOR TRANSACTIONS THROUGH BANK SPECIFIC (IN HOUSE) MOBILE MONEY WALLETS The Central Bank of Kenya (CBK) announces the resumption of charges for transactions above Ksh.100 effected through bank specific (in-house) mobile money wallets that are closely linked to the Savings and Credit Societies (SACCO) sector. CBK has noted that the SACCO sector is deeply integrated to these wallets and accounts for a significant share of their transactions. Through them, banks provide SACCOs with an important bridge to the domestic and cross border payment systems. A recurring concern has been that the viability of these services may be adversely affected in the current price regime, given the inability to cover the underlying costs. This is a significant risk for SACCOs and their extensive membership due to the lack of other alternatives to connect to the mobile money ecosystem. The resumption of charges will provide space to increase the connection options for SACCOs. The resumption of the charges will be subject to review by CBK against the pricing principles announced on December 17, 2020 of customer centricity, transparency and disclosure, fairness and equity, choice and competition and affordability. These principles were introduced on the expiry of the emergency measures waiving charges for low value mobile money person to person transactions below Ksh.1,000. Other measures on waiver of charges between mobile money wallets and bank accounts remained in force. Banks in Kenya typically deploy two types of mobile banking wallets. In the first model, banks partner with payment service providers to utilize their mobile money wallets to provide a variety of transactions through customers bank accounts. In the second model, banks invest directly in their own in-house mobile banking wallets to facilitate mobile money and other wallet based financial services. This second model typically involves a third party as a technology provider. CBK will continue to monitor developments and support the growth of the payments ecosystem to ensure choice, competition and affordability. CENTRAL BANK OF KENYA April 1, 2021",Press Release,https://www.centralbank.go.ke/uploads/press_releases/164910789_Press Release - Resumption of Charges for Transactions through Bank Specific (In-House) Mobile Money Wallets - April 2021.pdf
,132632227_Mpc Press Release   Meeting Of October 3 2023,"BANKI CENTRAL KUU YA BANK OF GOVERNOR KENYA KENYA Haile Selassie Avenue P. O. Box 60000-00200 Nairobi, Kenya Telephone 254 20 2861003 PRESS R ELEASE MONETARY POLICY COMMITTEE MEETING The Monetary Policy Committee (MPC) met on October 3, 2023, against a backdrop of continued global uncertainties, persistent inflationary pressures, increase in international oil prices, a weak global growth outlook, geopolitical tensions, and measures taken by authorities around the world in response to these developments. The MPC reviewed the outcomes of its previous decisions and measures implemented to mitigate the adverse economic impact and financial disruptions.  The global growth outlook remains weak, reflecting the impact of monetary policy tightening in advanced economies, weakening demand particularly in China and the Eurozone, and heightened geopolitical tensions which continue to weigh down on economic activity. Additionally, headline inflation rates in advanced economies have remained above the respective targets, due to persistent core inflationary pressures, and higher energy costs following recent increases in the price of oil. Global food prices have declined from the peak levels witnessed in 2022 except for a few items such as sugar and rice.  Kenyas overall inflation remained broadly unchanged at 6.8 percent in September 2023, compared to 6.7 percent in August, which is within the governments target range. Food inflation increased to 7.9 percent in September from 7.5 percent in August, largely on account of increases in the prices of a few key vegetables particularly onions, Irish potatoes, cabbages, spinach, kales (sukuma wiki), and tomatoes. Prices of key non-vegetable food items particularly maize and wheat flour declined following improved supply attributed to the ongoing harvests and government measures to zero-rate key food imports. Fuel inflation remained elevated at 13.1 percent in September, reflecting the impact of the rise in international oil prices. Non-food non-fuel (NFNF) inflation remained stable at 3.7 percent in both September and August, reflecting the impact of monetary policy measures and muted demand pressures. Overall inflation is expected to remain within the target range in the near term, supported by lower food prices with the improving supply of key food items particularly maize, and the implementation of Government measures to improve the supply of sugar through imports.  The Survey of the Agriculture Sector conducted in the first half of September 2023 showed that the prices of key food items, particularly maize, were expected to decline further with the ongoing harvests in the main maize producing areas of the country.  Leading indicators of economic activity for Kenya point to strong performance in 2023, supported by the continued robust growth of the services sectors, the rebound in agriculture, and the ongoing implementation of measures to boost economic activity in priority sectors by the Government.  The CEOs and Market Perceptions Surveys, which were conducted ahead of the MPC meeting, revealed improved optimism about business activity and economic growth prospects for the next 12 months. Respondents attributed this optimism largely to enhanced agricultural production, easing inflation, and improved growth prospects. Nevertheless, respondents concerns included higher fuel and electricity prices, reduced purchasing power affecting demand for products, and the possible negative effects of the El Nio weather phenomenon.  Goods exports increased marginally in the 12 months to August 2023, growing by 0.5 percent compared to a similar period in 2022. Receipts from tea and manufactured exports increased by 4.5 percent and 23.2 percent, respectively. The increase in tea export receipts reflects higher prices due to demand from traditional markets, while the higher manufactured exports receipts reflect strong regional demand. Imports declined by 11.9 percent in the 12 months to August 2023 compared to a growth of 16.0 percent in a similar period in 2022, mainly reflecting lower imports of infrastructure related equipment, manufactured goods, oil, and chemicals. Tourist arrivals improved by 34 percent in the 8 months to August 2023 compared to a similar period in 2022, and increased by 55 percent in August 2023 compared with August 2022. Remittances totalled USD4,120 million in the 12 months to August 2023, and were 3.2 percent higher compared to a similar period in 2022. The current account deficit is estimated at 3.7 percent of GDP in the 12 months to August 2023 and is projected to improve from the 5.1 percent of GDP in 2022 to 4.1 percent of GDP in 2023.  The CBK foreign exchange reserves, which currently stand at USD6,901 million (3.70 months of import cover), continue to provide adequate cover and a buffer against any short- term shocks in the foreign exchange market.  The banking sector remains stable and resilient, with strong liquidity and capital adequacy ratios. The ratio of gross non-performing loans (NPLs) to gross loans stood at 15.0 percent in August 2023 compared to 14.2 percent in August 2022. Increases in NPLs were noted in the manufacturing, mining and quarrying, real estate, and building and construction sectors. Banks have continued to make adequate provisions for the NPLs.  Growth in private sector credit stood at 12.6 percent in August 2023 and 10.3 percent in July. Strong credit growth was observed in manufacturing (19.6 percent), transport and communication (24.9 percent), trade (9.4 percent), and consumer durables (12.7 percent). The number of loan applications and approvals remained strong, reflecting resilient economic activities.  The Committee noted the ongoing implementation of the FY202324 Government Budget, which continues to reinforce fiscal consolidation.  The Committee assessed the progress in the implementation of the new monetary policy framework, which is based on an interest rate corridor of 250 basis points around the Central Bank Rate (CBR). The MPC noted that interbank market activity has increased while volatility in interbank interest rates had reduced. Additionally, spreads in the interbank interest rates have narrowed with improved liquidity distribution. The MPC noted that inflation is expected to remain within the target range, supported by lower food prices with the expected improved supply. Additionally, the MPC observed that NFNF inflation was expected to decline, indicative of easing underlying inflationary pressures. The Committee further assessed that the impact of the tightening of monetary policy in June 2023 to anchor inflationary expectations was still transmitting in the economy. In view of these developments, the MPC decided to retain the Central Bank Rate (CBR) at 10.50 percent. The Committee will closely monitor the impact of the policy measures, as well as developments in the global and domestic economy, and stands ready to take further action as necessary. The Committee will meet again in December 2023. Dr. Kamau Thugge, CBS CHAIRMAN, MONETARY POLICY COMMITTEE October 3, 2023",Press Release,https://www.centralbank.go.ke/uploads/mpc_press_release/132632227_MPC Press Release - Meeting of October 3 2023.pdf
,2131159338_Press Statement   Public Notice On Unlicensed Deposit Taking Entities,"PUBLIC NOTICE ON UNLICENSED DEPOSIT-TAKING ENTITIES AND PYRAMID SCHEMES The Central Bank of Kenya (CBK) and the Sacco Societies Regulatory Authority (SASRA) wish to draw the attention of members of the public to the re-emergence of unlicensed deposit-taking entities and Ponzipyramid schemes. Such entities entice members of the public to place money with them and promise quick and abnormally high returns on their money or acquisition of non-existent properties. CBK and SASRA advise members of the public not to place their money with such unlicensed entities. CBK and SASRA are the sole licensing authorities for deposit-taking institutions in Kenya. In particular, CBK licenses commercial banks under the Banking Act, and microfinance banks under the Microfinance Act. SASRA licenses deposit-taking SACCOs under the SACCO Societies Act. There are however other cooperative societies registered by the Commissioner for Cooperative Development (CCD) to mobilize savings from their members and also provide credit facilities against the collateral of such savings. These are the non-deposit-taking SACCO Societies, which are governed by the Cooperative Societies Act. However, they are not authorized to take withdrawable deposits or present themselves to the public as deposit- taking entities. Members of the public should exercise caution and ensure they place their funds with credible and duly licensed deposit-taking institutions. The list of licensed deposit-taking financial institutions can be obtained from CBKs website www.centralbank.go,ke and SASRAs website www.sasra.go.ke. Inquiries on the activities of all other cooperative societies or nondeposit-taking SACCOs should be directed to the office of the Commissioner for Cooperative Development or the nearest CountyDistrict Cooperative offices. CENTRAL BANK OF KENYA SACCO SOCIETIES REGULATORY AUTHORITY April 6, 2017",Press Release,https://www.centralbank.go.ke/uploads/press_releases/2131159338_Press Statement - Public Notice on Unlicensed Deposit-Taking Entities.pdf
,508811087_Press Release   Licensing Of Digital Credit Providers January 2023,"PRESS RELEASE LICENSING OF DIGITAL CREDIT PROVIDERS The Central Bank of Kenya (CBK) announces the licensing of 12 Digital Credit Providers (DCPs). This is pursuant to Section 59(2) of the Central Bank of Kenya Act (CBK Act). This brings the number of licensed DCPs to 22 following the licensing of 10 DCPs announced in September 2022. CBK has received 381 applications since March 2022 and has worked closely with the applicants in reviewing their applications. Additionally, CBK has engaged other regulators and agencies pertinent to the licensing process, including the Office of the Data Protection Commissioner. The focus of the engagements has been inter alia on business models, consumer protection and fitness and propriety of proposed shareholders, directors, and management. This is to ensure adherence to the relevant laws and importantly that the interests of customers are safeguarded. We acknowledge the efforts of the applicants and the support of other regulators and agencies in this process. Details of the 22 licensed DCPs can be accessed here. Other applicants are at different stages in the process, largely awaiting the submission of requisite documentation. We urge these applicants to submit the pending documentation expeditiously to enable completion of the review of their applications. Reports by the public on unregulated DCPs can be sent through dcpscentralbank.go.ke. The licensing and oversight of DCPs as indicated previously, was precipitated by concerns raised by the public about the predatory practices of the unregulated DCPs, and in particular, their high cost, unethical debt collection practices, and the abuse of personal information. CENTRAL BANK OF KENYA January 30, 2023",Press Release,https://www.centralbank.go.ke/uploads/press_releases/508811087_Press Release - Licensing of Digital Credit Providers January 2023.pdf
,607989528_Press Release   2017 Kenya Music Festival,"MINISTRY OF EDUCATION CENTRAL BANK OF KENYA PRESS RELEASE 2017 KENYA MUSIC FESTIVAL The Ministry of Education yesterday launched the 91st Edition of the Kenya Music Festival. The Festival, which attracts learners from Early Childhood Development, Primary and Secondary Schools, Middle Level and Vocational Colleges and University students, was launched at the Kenya Institute of Curriculum Development (KICD) by the Cabinet Secretary for Education, Dr. Fred Matiangi, and the Governor of the Central Bank of Kenya (CBK), Dr. Patrick Njoroge. The theme of this years Festival is Enhancing National Unity, Cohesion and Integration through Kenya Music Festival. For the second year running, CBK is the Title and Thematic Sponsor of the Music Festival. CBKs partnership with the Ministry of Education is in recognition of the growing need to provide inspiration and opportunities to the youth and aims to demonstrate the value that the CBK places on the nurturing and development of youth talent. In particular, CBKs sponsorship of this Festival provides an opportunity for the youth to grow their financial literacy knowledge and enhance their artistic talents through music and poetry. CBK has composed a special song, Twajivunia Benki Kuu Ya Kenya under the theme Promoting Price Stability, Sound National Payments System and a Vibrant Financial Sector. This years Music Festival will begin at the zonal, sub-county and county levels, to be followed by the regional level on June 4 - 17, 2017. The national level competition is slated for July 10 - 22, 2017 at the Masinde Muliro University, Kakamega. As a co-curricular activity in the Ministry of Education calendar, the Kenya Music Festival provides an opportunity for gifted students to develop and showcase their talents on a national platform. The Festival is a forum for children to interact, learn, practice and appreciate their culture and that of other communities to foster national unity, the Kenyan identity and global recognition among other objectives. Present during the launch was the Principal Secretary for Basic Education, Dr. Belio Kipsang, and Director General, Mrs. Leah Rotich. Also present at the colorful ceremony were students from the Pupils Reward Scheme (PURES) mentorship programme run by H.E. President Uhuru Kenyatta and H.E. the First Lady Margaret Kenyatta. The Governor interacted with the students and advised them to make use of opportunities availed to them to expand their talents beyond academics. The Cabinet Secretary counseled the students to focus on honest, hard work in order to succeed in their endeavors. May 11, 2017",Press Release,https://www.centralbank.go.ke/uploads/press_releases/607989528_Press Release - 2017 Kenya Music Festival.pdf
,Www.Centralbank.Go.Ke,"CBK-IMS Training Calendar 20252026 KESONIA Kenya Banknotes DhowCSD Review statistics on the financial sector, generated through Central Bank research and oversight Statistics Review statistics on the financial sector, generated through Central Bank research and oversight Statistics Discover what makes the Central Bank an employer of choice and find current vacancies Careers The Central Bank of Kenya is responsible for formulating monetary policy to achieve and maintain price stability. The Central Bank also promotes financial stability an effective and efficient payment, clearing and settlement system formulates and implements foreign exchange policies holds and manages foreign exchange reserves issuing of currency and is the banker for, adviser to and fiscal agent of the Government. Treasury Bills  Bonds Auction Results Treasury Bills Treasury Bonds On Offer Treasury Bills Treasury Bonds QuickLinks The Central Bank of Kenya publishes daily market-based forex rates The latest news on the Central Bank and updates from Kenyas banking sector Find the latest tenders and notifications issued by the Central Bank of Kenya Careers Work for the Central bank of Kenya Videos, photos and other media from the Central Bank of Kenyas media archive Cost of Credit Website Invest in Treasury bills and Treasury bonds through the Central Bank Press releases covering the Central Bank and the Monetary Policy Committee MPC Press Briefings Spotlight The Central Bank of Kenya staff successfully hiked Mount Kilimanjaro on June 4-11, 2017, to raise funds in support of St. Kizitos School for the Deaf, Litein. The Central Bank of Kenya (CBK) celebrated its 50 years of existence and service to the nation of Kenya in September 2016. These celebrations entailed the CBKs involvement in a number of activities. Learn More Recent News Next MPC Meeting Jan 9, 2026  Monetary Policy The next Monetary Policy Committee (MPC) meeting will be held on Tuesday, February 10, 2026. read more Agriculture Sector Survey of November 2025 Dec 18, 2025  Monetary Policy , Uncategorized Respondents in the November 2025 Agriculture Survey expect improved food supply following recent harvests particularly of maize, stable pump prices and exchange rate stability to support a stable inflation rate in the near term. Nevertheless, a majority of respondents... read more Market Perceptions Survey of November 2025 Dec 18, 2025  Monetary Policy Respondents in the November 2025 Market Perceptions Survey expressed optimism about economic performance in 2025 and a positive economic outlook for 2026 on account of stable macroeconomic conditions and improved agricultural performance. In addition, respondents also... read more CEOs Survey of November 2025 Dec 18, 2025  Monetary Policy In the November 2025 CEOs Survey, firms reported sustained growth prospects for the Kenyan economy over the next 12 months supported by improved agriculture production, a resilient services sector, continued macroeconomic stability, and expected recovery in some... read more Kenya National Financial Inclusion Strategy (2025- 2028) Launched Dec 4, 2025  General The National Treasury Cabinet Secretary, Hon. FCPA John Mbadi, EGH, today launched the Kenya National Financial Inclusion Strategy (20252028), the Fourth Medium Term Plan (MTP IV) and witnessed the Signing of the Women Entrepreneurs (WE) Finance Code. Read the NFIS... read more Credit Officer Survey Report for September 2025 Nov 27, 2025  Banking Sector The Central Bank of Kenya has released the Credit Officer Survey Report for the quarter ended September 2025. The quarterly survey monitors trends in domestic credit market developments and standards in Kenyas banking industry. Read more read more Go to News Search for Daily KES Exchange Rates US DOLLAR 129.02 STG POUND 176.48 EURO 152.21 More... Posted On 04-02-2026 Key Rates Central Bank Rate 9.00% 09122025 KESONIA 8.9941% 03022026 CBK Discount Window 9.75% 09122025 91-Day T-Bill 7.633% 02022026 REPO 9.25% 15102025 Inflation Rate 4.49% December,2025 Lending Rate 14.88% November,2025 Savings Rate 3.67% November,2025 Deposit Rate 7.28% November,2025 KBRR 8.9% 27062016 QuickLinks Forex Tenders Invest News Multimedia Press Releases Careers Cost of Credit Website MPC Press Briefing i-Supplier Portal Research Books Journal Articles Working Papers Discussion Papers Auction Results Treasury Bills Treasury Bonds Recent News Next MPC Meeting Agriculture Sector Survey of November 2025 Market Perceptions Survey of November 2025 CEOs Survey of November 2025",Press Release,https://www.centralbank.go.ke
,296906864_Mpc Press Release   Meeting Of February 5 2025,"BANKI CENTRAL KUU YA BANK OF GOVERNOR KENYA KENYA Haile Selassie Avenue P. O. Box 60000-00200 Nairobi, Kenya Telephone 254 20 2861003 PRESS RE LEASE MONETARY POLICY COMMITTEE MEETING The Monetary Policy Committee (MPC) met on February 5, 2025, and reviewed the outcomes of its previous decisions and measures implemented to anchor inflationary expectations and maintain exchange rate stability. The Committee met against a backdrop of an improved global outlook for growth amid elevated uncertainties, lower but sticky inflation in advanced economies, and persistent geopolitical tensions, and noted that  Global growth continues to recover and is projected to improve to 3.3 percent in 2025 from an estimate of 3.2 percent in 2024, supported by strong growth in the United States and India, and improved prospects for growth in the United Kingdom. The main risks to global growth outlook relate to elevated uncertainty on trade policy amid rising tariffs on imports, and further escalation of geopolitical tensions particularly the conflict in the Middle East and the Russia-Ukraine war.  Global headline inflation has moderated, but the pace of decline has slowed down in major economies due to sticky core inflation. Central banks in major economies have continued to lower their interest rates, but at different paces depending on their inflation and growth outlooks. International oil prices have moderated, but the risk of potential volatility remains elevated due to rising tariffs on imports and persistent geopolitical tensions. Food inflation has increased, driven by higher edible oil prices.  The core and non-core measures of inflation for Kenya, jointly developed by the Kenya National Bureau of Statistics (KNBS) and the Central Bank of Kenya (CBK), were launched in January 2025. Core inflation excludes products whose prices are highly volatile or transient, from the overall Consumer Price Index (CPI) and therefore provides a more comprehensive measure of the underlying trend of inflation. In addition to overall inflation, CBK will keep track of the core and non-core measures of inflation, in line with global best practice in inflation-targeting central banks. The introduction of core and non- core inflation measures also aligns with the EAC guidelines on computation of harmonised CPI in the region. The total core CPI basket constitutes 275 items with total weight of 81.1 percent in the overall CPI and is therefore a more representative basket for computing core inflation which has close co-movement with overall inflation.  Kenyas overall inflation stood at 3.3 percent in January 2025 compared to 3.0 percent in December 2024, and remained below the mid-point of the target range of 52.5 percent. Core inflation declined to 2.0 percent in January from 2.2 percent in December, reflecting muted demand pressures in the economy. The decline in core inflation was mainly on account of lower prices of processed food items, particularly sugar, maize and wheat products. Non-core inflation rose to 7.1 percent in January from 5.2 percent in December, reflecting higher prices of food crops and related items, particularly vegetables, on account of seasonal factors. Lower energy and utilities inflation continued to moderate non-core C2 CBK - Official inflation, on account of lower electricity and pump prices. Overall inflation is expected to remain below the mid-point of the target range in the near term, supported by a low and stable core inflation, expected easing of energy prices, and the stable exchange rate.  The performance of the Kenyan economy slowed down in the third quarter of 2024, with real GDP growing by 4.0 percent compared to 6.0 percent in the third quarter of 2023. The growth of the economy in 2024 is estimated at 4.6 percent compared to 5.6 percent in 2023, mainly reflecting deceleration in growth in most sectors of the economy. The performance of the economy is expected to pick up in 2025, with real GDP growth projected at 5.4 percent, supported by resilience of key service sectors and agriculture, expected recovery in growth of credit to the private sector, and improved exports. This outlook is subject to domestic and external risks.  A majority of respondents to the January 2025 Agriculture Survey expect some moderate upward pressure on overall inflation in the next three months on account of higher vegetables and cereals prices attributed to seasonal factors. Nevertheless, respondents expected the stability in pump prices and exchange rate to moderate inflation.  The CEOs Survey and Market Perceptions Survey which were conducted ahead of the MPC meeting revealed improved optimism about business activity and economic growth prospects for the next 12 months. The optimism was attributed to the stable macroeconomic environment reflected in low inflation and stability in the exchange rate, expected decline in interest rates which is expected to ease access to credit, favourable weather conditions which will continue to support agriculture, and lower global oil prices. Nevertheless, respondents expressed concerns about subdued consumer demand, and high cost of doing business.  The current account deficit is estimated at 3.7 percent of GDP in 2024 compared to 4.0 percent of GDP in 2023, reflecting improved goods exports, strong diaspora remittance inflows, and lower oil imports. Goods exports increased by 15.4 percent, due to higher domestic exports, particularly agricultural commodities, and re-exports. Goods imports rose by 9.9 percent, reflecting increases in intermediate and capital goods imports. Diaspora remittances and tourist arrivals increased by 18.0 percent and 14.6 percent, respectively, in 2024. The current account deficit was more than fully financed by capital and financial inflows, resulting in an overall balance of payments surplus of USD 1,466 million. This surplus, together with IMF disbursements, resulted in a buildup of gross reserves by USD 2,749 million in 2024. The current account deficit is projected at 3.8 percent of GDP in 2025, and is expected to be more than fully financed by capital and financial inflows, and result in an overall balance of payments surplus of USD 591 million and buildup in gross reserves of USD 1,451 million.  The CBK foreign exchange reserves, which currently stand at USD 9,066 million (4.63 months of import cover), continue to provide adequate cover and a buffer against any short-term shocks in the foreign exchange market.  The banking sector remains stable and resilient, with strong liquidity and capital adequacy ratios. The ratio of gross non-performing loans (NPLs) to gross loans stood at 16.4 percent in December 2024 compared to 16.5 percent in October, and 16.7 percent in September. Decreases in NPLs were noted in manufacturing, trade, building and construction, real estate, and energy and water sectors. Banks have continued to make adequate provisions for the NPLs.  Commercial bank lending to the private sector contracted by 1.4 percent in December 2024 compared to the previous year, mainly reflecting exchange rate valuation effects on foreign currency denominated loans following the appreciation of the Shilling, and C2 CBK - Official reduced demand attributed to high lending interest rates. Growth in local currency denominated loans stood at 2.1 percent in December, with the foreign currency denominated loans, which account for about 26 percent of total loans, contracting by 11.4 percent.  The Committee noted the ongoing implementation of the FY202425 Supplementary Budget I, which is expected to lower the fiscal deficit to 4.3 percent of GDP from 5.3 percent of GDP in FY202324. The fiscal consolidation in the medium-term should reduce debt vulnerabilities while moving the present-value-of-debt to GDP ratio towards the target anchor of 55 percent. The MPC noted that overall inflation was expected to remain below the midpoint of the 52.5 percent target range in the near term, supported by a low and stable core inflation, low energy prices inflation, and exchange rate stability. Additionally, central banks in the major economies have continued to lower their interest rates, but at different paces. Further, the Committee noted that economic growth decelerated in 2024, and therefore there was scope for a further easing of the monetary policy stance to support economic activity, while ensuring exchange rate stability. Therefore, the Committee decided to  Lower the Central Bank Rate (CBR) by 50 basis points to 10.75 percent from 11.25 percent.  Reduce the Cash Reserve Ratio (CRR) by 100 basis points to 3.25 percent from 4.25 percent, to complement the lowering of the CBR, and support lowering of lending rates. The MPC noted that the reduction in the CRR will release additional liquidity to banks. This is expected to lower the cost of funds and lending rates, and support growth of credit to the private sector. The Committee observed that the CBR has been lowered substantially since the MPC Meeting of August 2024, yet lending rates have only declined marginally. With these measures, banks are expected to take the necessary steps to lower their lending rates further, to stimulate growth in credit to the private sector, and support economic activity. To ensure that banks are implementing the Risk-Based Credit Pricing Model (RBCPM), CBK has embarked on on-site inspection of banks to ascertain that they are reducing their interest rates in line with the RBCPM. Under the amendments to the Banking Act recently enacted by Parliament, any bank that has not passed on the benefits of reduced cost of funds to reduce lending rates, will be penalised in accordance with the law. The MPC will closely monitor the impact of the policy measures as well as developments in the global and domestic economy and stands ready to take further action as necessary in line with its mandate. The Committee will meet again in April 2025. Dr. Kamau Thugge, CBS CHAIRMAN, MONETARY POLICY COMMITTEE February 5, 2025 C2 CBK - Official",Press Release,https://www.centralbank.go.ke/uploads/mpc_press_release/296906864_MPC Press Release - Meeting of February 5 2025.pdf
,1085145978_Statement On Jp Morgan Chase Interest In Kenya   Draft2 (003),"PRESS RELEASE STATEMENT ON JP MORGAN CHASE INTEREST IN KENYA The Central Bank of Kenya welcomes the enthusiastic interest shown by international financial institutions in Kenya. Several institutions have outlined plans to set up, or expand, operations in Kenya, also as a natural hub for serving the African continent. This week, Mr. Jamie Dimon, Chairman and CEO of the largest American bank JP Morgan Chase, announced at the World Economic Forum in Davos, Switzerland, that his bank intends to open operations in Kenya. This would restart and recalibrate a process that JP Morgan Chase halted in October 2015. At that time an application to open a Representative Office was being processed. CBK welcomes this interest, confirming Kenyas growing stature as a premier regional financial hub. CENTRAL BANK OF KENYA January 26, 2018",Press Release,https://www.centralbank.go.ke/uploads/press_releases/1085145978_STATEMENT ON JP MORGAN CHASE INTEREST IN KENYA - DRAFT2 (003).pdf
,862104042_Press Release   Transfer Of Ksh. 5.0 Billion From Cbk'S General Reserve Fund To The Government Consolidated Fund,"PRESS RELEASE TRANSFER OF KSH.5.0 BILLION FROM CBKS GENERAL RESERVE FUND TO THE GOVERNMENT CONSOLIDATED FUND The Central Bank of Kenya (CBK) announces that on February 17, 2021, it transferred to the Government Consolidated Fund Ksh.5,000,000,000 as an exceptional distribution from CBKs General Reserve Fund (GRF) in the current Financial Year FY20202021. The transfer is in accordance with Sections 9 and 51 of the CBK Act, and followed approval by the CBK Board. The transfer was executed by crediting the Ministry of Finances Deposit Account at CBK. The CBK Board authorized the transfer during its discussion of the unaudited Financial Statements for FY20202021 as at December 31, 2020, noting the very exceptional circumstances caused by an unprecedented global pandemic that have put a strain on Governments resources, and having weighed the various factors as stipulated by the law. In particular, the CBK Board also considered CBKs financial needs with the objective of ensuring CBK is well-resourced to deliver on its mandate in the increasingly uncertain economic environment. CENTRAL BANK OF KENYA February 18, 2021",Press Release,https://www.centralbank.go.ke/uploads/press_releases/862104042_Press Release - Transfer of Ksh. 5.0 Billion from CBK's General Reserve Fund to the Government Consolidated Fund.pdf
,2130552178_Press Release   Central Bank Of Kenya Establishes The New Kisii Centre,"PRESS RELEASE CENTRAL BANK OF KENYA ESTABLISHES THE NEW KISII CENTRE The Central Bank of Kenya (CBK) is pleased to announce the opening of the CBK Kisii Centre by His Excellency President Uhuru Kenyatta, C.G.H., on October 21, 2020. The Centre will serve seven counties in the region (Kisii, Nyamira, Migori, Bomet, Homa Bay, and parts of Narok and Kericho), a population of over 7 million people contributing about 12 percent of Kenyas GDP. CBK has over the years sought to improve access to its services across the country, which has led to the establishment of the current network of Branches (Mombasa, Kisumu and Eldoret) and Centres (Nyeri, Nakuru, Meru, and now Kisii). The Kisii Centre is established under partnership with the Kenya Bankers Association (KBA) and is located at the Absa Bank facilities opposite the Kisii County Government offices. The Kisii Centre is the first of the 21st Century Generation, and is world-class in every way. It will offer a wide range of services, including currency services to the public and bank branches in the region, opportunities for investment in Government securities (Treasury bills and bonds), and general banking services to County Governments. The Kisii Centre is a state- of-the art facility, equipped with the latest IT and currency-handling technologies. In addition, the roof of the Centre is equipped with solar panels that generate more than adequate supply for the Centre, with the ability to feed back the excess power to the national grid. The opening of the Kisii Centre is a milestone in the provision of CBK services to Kenyans and is expected to catalyze successful devolution and the development of the Nation. CBK appreciates the support of KBA, Absa Bank, the Kisii County Government, and other agencies. CENTRAL BANK OF KENYA October 21, 2020",Press Release,https://www.centralbank.go.ke/uploads/press_releases/2130552178_Press Release - Central Bank of Kenya Establishes the New Kisii Centre.pdf
,1472730875_Press Release  Afro Asia Fintech Festival Nairobi Online City Event December 2020,"PRESS RELEASE THE AFRO-ASIA FINTECH FESTIVAL NAIROBI ONLINE CITY EVENT DECEMBER 2020 The Central Bank of Kenya (CBK) announces the Afro-Asia Fintech Festival (AAFF) Nairobi Online City Event to be held on December 7-9, 2020 as part of the Singapore FinTech Festival (SFF) organized by the Monetary Authority of Singapore (MAS). Nairobi is among more than 40 cities in the world to host a global satellite event during the week of SFF on December 7-11. The theme of the AAFF Nairobi Online City is People and Talent Harnessing Collaboration in Pursuit of Resilience and Growth Post COVID-19. The Online City will be a virtual event providing a diverse mix of panel discussions, keynote addresses and fireside chats with a pool of renowned speakers. Sessions at the Nairobi Online City will be livestreamed to the SFF online event platform via a dedicated Hyper-Local channel, enabling the sharing of insights to a global audience at SFF from satellite events around the world. This event is a part of the ongoing partnership between CBK and MAS to facilitate the exchange of ideas and collaborations between the FinTech ecosystem stakeholders in Africa, Asia and globally. The AAFF and SFF will provide an opportunity for the global sharing of experiences from the devastating health and economic effects of COVID-19. More importantly, the event will focus on leveraging people-centered technology and innovation as the world recovers from the impact of COVID-19. More information on how to be part of the AAFF Nairobi Online City can be obtained at httpsafroasiafintech.net. CENTRAL BANK OF KENYA November 25, 2020",Press Release,https://www.centralbank.go.ke/uploads/press_releases/1472730875_Press Release- Afro-Asia Fintech Festival Nairobi Online City Event December 2020.pdf
,1002265771_Press Release   Imperial Bank Limited   Receipt Of Initial Proposals,"P R RESS ELEASE IMPERIAL BANK LIMITED (IN RECEIVERSHIP) RECEIPT OF INITIAL PROPOSALS Central Bank of Kenya (CBK) and Kenya Deposit Insurance Corporation (KDIC) announce the receipt of proposals from selected bidders with respect to Imperial Bank Limited (In Receivership) (IBLR) as part of the EOI process announced on October 13, 2017. CBK and KDIC have assessed these proposals, and have gone back to the bidders with a view to improving these bids, in order to maximize the value for depositors. We expect to receive the revised proposals shortly. CBK and KDIC reiterate their commitment in keeping with their respective mandates and in accordance with the Laws of Kenya, to protect the interest of depositors, creditors, and the wider public interest. CENTRAL BANK OF KENYA KENYA DEPOSIT INSURANCE CORPORATION April 13, 2018",Press Release,https://www.centralbank.go.ke/uploads/press_releases/1002265771_Press Release - Imperial Bank Limited - Receipt of Initial Proposals.pdf
,687804222_Press Release   Issuance Of A Consultative Paper On The Review Of The Risk Based Credit Pricing Model   Comments From The Public,"PRESS RELEASE ISSUANCE OF A CONSULTATIVE PAPER ON THE REVIEW OF THE RISK-BASED CREDIT PRICING MODEL COMMENTS FROM THE PUBLIC The Central Bank of Kenya (CBK) in April 2025, issued a Consultative Paper on the Review of the Risk-Based Credit Pricing Model (the Paper). The Paper sought public views on the review of the Risk Based Credit Pricing Model by May 2, 2025. The Paper elicited over 40 responses from a diverse range of individuals, commercial banks, non-bank financial institutions, industry associations, international financial institutions, consultancy firms, academia and corporate firms. CBK appreciates the responses and will take them into consideration. Arising out of the public consultation process and as it reviews the responses, CBK wishes to make the following two clarifications. First, the Paper does not propose the re-introduction of interest rate caps. Second, it does not indicate that CBK will cease its monetary policy implementation framework anchored on the interbank rate as the operational target. CBK continues to enhance the effectiveness of the monetary policy implementation framework. Following the recent changes announced to the framework, CBK has operationalized the narrowing of the width of the interest rate corridor around the Central Bank Rate (CBR) from 150 basis points to 75 basis points. This has continued to enhance the stability of the interbank rate and aligned it closer to the CBR. Additionally, CBK has adjusted the applicable interest rate on the Discount Window from the previous 300 basis points to 75 basis points, which is the upper bound of the interest rate corridor. CBK reiterates that it will continue working with various stakeholders towards a transparent, accessible and efficient credit market. This will spur the growth of credit to the private sector and support economic growth and the shared prosperity of Kenyans. CENTRAL BANK OF KENYA May 13, 2025 C2 CBK - Official",Press Release,https://www.centralbank.go.ke/uploads/press_releases/687804222_Press Release - Issuance of a Consultative Paper on the Review of the Risk-Based Credit Pricing Model - Comments from the Public.pdf
,1217936769_Press Release   Establishment Of Banking Sector Cyber Security Operations Centre,"PRESS RELEASE ESTABLISHMENT OF BANKING SECTOR CYBER SECURITY OPERATION CENTRE (BS-SOC) The Central Bank of Kenya (CBK) announces the establishment of the Banking Sector Cybersecurity Operations Centre (BS-SOC). The BS-SOC is a key component in the implementation of the Computer Misuse and Cybercrime (Critical Information Infrastructure and Cybercrime Management) Regulations, 2024, and a strategic initiative under the Central Bank of Kenya (CBK) Strategic Plan 2024-2027. The BS-SOC is currently under CBKs Cyber Fusion Unit, and is equipped to provide critical services such as Cyber Threat Intelligence, Incident Response, Digital Forensics, and Cyber Investigations. CBK takes note of the prevailing regulatory compliance pressures and has commenced the process of aligning and harmonising the Commercial Banks Cybersecurity Guidelines 2017 and the Payment Service Providers Cybersecurity Guidelines 2019 with the provisions of the Computer Misuse and Cybercrimes (Critical Information Infrastructure and Cybersecurity) Regulations 2024. Meanwhile, all regulated institutions must continue to comply with both sets of the requirements simultaneously and are mandated to report cybersecurity incidents to the BS- SOC within stipulated timelines under the CMCA Regulations. The successful implementation of this initiative requires the full collaboration and cooperation of all stakeholders. This partnership is imperative to enhance the resilience of the banking sector against the significant and persistent challenges posed by sophisticated cyber threat actors. In the event of any query or clarification, please contact The Head, Cyber Fusion Unit, Central Bank of Kenya, P. O. Box 60000-00200, Nairobi, or via telephone on 254 710 445926, or via e-mail to BS-SOCcentralbank.go.ke. CENTRAL BANK OF KENYA SEPTEMBER 22, 2025 C2 CBK - Official",Press Release,https://www.centralbank.go.ke/uploads/press_releases/1217936769_Press Release - Establishment of Banking Sector Cyber Security Operations Centre.pdf
,1449630083_Press Release   Societe Generale Representative Office,"P R RESS ELEASE AUTHORISATION OF THE REPRESENTATIVE OFFICE OF SOCIT GNRALE IN KENYA The Central Bank of Kenya (CBK) announces the granting of authority to Socit Gnrale (SG) of France to open a Representative Office in Kenya. The authority was granted pursuant to Section 43 of the Banking Act following fulfillment of the stipulated authorisation requirements. Representative Offices of foreign banks serve as marketing and liaison offices for their foreign parent banks and affiliates and are not allowed to conduct banking business. Socit Gnrale is one of the leading financial services group in Europe and is headquartered in Paris, France. Its core businesses are managed through three segments French Retail Banking, International Retail Banking and Financial Services, and Global Banking and Investor Solutions. Globally, SG has a footprint in 66 countries in Europe, North and South America, Middle East, Africa and Asia. In Africa, it has presence in 18 countries in North, West, Central and South Africa. Kenya is SGs first entry into Eastern Africa. The Representative Office will support the growing trade and investment links between Kenya and France. It will also allow deepening of SGs regional footprint with Kenya as its anchor in Eastern Africa. CENTRAL BANK OF KENYA September 8, 2017",Press Release,https://www.centralbank.go.ke/uploads/press_releases/1449630083_Press Release - Societe Generale Representative Office.pdf
,866115559_Press Release   Cbk At The Singapore Fintech Festival December 2020,"PRESS RELEASE THE AFRO-ASIA FINTECH FESTIVAL NAIROBI ONLINE CITY SHINES THE SPOTLIGHT ON THE FINTECH ECOSYSTEM The Central Bank of Kenya (CBK) hosted the Afro-Asia Fintech Festival (AAFF) Nairobi Online City on December 7-9, 2020. Nairobis Online City was one of the 40 global satellite events carried out as part of the 2020 Singapore FinTech Festival (SFF) that took place on December 7-11, 2020. SFF is an annual event organised by the Monetary Authority of Singapore (MAS) and this years virtual event was attended by over 14,000 participants. Given the prevailing coronavirus (COVID-19) pandemic, the theme for the AAFF Nairobi Online City was People and Talent Harnessing Collaboration in Pursuit of Resilience and Growth Post COVID-19. The event that was graced by His Excellency, Uhuru Kenyatta, President of the Republic of Kenya comprised three segments Economic Recovery, FinTech People and Ecosystem, and Sustainable Finance. Three core themes emerged from the Festival as the World builds back better from COVID-19. First, Small and Medium Enterprises (SMEs) will be at the heart of economic recovery. SMEs are the global economic drivers and digitalization provides a unique opportunity to provide them with the much needed access to financial services, business development and market access (Finance Plus). Second, collaboration between the public and private sector will require to be scaled up to build sustainable digital ecosystems that do not leave anyone behind. Third, the pandemic has amplified the linkages between corporations and the communities they operate in. Financial institutions must embrace sustainable finance that incorporates People, Purpose and Planet. While digitization offers immense opportunities, emerging risks must be kept in view. Cyber security continues to evolve rapidly as more citizens enter the digital realm. Personal Data trails continue to grow exponentially as the pandemic accelerates the digitalization of the global economy. We must therefore ensure that there are sufficient safeguards against these risks to protect our citizens. CBK remains committed to the underlying philosophy of the AAFF of placing People at the Centre of the global financial system. The event videos are accessible on the AAFF YouTube Channel. CENTRAL BANK OF KENYA December 22, 2020",Press Release,https://www.centralbank.go.ke/uploads/press_releases/866115559_Press Release - CBK at the Singapore Fintech Festival-December 2020.pdf
,Kdicpressrelease,"KENYA DEPOSIT INSURANCE CORPORATION (Formerly Deposit Protection Fund Board) CBK Pension House, 1ST Floor, Harambee Avenue P.O. Box 45983-00100 Nairobi, Tel 020-2863841 DUBAI BANK KENYA LTD (IN RECEIVERSHIP) The Kenya Deposit Insurance Corporation (KDIC), formerly Deposit Protection Fund Board was, on August 14, 2015, appointed by the Central Bank of Kenya (CBK) as receivers of Dubai Bank Kenya Limited (the Bank) for a maximum period of twelve (12) months. The Bank was placed under receivership due to, amongst other reasons, liquidity and capital deficiencies which exposed depositors, creditors and the banking sector to financial risk. KDIC is a body corporate established under the Kenya Deposit Insurance Act, 2012. KDIC was formed with the objective of providing a deposit insurance scheme for depositors of member institutions licensed by the Central Bank of Kenya and to receive, liquidate and wind up any institution in respect of which it is appointed receiver or liquidator, in accordance with the law. KDICs role is to create confidence in the banking sector and to support and compliment CBKs role of fostering financial stability. KDIC took over from the defunct Deposit Protection Fund Board with an expanded mandate of dealing with problem banks under receivership, which was previously a role undertaken by CBK and referred to, then, as statutory management. Upon appointment as a receiver for Dubai Bank Ltd by the CBK, KDIC assumed control of the assets, liabilities, business and affairs of the Bank. KDIC has appointed a Receiver Manager of the Bank. The Receiver Manager shall carry out the business and manage the assets and liabilities of the Bank in the name of Dubai Bank Kenya Limited (In receivership). Other matters with regard to the receivership are as follows 1. All powers of the Bank and of its directors under the constituent documents exercisable by the Bank or its directors under any law are now vested on KDIC and the Receiver Manager 2. KDIC has declared a moratorium to business that shall apply equally and without discrimination of all stakeholders of the Bank during the receivership period. Accordingly, normal operations of the Bank are suspended except for collection of loan re-payments or any other payments into the Bank. Debtors are therefore encouraged to continue servicing their obligations. For this reason, KDIC, will during the period of receivership, endeavour to keep all or some branches of the Bank open for such transactions. Any new arrangements will be communicated in due course 3. In the meantime, KDIC shall urgently undertake due diligence to ascertain the financial status of the Bank to determine the most appropriate method of resolving the problem 4. In the event that the receiver fails to resolve the problem by any other means, KDIC will be appointed by CBK as the liquidator to liquidate and wind up the affairs of the Bank. At this point, KDIC will make arrangements to pay all insured deposits up to a maximum of KShs 100,000.00 per depositor. Any balances above this amount shall equitably be paid as and when the liquidator accumulates enough funds from sale of assets of the collapsed Bank and recoveries from outstanding loans and debts 5. KDIC expects to finalise the assessment of the Bank and take a decision on the resolution method by 31st August, 2015. In this respect, KDIC will on 1st September, 2015 inform the depositors, creditors and all other stakeholders the next process regarding access to their deposits, rights and obligations 6. KDIC wishes to assure the depositors, creditors and all other stakeholders, that it is doing everything within its powers to protect their interests and resolve the problem within the shortest time possible. The Receiver will keep depositors and stakeholders updated on the progress 7. Stakeholders, customers or anyone with questions regarding the receivership can contact KDIC, on Monday to Friday, 8.30am to 4.30pm, on telephone number 0770-8879922863813 or by e-mail address customerservicedepositinsurance.go.ke Dated August 18, 2015 Aggrey Jonathan K. Bett Acting Chief Executive Officer, Kenya Deposit Insurance Corporation (Formerly, Deposit Protection Fund Board)",Press Release,https://www.centralbank.go.ke//images/docs/media/2015/KDICPRESSRELEASE.pdf
,"1228338544_Public Notice   Invitation For Comments On The Draft Central Bank Of Kenya (Credit Guarantee Business) Regulations, 2025","(cid31)(cid30)(cid29)(cid28)(cid27)(cid26)(cid25)(cid24)(cid23)(cid22)(cid27)(cid26)(cid21) INVITATION FOR COMMENTS ON THE DRAFT CENTRAL BANK OF KENYA (CREDIT GUARANTEE BUSINESS) REGULATIONS, 2025 The Central Bank of Kenya (CBK) Act was amended vide the Business Laws (Amendment) Act, 2024, to provide for the regulation and supervision of credit guarantee business in Kenya. Under the framework, any entity undertaking credit guarantee business will be required to be registered or licensed. Registered credit guarantee providers will be required to meet minimum regulatory standards consistent with their operations in Kenya. However, licensed credit guarantee companies will be subjected to stringent prudential requirements to ensure that their operations are conducted soundly. All entities undertaking credit guarantee business will be required to be registered or licensed by CBK within the 5-year period stipulated in the Act. CBK notes that entities providing credit guarantee business play a pivotal role in ensuring that critical economic sectors in Kenya, such as the Micro, Small and Medium Enterprises (MSMEs), continue to access affordable credit in a sustainable manner. Accordingly, CBK has developed the draft CBK (Credit Guarantee Business) Regulations, 2025, to implement the framework for the credit guarantee business. The Regulations provide for, inter alia, requirements for registration, licensing, governance, risk management and other operational obligations for persons providing credit guarantee business in Kenya. In line with constitutional and statutory requirements, CBK invites comments from the public on the draft Regulations by Wednesday, October 15, 2025. The draft Regulations can be accessed at httpswww.centralbank.go.kewp-contentuploads202509The-Draft-Central-Bank-of-Kenya- Credit-Guarantee-Business-Regulations-2025.pdf. Online submissions can be submitted via the link httpsforms.office.comrcPjJ6AVdYQ. Alternatively, written submissions can be submitted to Director Scan here for Scan here for Bank Supervision Department Central Bank of Kenya P O Box 60000 - 00200, Nairobi E-mail fincentralbank.go.ke Regulations Comments CENTRAL BANK OF KENYA  SEPTEMBER 25, 2025",Press Release,"https://www.centralbank.go.ke/uploads/press_releases/1228338544_Public Notice - Invitation for Comments on the Draft Central Bank of Kenya (Credit Guarantee Business) Regulations, 2025.pdf"
,1178640578_Press Release   Full Interoperability Of Mobile Money Operators Becomes Effective,"PRESS RELEASE FULL INTEROPERABILITY OF MOBILE MONEY OPERATORS BECOMES EFFECTIVE The Central Bank of Kenya (CBK) announces the full interoperability of mobile money services in Kenya. This significant milestone was achieved with the launch today of pay bill interoperabilitythe last step for mobile money merchant interoperabilityby three mobile money providers (networks) Airtel Money Kenya Limited, Safaricom PLC, and Telkom Kenya Limited. With pay bill interoperability, customers can now make payments for utilities, schools, businesses, and other service providers, without regard to the network they are on. This complements the till interoperability that was launched on April 8, 2022, which allows customers to make payments at supermarkets, restaurants and other vendors regardless of the network. In turn, this builds on the person-to-person (P2P) interoperability that was implemented in 2018. Without full interoperability, customers were limited to the network they were on in order to make payments, and had to resort to alternative methods that were neither customer- friendly nor affordable. Now, for the first time, it will not matter what network a customer, vendor, or other biller is on in order to complete a payment directly. This in turn means the elimination of inconveniences and wasteful duplication. The more than 560,000 vendors and billers, and almost 28 million customers will be the ultimate beneficiaries of the seamless payments ecosystem. CBK commends the mobile money providers for their cooperation in achieving this milestone. Full interoperability will facilitate the deepening of the digitalisation of payments, increasing choice, affordability and customer-centricity of payment services, a key outcome outlined in the National Payments Strategy 2022-2025. This will bring us closer to attaining the vision of a secure, fast, efficient and collaborative payments system that supports financial inclusion and innovations that benefit Kenyans. CENTRAL BANK OF KENYA July 15, 2022",Press Release,https://www.centralbank.go.ke/uploads/press_releases/1178640578_Press Release - Full Interoperability of Mobile Money Operators Becomes Effective.pdf
,1443047542_Press Release   Acquisition Of 100 Percent Of National Bank Of Kenya Limited By Access Bank Plc From Kcb Group Plc,"PRESS RELEASE ACQUISITION OF 100 PERCENT OF NATIONAL BANK OF KENYA LIMITED BY ACCESS BANK PLC FROM KCB GROUP PLC The Central Bank of Kenya (CBK) announces the acquisition of 100 percent of the shareholding of National Bank of Kenya Limited (NBK) by Access Bank PLC (Access) from KCB Group PLC (KCB Group). This follows CBKs approval on April 4, 2025, under Section 13 (4) of the Banking Act, and approval by the Cabinet Secretary for the National Treasury and Economic Planning on April 10, 2025, pursuant to Section 9 of the Banking Act. As part of the transaction, CBK, on April 4, 2025, further approved the transfer of certain assets and liabilities of National Bank of Kenya Limited to KCB Bank Kenya Limited pursuant to section 9 of the Banking Act. Additionally, the Cabinet Secretary for The National Treasury and Economic Planning, approved the transfer on April 10, 2025, pursuant to section 9 of the Banking Act. The acquisition and transfer shall take effect upon completion of the transaction in accordance with the terms of the Agreement between the parties. NBK was incorporated in 1968 as a wholly owned Government entity with the objective of assisting Kenyans to access credit and control the economy after independence. KCB Group Plc acquired a 100 percent shareholding of NBK in September 2019. NBK as a subsidiary of KCB Group, has a subsidiary namely, NBK Bancassurance Intermediary Limited. KCB Bank is a wholly owned subsidiary of KCB Group Plc which is a Kenyan non-operating holding company that owns banking subsidiaries in the East African region Uganda, Tanzania, Rwanda, Burundi, Ethiopia (representative office), South Sudan and the Democratic Republic of Congo. Access Bank PLC (Nigeria) is a wholly owned subsidiary of Access Holdings PLC and has subsidiaries in Botswana, Cameroon, Democratic Republic of Congo, Gambia, Ghana, Guinea, Kenya, Mozambique, Nigeria, Rwanda, Sierra Leone, South Africa, Zambia, and the United Kingdom. The bank also operates representative offices in China, Lebanon, and India and a branch in United Arab Emirates. CBK welcomes this transaction as it will ensure continued stability and enhance the resilience of the Kenyan banking sector. CENTRAL BANK OF KENYA April 14, 2025 C2 CBK - Official",Press Release,https://www.centralbank.go.ke/uploads/press_releases/1443047542_Press Release - Acquisition of 100 Percent of National Bank of Kenya Limited by Access Bank PLC from KCB Group PLC.pdf
,"1846138910_Press Release   Imperial Bank   June 23, 2017","PRESS RELEASE IMPERIAL BANK LIMITED (IN RECEIVERSHIP) Following the granting by the High Court of a 90-day extension of the receivership over Imperial Bank Limited (In Receivership) (IBLR) on June 19, 2017, the Central Bank of Kenya (CBK) and Kenya Deposit Insurance Corporation (KDIC) announced that they will issue a tentative timeline and prospective milestones for the resolution of IBLRs receivership. The objective of such a resolution would be safeguarding the interest of depositors, creditors, and the wider public interest. Attached is the tentative timeline and prospective milestones for the resolution. As indicated, after initial preparations, the formal process will commence with an invitation for Expressions of Interest (EOI) from potential strategic investors, and the Banks shareholders if they so wish, in taking an interest in the Bank. The EOIs will be evaluated and a shortlist of qualifying investors (Shortlisted Investors) determined in a fair process using appropriate and objective criteria based on, inter alia, regulatory imperatives and prudential guidelines which will ensure the speedy recovery for depositors, creditors and other stakeholders of the Bank, whilst also mindful of seeking to preserve and develop a sound and innovative banking system in Kenya. Shortlisted Investors will be invited to pursue a more detailed engagement and will be granted access to a comprehensive confidential Data Room of financial, legal and business performance information to develop their formal offer to take an interest in the Bank (Investor Proposal). A preferred investor would be selected based on the Investor Proposals, which would lead to final negotiations and completion of the transaction. Mindful of the concerns by depositors and the need for the process to be fully credible to potential strategic investors in order to maximize the value for depositors, the entire process is anticipated to be about 48 weeks. To ensure that the process is fully credible from the start, CBK and KDIC intend to seek an extension of the receivership of IBLR for up to 12 months. CBK and KDIC will continue to engage all stakeholders concerning the next steps in the resolution of IBLRs receivership, as permitted by the law. CENTRAL BANK OF KENYA June 23, 2017 Imperial Bank Limited (In Receivership) Indicative Timeline and Milestones for Resolution Week 1 2 3 4 5 6 7 8 9 10 11 12 Process preparation Preparation of data room - - - - - - - D Preparation of Information Memorandum (IM) - - - - - - - D Preparation of the Public Expression of Interest (EOI) invitation - - D s Publish EOI invitation D o n Potential investors review the EOI invitation - cti D e Receipt of EOIs from potential investors El D Evaluation of EOIs and selection of Shortlisted Investors n al - D o Communication to Shortlisted Investors ati D Preparation of Confidentiality Undertaking (CU) N - D Shortlisted Investors are sent the CU D Shortlisted Investors sign the CU - D Send IM to Shortlisted Investors D Wee k Non-binding offer 13 14 15 16 17 18 19 20 21 22 23 24 Review of Information Memorandum - - - - - - D Due diligence and QA in virtual data room - - - - - - D Shortlisted Investors submit Non Binding Offers D Evaluation of Non Binding Offers - D Selection of Final Investor D Wee k Transaction finalisation 22 24 26 28 30 32 34 36 38 40 42 44 46 48 Negotiation with Final Investor and Stakeholders - - - - - - - - D Finalisation of legal documents - - - - D Finalisation of Conditions Precedent - - - - D Transaction finalisation D Source Central Bank of Kenya and KDIC",Press Release,"https://www.centralbank.go.ke/uploads/press_releases/1846138910_Press Release - Imperial Bank - June 23, 2017.pdf"
,135090695_Press Release   Imperial Bank Limited (Ir),"PRESS RELEASE IMPERIAL BANK LIMITED (IN RECEIVERSHIP) The Kenya Deposit Insurance Corporation (KDIC) will today, December 28, 2016, commence a third disbursement of funds to Imperial Bank Limited (IBL) depositors. Verified depositors will be able to access additional funds of up to a maximum of 10 percent of their remaining deposits, subject to a minimum of Ksh.200,000 or the actual deposit amount for balances below Ksh.200,000. Verified depositors will be able to access these funds through NIC Bank as was the case for the second disbursement in July 2016. Any new claims should be lodged and processed through NIC Bank. The recovery of IBL loans will continue, which will allow access to additional resources by depositors and other stakeholders. All IBL borrowers should continue making payments on their loans as is currently required. CENTRAL BANK OF KENYA December 28, 2016",Press Release,https://www.centralbank.go.ke/uploads/press_releases/135090695_Press Release - Imperial Bank Limited (IR).pdf
,371148711_Public Notice   Invitation For Comments From The Public On The Draft Kenya National Financial Inclusion Strategy (Nfis 2025 2028),"PUBLIC NOTICE INVITATION FOR COMMENTS FROM THE PUBLIC ON THE DRAFT KENYA NATIONAL FINANCIAL INCLUSION STRATEGY(NFIS 2025-2028) To consolidate the gains made in the financial inclusion journey in Kenya, the Central Bank of Kenya (CBK), in collaboration with public and private sector stakeholders, is in the process of developing a National Financial Inclusion Strategy (NFIS 2025  2028). The Strategy seeks to coordinate financial inclusion initiatives in the country address fragmentation in policies, initiatives, innovations, and Programmes targeting financial inclusion, and create synergy among stakeholders in advancing financial inclusion agenda, among others. The CBK is therefore seeking public views on the draft NFIS 2025-2028 published at httpstinyurl.com4mc6me2k. All comments should be submitted using the template provided in this link httpsforms.office.comrnH7q2rxmMC, the QR code below or through the email address NFIScentralbank.go.ke. The deadline for submission of comments is on Thursday, 9 October, 2025 at 5.00PM East African Time. Feedback should be addressed to Director, Research Department, Scan here for Central Bank of Kenya P.O. Box 60000 - 00200 Nairobi. or E-mail NFIScentralbank.go.ke Comments CENTRAL BANK OF KENYA SEPTEMBER 25, 2025",Press Release,https://www.centralbank.go.ke/uploads/press_releases/371148711_Public Notice - Invitation for Comments from the Public on the Draft Kenya National Financial Inclusion Strategy (NFIS 2025-2028).pdf
,95458560_Press Release   Central Bank Website Of The Year,"PRESS RELEASE NAIROBI, Kenya  The Central Bank of Kenya (CBK) has won Central Bankings Website of the Year Award following the recent redesign of its website. The annual award recognizes a central banks website that encompasses true accessibility to information and data for a range of stakeholders. Previous winners of this award include the European Central Bank (ECB) in 2016 and the Bank of Canada in 2015. In considering CBK for the award, the Awards Committee was highly impressed by the redesign of the website in time for CBKs 50th anniversary celebrations and noted that it caters much more to the demands of mobile device users. The Committee also praised the extensive research undertaken in developing the website and how the CBK had aligned its website with international best practice. The new website remains the main source of regular information from the CBK. Some of the popular pages include the Forex page which provides updates on exchange rate movements and attracts more than a third of daily users. Equally popular is the Careers page which recently processed over 10,000 applications for internship opportunities. The new Learning Centre page makes extensive use of infographics to share information with the general public, especially the youth. Additionally, members of the public can now get a behind the scenes acquaintance with the staff of the CBK. For instance, the People of CBK documentary featured in the Spotlight section has received over 3,600 views. Commenting on the award, the Governor of the CBK, Dr. Patrick Njoroge, said The website is a key channel for the CBK to provide diverse audiences with accurate and timely information on its mandate and actions. The new website was designed to offer an expanded range of features and content, consistent with the institutions vision to be a world-class central bank in a vibrant financial sector. We are grateful to our external collaborators who supported the development of the new website. CENTRAL BANK OF KENYA www.centralbank.go.ke CBKKenya httpwww.facebook.comcentralbankkenya February 16, 2017",Press Release,https://www.centralbank.go.ke/uploads/press_releases/95458560_Press Release - Central Bank Website of the Year.pdf
,913050567_Press Release   Chase Bank (Kenya) Limited (In Receivership),"PRESS RELEASE ACQUISITION OF CERTAIN ASSETS AND ASSUMPTION OF CERTAIN LIABILITIES OF CHASE BANK (KENYA) LIMITED (IN RECEIVERSHIP) BY SBM BANK (KENYA) LIMITED The Central Bank of Kenya (CBK) announces that SBM Bank (Kenya) Limited (SBM Kenya) has commenced the acquisition of certain assets and assumption of certain liabilities of Chase Bank (Kenya) Limited (In Receivership) (CBLR), in line with the announcement of April 17, 2018. SBM Kenya is a wholly owned subsidiary of SBM Holdings Limited of Mauritius. This follows CBKs approval on June 13, 2018, for SBM Kenya to acquire certain assets and liabilities of CBLR as provided under Section 9 of the Banking Act and under the Central Bank Prudential Guidelines. Subsequently, approval was granted by the Cabinet Secretary, National Treasury on June 28, 2018, as provided under Section 9 of the Banking Act. The acquisition and assumption process will be completed on August 17, 2018. SBM Kenya will assume 75 percent of the value of deposits under moratorium at CBLR, all non-moratorium deposits at CBLR, and will take-up over majority of CBLR branches and employees. The remaining 25 percent of the value of moratorium deposits along with other assets and liabilities remains in CBLR. CBLR was issued with a banking licence in 1996. On April 7, 2016, CBK placed CBLR into receivership when it failed to meet its financial obligations, and appointed the Kenya Deposit Insurance Corporation (KDIC) as the receiver manager. SBM Holdings Limited is the third largest listed company on the Stock Exchange of Mauritius and had an asset base of over USD.5.6 billion (Ksh.560 billion) as at December 2017. It has operations in India, Madagascar and Kenya. It owns the second largest commercial bank in Mauritius (SBM Bank Holdings Limited). With this transaction, SBM Kenyas market share increases from 0.23 percent to about 2.4 percent and it moves from being a small to a medium-sized bank. CENTRAL BANK OF KENYA July 06, 2018",Press Release,https://www.centralbank.go.ke/uploads/press_releases/913050567_Press Release - Chase Bank (Kenya) Limited (In Receivership).pdf
,1078637446_Press Release   Expiry Of Crb Listing,"PRESS RELEASE EXPIRY OF THE SUSPENSION OF THE LISTING OF NEGATIVE CREDIT INFORMATION FOR BORROWERS On April 14, 2020, the Central Bank of Kenya (CBK) announced the suspension, for a period of six months, of the listing of negative credit information with credit reference bureaus (CRBs) for borrowers whose loans were performing previously and had become non-performing after April 1, 2020. The suspension did not apply to loans that were non-performing before April 1, for which the regular procedures continued to apply. The six-month suspension ended on September 30, 2020, following which the existing procedures for risk classification of loans with respect to their performance and subsequent listing with CRBs would apply. Specifically, financial institutions will from October 1, 2020, assess the performance of all loans that were performing before April 1. For those loans that went into arrears after that date, the period for determining their performance begins on October 1, 2020. If a loan is in arrears after 60 days from October 1, a financial institution will, in accordance with the existing procedures, give the borrowers notice of the intention to list them with the CRBs. If the loan has not been regularized after the 30-day notice period, the financial institution will then list the non-performing loan with the CRBs. Consequently, borrowers whose loans were performing before April 1 and subsequently went into arrears, will have three months (up to end December 2020) in accordance with existing procedures to regularize their loans before they are listed with CRBs. As communicated before, borrowers are always required to fully service their loan obligations on a timely basis and engage their lenders in case of any concerns. CENTRAL BANK OF KENYA October 1, 2020",Press Release,https://www.centralbank.go.ke/uploads/press_releases/1078637446_Press Release - Expiry of CRB Listing.pdf
,2089511565_Press Release   Cbk Foreign Exchange Reserves October 2 2022,"PRESS RELEASE CBKS FOREIGN EXCHANGE RESERVES The Central Bank of Kenya (CBK) notes the comments by the Deputy President, His Excellency Rigathi Gachagua, in an interview on Citizen Television (Kenya) on October 2, 2022. CBK would like to provide the correct position regarding where oil importers obtain the requisite foreign exchange, and about the adequacy of CBKs foreign exchange cover. First, following the complete liberalization of the foreign exchange market in the 1990s, all foreign exchange for private transactions is obtained from commercial banks. CBK does not supply foreign exchange for transactions other than for the National Government (i.e., governments own imports or debt service payments) or CBKs operations. Oil importers, therefore, obtain their requisite foreign exchange from the commercial banks and not CBK. Second, CBKs foreign exchange cover remains adequate.  The Central Bank of Kenya Act (Section 26) requires that CBK at all times use its best endeavours to maintain a reserve of external assets at an aggregate amount of not less than the value of four months imports as recorded and averaged for the last three preceding years. This stood at 4.64 months of imports as at September 26, 2022.  Under the EAC Monetary Union Protocol, members undertake to attain and maintain a reserve cover of 4.5 months of imports calculated in line with the CBK Act. This stood at 4.64 months of imports as at September 26, 2022.  CBK also monitors its usable foreign exchange reserves. These stood at USD7,424 million (4.19 months of import) as at September 29, 2022.  In the context of the IMF-supported economic program, the end-June 2022 adjusted target for net international reserves was USD5,989 million. This stood at USD6,295 million. The CBK foreign exchange reserves, therefore, continue to provide adequate cover and a buffer against shocks in the foreign exchange market. CENTRAL BANK OF KENYA October 2, 2022",Press Release,https://www.centralbank.go.ke/uploads/press_releases/2089511565_Press Release - CBK Foreign Exchange Reserves October 2 2022.pdf
,301857193_Press Release   Successful Migration Of The Kenya Electronic Payment And Settlement System To The Iso20022 Global Messaging Standard,"PRESS RELEASE SUCCESSFUL MIGRATION OF THE KENYA ELECTRONIC PAYMENT AND SETTLEMENT SYSTEM TO THE ISO20022 GLOBAL MESSAGING STANDARD The Central Bank of Kenya (CBK) announces that, effective today, the Kenya Electronic Payment and Settlement System (KEPSS) has been successfully migrated to the ISO20022 Global Messaging Standard (ISO20022 Standard). KEPSS, which is Kenyas Real-Time Gross Settlement (RTGS) system, is operated by CBK to process large-value and time-critical payments. It is the backbone of Kenyas domestic and regional payment transactions. In the period between August 2023 and August 2024, KEPSS processed a total of over 5.3 million transactions valued at over Ksh. 45 trillion for local currency transactions. ISO20022 is the latest international open standard for financial messaging that is being adopted globally. The migration of KEPSS to ISO20022 brings significant benefits, including faster settlement times, streamlined processing, and improved liquidity management for financial institutions. The Standards rich data formats will aid in monitoring fraud and improve the detection and prevention of illicit transactions. Additionally, the standardisation provided by ISO20022 reduces the complexity of payments and significantly enhances efficiency. The ISO20022 Standard will enhance interoperability between domestic and international payment systems, facilitating easier cross-border transactions and increase the ease of doing business globally. Overall, these benefits will enhance the convenience, speed and security of payments for corporates and customers alike. The milestone of this migration is a significant achievement in the modernisation of Kenyas National Payments System (NPS). It positions the country as a leading and globally competitive payments destination. With this migration, Kenya joins other regional and global economies in the adoption of ISO20022 Standard for large-value payment systems. The adoption of the ISO20022 Standard is a key component of the National Payments Strategy 2022 - 2025, and builds upon major initiatives led by CBK in conjunction with the industry. This includes the migration of the Cheque Clearing House to the ISO20022, among others. CBK has directed banks to inform their customers and provide necessary support to ensure seamless service. CBK is committed to continuous improvement and renewal of Kenyas payments infrastructure to meet the evolving needs of the economy and support the countrys vision of becoming a global financial hub. CENTRAL BANK OF KENYA October 14, 2024 1 C2 CBK - Official",Press Release,https://www.centralbank.go.ke/uploads/press_releases/301857193_Press Release - Successful Migration of the Kenya Electronic Payment and Settlement System to the ISO20022 Global Messaging Standard.pdf
,642908686_Press Release   High Court Decision On New Currency,"PRESS RELEASE HIGH COURT JUDGEMENT ON NEW CURRENCY The Central Bank of Kenya (CBK) welcomes todays judgement of the High Court. In its ruling, the Court determined that there was no violation of the Constitution in the design of the new generation currency notes. The Court declared that the statue at the Kenyatta International Convention Centre, a national landmark, is an integral part of the building, and is not a portrait. The Court maintained that CBK carried out extensive, reasonable and all-inclusive public participation, leading to the final design of the currency. With regard to the withdrawal of the older series KSh 1000 notes, the Court further ruled that CBK had the power and discretion to withdraw the notes, and the rationale given was justifiable. The Court ruled that the four-month period for withdrawal was adequate and reasonable, and that CBK had the power and discretion to set the period. The Court concluded that CBK discharged its duty properly. Since the launching of the new generation currency on June 1, 2019, CBK has been on a sustained, intensive and targeted campaign for Kenyans to familiarise themselves with the features of the banknotes, and to sustain awareness of the September 30 deadline for the withdrawal of the older KSh 1000 banknotes. CBK is glad to report the continuing success of these efforts, and the overwhelmingly positive reception by Kenyans. CENTRAL BANK OF KENYA September 27, 2019",Press Release,https://www.centralbank.go.ke/uploads/press_releases/642908686_Press Release - High Court Decision on New Currency.pdf
,1680529353_Press Release    Acquisition Of Daraja Microfinance Bank Limited By Umba Inc,"PRESS RELEASE ACQUISITION OF DARAJA MICROFINANCE BANK LIMITED BY UMBA INC. The Central Bank of Kenya (CBK) announces the acquisition of 66.06 percent shareholding of Daraja Microfinance Bank Limited (Daraja MFB) by UMBA Inc. (UMBA) effective July 1, 2022. This follows CBKs approval on May 23, 2022, under Section 19(4) of the Microfinance Act and approval by the Cabinet Secretary for the National Treasury and Planning on June 10, 2022, pursuant to Section 19(3)(b) of the Microfinance Act. UMBA is a fintech company incorporated in the State of Delaware, United States of America and has its headquarters in San Francisco, California. The company has operations in Kenya and Nigeria. In Kenya, UMBA operates a non-deposit taking credit business through its subsidiary UMBA Technology Limited. In Nigeria, it operates in partnership with a licensed bank to offer digital banking services. Daraja MFB was granted a licence by the Central Bank of Kenya on January 12, 2015, to carry out community microfinance bank business within Dagoretti Division of Nairobi County. The MFBs Head Office and branch are located at Dagoretti Corner, Nairobi. The MFBs target market is Micro and Small Enterprises. It is categorised as a small microfinance bank with a market share of below 1 percent of the microfinance banking sector as at March 31, 2022. The investment by UMBA will strengthen Daraja MFBs business model. In particular, it will support the digitalization of Daraja MFB as it moves to providing anytime anywhere services to its customers. This is aligned to CBKs vision of a microfinance banking sector that works for and with Kenyans. CBK welcomes this transaction that is a critical component of Daraja MFBs transformation plan. It will strengthen Daraja MFB and support the stability of Kenyas microfinance banking sector. CENTRAL BANK OF KENYA July 29, 2022",Press Release,https://www.centralbank.go.ke/uploads/press_releases/1680529353_Press Release -  Acquisition of Daraja Microfinance Bank Limited by UMBA Inc.pdf
,2095801539_Mpc Press Release   Meeting Of August 6 2024,"BANKI CENTRAL KUU YA BANK OF GOVERNOR KENYA KENYA Haile Selassie Avenue P. O. Box 60000-00200 Nairobi, Kenya Telephone 254 20 2861003 PRESS R ELEASE MONETARY POLICY COMMITTEE MEETING The Monetary Policy Committee (MPC) met on August 6, 2024, against a backdrop of an improved global outlook for growth, easing inflation in advanced economies, and persistent geopolitical tensions. The MPC reviewed the outcomes of its previous decisions and measures implemented to anchor inflationary expectations and contain exchange rate pressures.  Global growth continues to recover, supported by strong growth in the United States and improved growth prospects in some large emerging market economies, particularly China and India. The main risks to the global growth outlook relate to further escalation of geopolitical tensions, interest rates remaining higher-for-even-longer in advanced economies, and policy uncertainty attributed to changes of government in some major economies. Global inflation has moderated, with central banks in some major economies lowering interest rates. Food inflation has continued to decline with improved supply of key food items, particularly sugar and cereals. International oil prices have moderated, but the risk premium from the Middle East conflict has increased following the recent escalation.  Kenyas overall inflation declined to 4.3 percent in July 2024 from 4.6 percent in June, thereby remaining below the mid-point of the target range. Food inflation remained stable at 5.6 percent in June and July, with declines in prices of key non-vegetable food items, particularly maize, sugar, and wheat flour, offsetting increases in prices of select vegetables, particularly tomatoes, Irish potatoes, and cabbages. Fuel inflation declined to 4.5 percent in July from 6.4 percent in June, due to a downward adjustment in pump prices and lower electricity prices. Non-food non- fuel (NFNF) inflation eased to 3.3 percent in July from 3.4 percent in June, reflecting the impact of monetary policy measures. Overall inflation is expected to remain below the mid- point of the target range in the near term, supported by a stable exchange rate, lower food prices with expected harvests, and stable fuel prices.  The recently released GDP data for the first quarter of 2024 showed continued resilient performance of the Kenyan economy, with real GDP growing by 5.0 percent. This reflected continued strong performance in agriculture attributed to favourable weather conditions, and robust performance of the services sector, particularly wholesale and retail trade, accommodation and food services, financial and insurance, information and communication, and real estate. Nevertheless, growth of the industrial sector, particularly manufacturing and construction, slowed down. The growth of the economy is expected to remain resilient in 2024 and is projected at 5.4 percent in 2024 from 5.6 percent in 2023. This is supported by robust services, sustained performance in agriculture, and improved exports. However, this outlook is subject to risks including geopolitical tensions.  The July 2024 Agriculture Sector Survey shows that majority of respondents expect inflation to either remain unchanged or decrease in the next three months, on account of improved food supply with the expected harvests, the stable exchange rate, and reductions in pump prices.  The CEOs Survey and Market Perceptions Survey which were conducted ahead of the MPC meeting revealed sustained optimism about business activity and economic growth prospects for the next 12 months. The optimism was primarily attributed to the stable macroeconomic environment reflected in the low inflation rate and stability in the exchange rate, and the continued strong performance of agriculture. Nevertheless, respondents expressed concerns about the impact of the recent protests on economic activities, high cost of doing business, and potential impact of increased geopolitical tensions on the economy.  The current account deficit is estimated at 3.7 percent of GDP in the 12 months to June 2024, down from 4.2 percent of GDP in a similar period of 2023, and is projected at 4.0 percent of GDP in 2024. Goods exports increased by 5.0 percent in the 12 months to June 2024 compared to a similar period in 2023, reflecting increased exports of agricultural commodities and re- exports. Exports of tea and vegetables and fruits increased by 4.6 percent and 12.1 percent, respectively, while re-exports were 56.5 percent higher in the period. Notably, exports were 11.8 percent higher in the first half of 2024 compared to a similar period in 2023. Goods imports declined by 3.3 percent in the 12 months to June 2024 compared to a similar period of 2023, reflecting lower imports across all categories, except sugar, machinery and transport equipment, crude materials, and miscellaneous manufactures. However, imports were 3.6 percent higher in the first half of 2024 compared to a similar period in 2023. Tourist arrivals improved by 27.2 percent in the 12 months to June 2024 compared to a similar period in 2023. Remittances increased by 12.9 percent to USD 4,536 million in the 12 months to June 2024 compared to USD 4,017 million in a similar period in 2023, and were 17.0 percent higher in the first half of 2024 compared to the first half of 2023.  The CBK foreign exchange reserves, which currently stand at USD 7,303 million (3.78 months of import cover), continue to provide adequate cover and a buffer against any short-term shocks in the foreign exchange market.  The banking sector remains stable and resilient, with strong liquidity and capital adequacy ratios. The ratio of gross non-performing loans (NPLs) to gross loans stood at 16.3 percent in June 2024 compared to 16.1 percent in April. The increase is mainly attributed to a decrease in gross loans between the two periods of 1.5 percent compared to a lower decrease in NPLs by 0.7 percent. Decreases in NPLs were noted in the real estate, manufacturing, trade and building, agriculture and transport and communication sectors. Banks have continued to make adequate provisions for the NPLs.  Growth in commercial bank lending to the private sector stood at 4.0 percent in June 2024 compared to 4.5 percent in May, partly reflecting exchange rate valuation effects on foreign currency denominated loans following the appreciation of the Shilling. Growth in local currency denominated loans stood at 10.2 percent in June, with the foreign currency denominated loans, which account for about 26 percent of total loans, contracting by 13.3 percent.  The Committee noted the outcome of the implementation of the FY202324 Government Budget, as well as the FY202425 Supplementary Budget I, which is expected to lower the fiscal deficit from 5.6 percent of GDP in FY202324 to 4.3 percent of GDP in FY202425. The fiscal consolidation in the medium-term should reduce debt vulnerabilities while moving the debtGDP ratio towards a stronger sustainable position. The MPC noted that its previous measures have lowered overall inflation to below the mid-point of the target range, stabilized the exchange rate, and anchored inflationary expectations. The Committee further noted that NFNF inflation has moderated, while central banks in some major economies have lowered interest rates in response to easing inflationary pressures, with indications that other central banks will soon embark on a similar trajectory. The MPC concluded that there was scope for a gradual easing of the monetary policy stance, while ensuring continued exchange rate stability. Therefore, the Committee decided to lower the Central Bank Rate (CBR) to 12.75 percent. The MPC will closely monitor the impact of the policy measures as well as developments in the global and domestic economy and stands ready to take further action as necessary in line with its mandate. The Committee will meet again in October 2024. Dr. Kamau Thugge, CBS CHAIRMAN, MONETARY POLICY COMMITTEE August 6, 2024",Press Release,https://www.centralbank.go.ke/uploads/mpc_press_release/2095801539_MPC Press Release - Meeting of August 6 2024.pdf
,238406937_Press Release   Access Bank Acquisition Of Tnbl,"PRESS RELEASE ACQUISITION OF TRANSNATIONAL BANK PLC BY ACCESS BANK PLC The Central Bank of Kenya (CBK) announces the acquisition of up to 100 percent of the shareholding of Transnational Bank Plc by Access Bank Plc effective February 1, 2020. This follows CBKs approval on December 24, 2019 under Section 13 (4) of the Banking Act and approval by the Cabinet Secretary, National Treasury on January 6, 2020 for the acquisition under Section 9 of the Banking Act. Transnational Bank Plc commenced operations in December 1985. Currently, the bank has twenty-eight (28) branches (including the head office) across the country. Access Bank Plc was incorporated on February 8, 1989 in Nigeria, and is currently the largest bank in Nigeria with a total asset base of approximately USD16.10 billion (Ksh.1.61 trillion). Access Bank Plc has subsidiaries in Democratic Republic of Congo (DRC), Gambia, Ghana, Nigeria, Rwanda, Sierra Leone, Zambia and the United Kingdom. The bank also operates representative offices in China, United Arab Emirates, Lebanon and India. Access Bank Plcs business model mainly focuses on corporate and retail banking and its strong group support is expected to drive Transnational Bank Plcs business growth for the benefit of the Kenyan economy and the banking sector. The acquisition is expected to strengthen the resilience of Kenyas banking sector. CENTRAL BANK OF KENYA January 17, 2020",Press Release,https://www.centralbank.go.ke/uploads/press_releases/238406937_Press Release - Access Bank Acquisition of TNBL.pdf
,2105945250_Press Release   Groundbreaking For Kenya Police Leadership Academy,"PRESS RELEASE GROUNDBREAKING CEREMONY FOR KENYA POLICE LEADERSHIP ACADEMY His Excellency President Uhuru Kenyatta has today performed the Groundbreaking Ceremony for the Kenya Police Leadership Academy in Ngong, Kajiado County. Upon completion in a year, The Academy will provide the National Police Service (NPS) with modern facilities for the training of its senior leadership. These will include  Adequate accommodation for 220  Classrooms and lecture rooms  A well-equipped auditorium with seating for 450  Kitchen and dining facilities  Sports and recreational facilities The Central Bank of Kenya (CBK) is supporting the development of this project through a Memorandum of Understanding with the NPS. As part of this arrangement, CBK will build adequate accommodation for the Police officers attached to CBK in Nairobi. CBK has finalised plans to build a modern, gated community in Industrial Area with 210 units. This will solve permanently a long- standing problem, and provide suitable living quarters for these officers and their families. CENTRAL BANK OF KENYA January 26, 2021",Press Release,https://www.centralbank.go.ke/uploads/press_releases/2105945250_Press Release - Groundbreaking for Kenya Police Leadership Academy.pdf
,1394241672_Press Release   Closure Of Bank Al Habib Representative Office In Kenya,"PRESS RELEASE CLOSURE OF BANK AL-HABIB REPRESENTATIVE OFFICE IN KENYA The Central Bank of Kenya (CBK) announces the cancellation of the authority granted to Bank Al-Habib Ltd (BAHL) of Pakistan to operate BAHL Representative Office in Kenya, pursuant to Section 43 of the Banking Act. BAHLs exit from Kenya, effective May 15, 2025, follows a strategic decision by BAHL to rationalize its foreign operations. BAHL was authorized by CBK to establish a Representative Office in Kenya on April 9, 2018. BAHL is a commercial bank headquartered in Karachi, Pakistan, offering retail and corporate banking, as well as international trade finance services. The Representative Office in Kenya served as a marketing and liaison office for the parent bank and its international affiliates. CENTRAL BANK OF KENYA June 30, 2025 C2 CBK - Official",Press Release,https://www.centralbank.go.ke/uploads/press_releases/1394241672_Press Release - Closure of Bank Al Habib Representative Office in Kenya.pdf
,Press_Release_ _Imperial_Bank_Limited_ _November_13_2015,"PRESS RELEASE IMPERIAL BANK LIMITED (IN RECEIVERSHIP) Over the last few weeks since the closure of Imperial Bank Limited (IBL) on October 13, 2015, the Central Bank of Kenya (CBK) has been working with Imperial Banks stakeholders with the objective of reopening the bank and resumption of normal activities for its customers as soon as possible. This effort continues and, in particular, the CBK and the Kenya Deposit Insurance Corporation (KDIC) have been in regular contact with IBLs shareholders on a proposal that will enable the prompt reopening of the bank. The proposal includes an injection of new capital by shareholders, the conversion of a percentage of large deposits to equity, and recovery and collateralization of fraudulent loans. The CBK notes with concern the delay by shareholders to provide adequate assurances for the implementation of this proposal, and urges a quick resolution of this matter. In the meantime, the CBK has also been closely monitoring the financial markets, with a view to ensuring stable conditions and that the market has adequate liquidity. The CBK reiterates that it stands behind the banking system and will do whatever is necessary to ensure its continued stability. The CBK is also aware of misleading letters that were sent to some depositors requesting their authorization to convert their deposits to equity in the bank. These letters are fraudulent and all communications about the bank will be made only by the CBK or KDIC. CENTRAL BANK OF KENYA November 13, 2015",Press Release,https://www.centralbank.go.ke//images/docs/speeches/2015/Press_Release_-_Imperial_Bank_Limited_-_November_13_2015.pdf
,247194245_Choice Mfb  Press Release,"PRESS RELEASE ACQUISITION OF CHOICE MICROFINANCE BANK LIMITED BY WAKANDA NETWORK LIMITED The Central Bank of Kenya (CBK) announces the acquisition of 85 percent shareholding of Choice Microfinance Bank Limited (Choice MFB) by Wakanda Network Limited (Wakanda) effective October 22, 2021. This follows CBKs approval on September 21, 2021, under Section 19 (4) of the Microfinance Act and approval by the Cabinet Secretary for the National Treasury and Planning on October 5, 2021, pursuant to Section 19(3)(b) of the Microfinance Act. Wakanda was incorporated in the United Kingdom on February 26, 2020, and is wholly owned by Mr. Robin Duan Wei. Mr. Wei is a successful Chinese entrepreneur, having founded Mobvista Inc., a digital advertising company listed at the Hong Kong Exchange and Clearing Limited with a market capitalization of USD 11.7 billion as at August 31, 2021. Choice MFB was granted a licence by CBK on May 13, 2015, to carry out community microfinance banking business within Kajiado County. The MFB has its Head Office and one branch both located in Ongata Rongai Town, Kajiado County. It is categorised as a small microfinance bank with a market share of below 1 percent of the microfinance banking sector as at October 31, 2021. Since the first MFB became operational in 2009, the Kenyan financial sector landscape has transformed significantly. This has been underpinned by advances in technology, innovation and customers drive towards Anytime Anywhere services. In response to this changing terrain, CBK has been working with MFBs to transform their operations. All MFBs formulated transformation plans in 2020, to adapt to the New Normal. These plans are anchored on review of business models to be customer centric, leveraging on technology and innovation, and strengthening capital and liquidity buffers. CBK welcomes this transaction that is a critical component of Choice MFBs transformation plan. It will strengthen Choice MFB and support the stability of the microfinance banking sector. CENTRAL BANK OF KENYA December 14, 2021",Press Release,https://www.centralbank.go.ke/uploads/press_releases/247194245_Choice MFB- Press Release.pdf
,1260490177_Press Release   Cbk Wins Global Banknote Award,"PRESS RELEASE CBK WINS GLOBAL BANKNOTE AWARD The Central Bank of Kenya has been awarded the Best New Series of banknotes at the High Security Printing - Europe, Middle East and Africa (HSP-EMEA) Conference. The award recognised CBKs release of a new banknote series in August 2024. The citation took note of the enhanced security features, stating The full series comprises KES 1,000, 500, 200, 100 and 50 banknotes, with the same design as the notes they replace but with enhanced security in the form of Louisenthals RollingStar i thread on each of the denominations. The three higher denominations  the KES 1000, 500 and 200  utilise the ZigZag dynamic movement effect, while the two lower denominations  the KES 100 and 50  utilise the Crystal effect. Additionally, the banknotes feature the use of iridescent bands with UV for each of the denominations, while dual colour fluorescence is also maintained as a secondary level security element against counterfeiting. The Governor of the Central Bank of Kenya, Dr. Kamau Thugge, said The award puts the Kenyan series of banknotes at the forefront of being appealing, secure and of world class status. They utilise the latest technology to mitigate against counterfeiting, giving citizens assurance on the security of their currency. The award event was held on 4th February 2025 in Basel, Switzerland, and brought together security document players who focused on government-specified and issued documents, including currency, fiduciary documents, excise stamps, ID cards, e- passports, visas, vehicle documents and licences. CBK announced the release of the new series in August 2024, starting with the KES 1,000 note, and continuing with the KES 500, 200, 100, and 50 banknotes. The new series has been circulating alongside the 2019 series of banknotes. CENTRAL BANK OF KENYA February 11, 2025",Press Release,https://www.centralbank.go.ke/uploads/press_releases/1260490177_Press Release - CBK Wins Global Banknote Award.pdf
,1985544394_Press Release   Issuance Of Discussion Paper On On Central Bank Digital Currency For Public Comments,"PRESS RELEASE ISSUANCE OF DISCUSSION PAPER ON CENTRAL BANK DIGITAL CURRENCY FOR PUBLIC COMMENTS The Central Bank of Kenya (CBK) announces the issuance of a Discussion Paper on Central Bank Digital Currency for public comments. The Discussion Paper examines the applicability of a potential Central Bank Digital Currency (CBDC) in Kenya. It is part of CBKs initiatives to ensure informed policy decisions regarding innovations. The Discussion Paper invites comments from the public to be considered when assessing the potential use case for CBDC in Kenya. Rapid technological innovations and developments are accelerating the pace of digitalization. New digital payment methods have emerged to facilitate transactions, including CBDC, issued by central banks to serve as money in a digital form. Naturally, the balance of risks and benefits of CBDCs will vary from one economy to another. CBK has been closely monitoring these developments globally. Accordingly, CBK has prepared the Discussion Paper that outlines the evolution of payments globally and in Kenya and discusses recent digital payment methods including electronic money, CBDC, stable coins and other cryptocurrencies. It outlines Kenyas payment landscape and assesses the potential applicability of CBDC. Further, it highlights the potential opportunities and risks presented by CBDC. To comprehensively evaluate the potential applicability of CBDC in Kenya, CBK requests for public comments on a number of questions. The written submissions or representations may be forwarded to the Director, Bank Supervision, P.O. Box 60000- 00200, Nairobi hand-delivered to the Central Bank of Kenya Headquarters, Haile Selassie Avenue, Nairobi emailed to fincentralbank.go.ke or submitted here to be received not later than Friday, May 20, 2022 at 5.00 p.m. CENTRAL BANK OF KENYA February 10, 2022",Press Release,https://www.centralbank.go.ke/uploads/press_releases/1985544394_Press Release - Issuance of Discussion Paper on on Central Bank Digital Currency for Public Comments.pdf
,834385295_Public Notice   Banking Licence Fees,"Ksh (cid31)(cid30)(cid29)(cid28)(cid27)(cid26)(cid25)(cid24)(cid23)(cid22)(cid27)(cid26)(cid21) ISSUANCE OF A CONSULTATIVE PAPER ON THE PROPOSED REVIEW OF LICENCE FEES FOR COMMERCIAL BANKS IN KENYA The Central Bank of Kenya (CBK) has released a Consultative paper (httpswww.centralbank.go.ke2025031011137) on the proposed review of commercial bank licence fees for public consultation. The paper proposes to update the current commercial bank licence fee structure that has been in place for over thirty (30) years. Additionally, it proposes a framework that is aligned with international standards and modern banking dynamics. This is aimed at covering the increasing supervisory and regulatory costs arising from the growing complexity of supervision including consolidated and cross-border supervision. The Consultative paper also discusses various methodologies adopted by Domestic Regulators and selected international jurisdictions in assessing licence fees and proposes the adoption of Gross Annual Revenue methodology with a 1 percent fee rate, prorated over a period of three years. In line with constitutional and statutory requirements for public participation, the Consultative paper and proposed Regulations are available on CBKs website (httpswww.centralbank.go.ke) for access by the public for review and comments. In this regard, CBK requests all interested stakeholders to share their comments on the document and provide further inputs to this consultation within 21 days from this communication. We would appreciate receiving your comments or feedback on or before March 31, 2025, via e-mail to fincentralbank.go.ke with the subject COMMENTS  PROPOSED REVIEW OF LICENCE FEES FOR COMMERCIAL BANKS IN KENYA. CENTRAL BANK OF KENYA MARCH 10, 2025",Press Release,https://www.centralbank.go.ke/uploads/press_releases/834385295_Public Notice - Banking Licence Fees.pdf
,654252239_Press Release   Chase Bank Limited Eoi,"PRESS RELEASE COMMENCEMENT OF PROCESS FOR AN INVESTOR TO TAKE AN EQUITY INTEREST IN CHASE BANK (KENYA) LIMITED (IN RECEIVERSHIP) The Central Bank of Kenya (CBK) together with the Kenya Deposit Insurance Corporation (KDIC) is inviting investors to present an initial Expression of Interest (EOI) to take an equity interest in Chase Bank (Kenya) Limited (In Receivership) (CBL or the Bank). CBK and KDIC, the appointed Receiver, are executing their mandates in this matter in accordance with the Laws of Kenya. Chase Bank (Kenya) Limited was a rapidly developing commercial bank, operating through 62 branches. CBK placed Chase Bank (Kenya) Limited into receivership on April 7, 2016. The Bank re-opened with reduced activities on April 27, 2016, managed by KCB Bank Kenya Limited. The Bank has continued to operate and grow deposits from the date of receivership. This announcement commences a formal process of selecting a preferred investor for the Bank, which it is hoped may be concluded within the next six months. Following the receipt and evaluation of EOIs, a shortlist of qualifying investors (Shortlisted Investors) will be granted access to a comprehensive confidential data room to develop a formal proposal to acquire Chase Bank (Kenya) Limited. The Shortlisted Investors will be determined in a fair process using appropriate and objective criteria based on, inter alia, regulatory imperatives and prudential guidelines which will ensure a speedy and optimal recovery for depositors, creditors and other stakeholders of Chase Bank (Kenya) Limited, whilst also mindful of seeking to preserve and develop a sound and innovative banking system in Kenya. EOIs must be received before 5.00 p.m. (East Africa Time) on April 21, 2017. Interested investors are referred to the EOI which can be located at chasebankkenya.co.ke, depositinsurance.go.ke, or at centralbank.go.ke. CENTRAL BANK OF KENYA March 30, 2017",Press Release,https://www.centralbank.go.ke/uploads/press_releases/654252239_Press Release - Chase Bank Limited EOI.pdf
,824426634_Press Release   President Ruto Officially Opens National Police Leadership Academy,"PRESS RELEASE H.E. PRESIDENT WILLIAM RUTO OFFICIALLY OPENS NATIONAL POLICE LEADERSHIP ACADEMY His Excellency President William Ruto has today officially opened the National Police Leadership Academy in Ngong, Kajiado County. The President also witnessed the handing over of the Academy by the Central Bank of Kenya (CBK) to the National Police Service (NPS). The Academy will provide the NPS with modern facilities for the training of its senior leadership. At the opening ceremony, CBK Governor Dr. Patrick Njoroge said We are proud that the project brought together Kenyan expertise and material was sourced locally. You will be pleased to know that the local content of the project was 85 percent For instance, 25 percent of the project cost was labor, all local, and local materials constituted 80 percent of material cost. Additionally, of the local materials, about 60 percent was sourced from Kajiado County. And saving the best for last, the professionals representing the contractors and consultants on the site were mostly under 35 years of age. CBK supported the development of this project through a Memorandum of Understanding with the NPS. CENTRAL BANK OF KENYA December 21, 2022 The National Police Leadership Academy The National Police Leadership Academy has world class facilities. These include  A modern Administration Block Reception Area o Offices o Boardroom o  Adequate accommodation for 220 persons Hostel Block comprising 200 self-contained rooms. o Senior Officers Accommodation Block comprising 20 self-contained rooms. o All rooms are complete with shower, WC and wash hand basin. o  Classrooms and Lecture rooms Four classrooms with a capacity of 30 people each o A large lecture room with a capacity of 90 people. o Also provided is a computer room with all the required IT connections o Library o  Auditorium Auditorium with a seating capacity of 400, and state-of-the-art audio visuals and o sound room. Executive wing comprising a boardroom with executive washrooms o Two executive lounges o  Kitchen and Dining facilities Modern, fully equipped kitchen, with outdoor gas tank area o Large dining hall with seating for 140 o Outdoor diningseating area that can accommodate another 140 people o Two executive dining halls with seating for 32 persons each o Recreation area with indoor games. o  Sports and recreational facilities An international size football field with a running track o Two tennis courts o Two volleyball courts o Two basketball courts o A fully equipped gym and aerobics space o Adequate changing rooms o Future provision for a swimming pool o An infirmary has been included next to the gym and sports areas o  Workshop and Horse Stables Car workshop complete with service pits. o Horse stables that can accommodate 20 horses o  Fuel Station Fuel station complete with underground tanks for both diesel and petrol, each of o 10,000 litres  Police Station and Canteen Police station complete with offices, exhibits room, armoury and washrooms. o Five jail cells, two interrogation rooms, and their washroom facilities. o Police canteen with a dining area, kitchen, shop and cyber cafe and washrooms. o  Apartments 12 sizeable two-bedroom apartments. o  Water Tanks Two underground water tanks with total capacity of 220,000 litres. o Borehole. o Provision for rain water harvesting. o Roof water tanks in the buildings. o  Wastewater Treatment Two sewage treatment plants. The recycled water from these plants can be used for o landscape works.  Energy Solar energy for outdoor lighting, and for heating of water in the Hostels, Apartments o and Kitchen. 700 KVA backup generator, and transformer room. o  Landscaping Landscaping inclusive of 250 no. trees with emphasis on indigenous trees suitable for o the environment.  Security Perimeter wall with electric fencing and CCTV cameras. o Adequate guard houses at various entry points to the complex. o  Parking On-site parking for 100 cars, as well as provision for parking for lorries and buses o too.",Press Release,https://www.centralbank.go.ke/uploads/press_releases/824426634_Press Release - President Ruto Officially Opens National Police Leadership Academy.pdf
,574467110_Cbk Board Chairman Named Senior Counsel,"PRESS RELEASE CBK BOARD CHAIRMAN NAMED SENIOR COUNSEL The Central Bank of Kenya (CBK) family congratulates CBK Board Chairman Mohammed Nyaoga on the conferment of the rank of Senior Counsel by H.E. President Uhuru Kenyatta on July 20, 2020. The conferment of rank is in recognition of the Chairmans distinction and exemplary service in the legal sector and public service, as well as contribution to law and development. We look forward to Mr. Nyaogas continuing leadership and service to CBK and the nation. CENTRAL BANK OF KENYA July 21, 2020",Press Release,https://www.centralbank.go.ke/uploads/press_releases/574467110_CBK Board Chairman Named Senior Counsel.pdf
,,CBK Reports  Financial Statements The CBK annual reports and CBK annual financial statements are released every year by the Central Bank of Kenya and provide a brief summary of a range of economic and financial indicators. The publication features analysis and commentary on selected economic and financial indicators relating to the Kenyan economy. The Review also contains informative articles addressing current economic issues and indicators and discusses the performance of various elements of the Kenyan economy. CBK Annual Reports CBK Annual Financial Statements CBK Annual Reports Title Title 2025 Annual Report 2024 Annual Report 2023 Annual Report 2022 Annual Report 2021 Annual Report 2020 Annual Report 2019 Annual Report 2018 Annual Report 2017 Annual Report 2016 Annual Report 2015 Annual Report 2014 Annual Report 2013 Annual Report 2012 Annual Report 2011 Annual Report 2010 Annual Report 2009 Annual Report Revised 2008 Annual Report 2007 Annual Report 2006 Annual Report 2005 Annual Report 2004 Annual Report 2003 Annual Report 2003 Annual Report 2002 Annual Report 2002 Annual Report 2001 Annual Report 2000 Annual Report 1999 Annual Report 1998 Annual Report 1997 Annual Report 1996 Annual Report 1995 Annual Report 1994 Annual Report 1993 Annual Report 1991 Annual Report 1990 Annual Report 1992 Annual Report CBK Annual Financial Statements Title Title 2017-2018 Annual Financial Statement 2016-2017 Annual Financial Statement 2015-2016 Annual Financial Statement 2014-2015 Annual Financial Statement 2013 Annual Financial Statement 2012 Annual Financial Statement 2011 Annual Financial Statement 2010 Annual Financial Statement 2009 Annual Financial Statement 2008 Annual Financial Statement 2007 Annual Financial Statement 2006 Annual Financial Statement 2005 Annual Financial Statement 2004 Annual Financial Statement QuickLinks Forex Tenders Invest News Multimedia Press Releases Careers Cost of Credit Website MPC Press Briefing i-Supplier Portal Auction Results Treasury Bills Treasury Bonds,MPC Statement,https://www.centralbank.go.ke/reports/cbk-reports-and-financial-statements/
,,"Monetary Policy Monetary policy consists of decisions and actions taken by the Central Bank to ensure that the supply of money in the economy is consistent with growth and price objectives set by the government. The objective of monetary policy is to maintain price stability in the economy. Price stability refers to maintenance of a low and stable inflation. Overview The Central Bank of Kenyas principal objective is formulation and implementation of monetary policy directed to achieving and maintaining stability in the general level of prices. The aim is to achieve stable prices, measured by a low and stable inflation, and to sustain the value of the Kenya shilling. The Central Bank of Kenya Act Sections 4 and 5 provides that the Cabinet Secretary for the National Treasury shall, by notice in writing to the Bank, provide the price stability target of the Government at least in every period of 12 months. The target is provided at the beginning of the financial year. Price Stability and Economic Growth The Central Banks monetary policy decisions are made to maintain a low and stable inflation rate over time, which is an indication of price stability. Inflation is a general increase in price levels over time. It is based on the prices of various consumer goods and services, which are evaluated and statistically represented in the Consumer Price Index (CPI). The month-on-month (or year-on-year) inflation rate is determined by comparing the CPI for a particular month to the CPI of that same month in the previous year. Inflation is caused by numerous factors, both locally and internationally. For example, during periods of drought or excessive rain, the prices of food could increase, leading to an increase in the inflation rate. International factors like increases or decreases in oil prices can also lead to changes in inflation reflecting movements in energy and transport costs. Depreciation in the exchange rate against the major currencies can also cause inflation since Kenya is a net importer of goods. Inflation can also be caused by factors that influence the demand for goods and services, like the amount of money ordinary people have available to spend. High levels of inflation inhibit economic growth and cause the Kenya Shilling to lose value compared to international currencies, thereby discouraging the purchase of Kenyan goods and services. It also makes it difficult for people to make long-term financial decisions, as they cannot be sure about the future value of their investments and savings. If there is a general decrease of prices over time due to a collapse in demand or increased supply of goods and services, then there is deflation. Deflation inhibits economic growth by reducing profit and lowering investor incentives. Inflation As is the case the world over, a central bank exists in a country to safeguard the value of its currency in terms of what it can purchase. When prices of goods and services in an economy keep on rising, the value of these goods and services that the currency can purchase  or exchange for  diminishes. This leads to loss in value of the currency. Monetary policy is the main tool used in safeguarding the value of the currency in an economy. It involves the control of liquidity circulating in an economy to levels consistent with growth and price objectives set by the government. The volume of liquidity in circulation influences the levels of interest rates, and thus the relative value of the local currency against other currencies. It is the responsibility of the Monetary Policy Committee to formulate the monetary policy of the Central Bank of Kenya. Maintaining price stability is crucial for a proper functioning of a market-based economy. It encourages long-term investments and stability in the economy. Low and stable inflation refers to a price level that does not adversely affect the decisions of consumers and producers. Price stability is a precondition for achieving a wider economic goal of a strong and sustainable growth and employment. High rates of inflation lead to inefficiency in a market economy and, in the medium to longer term, to a lower rate of economic growth. Movements in the general price level are influenced by the amount of money in circulation and productivity of the various economic sectors. The Central Bank of Kenya regulates the growth of money stock that is consistent with a predetermined economic growth target as specified by the Government and outlined in its Monetary Policy Statements. Monetary Policy Decisions and Instruments Monetary policy is guided by a monetary programme, which is premised on the economic growth and inflation targets provided by the National Treasury. Monetary policy decisions are made by the Monetary Policy Committee (MPC). The MPC meets at least once every two months and reviews data and analysis from various sources including the Central Bank Departments enabling it to decide on any action to maintain or vary its stance. Monetary Policy Committee Role and Legal Status The Monetary Policy Committee is the organ of the Central Bank of Kenya responsible for formulating monetary policy. The Committee was formed vide Gazette Notice 3771 on April 30, 2008, replacing the hitherto Monetary Policy Advisory Committee (MPAC) Membership The membership of the MPC is as follows The Governor, who is the chairman. The Deputy Governor. Two members appointed by the Governor from the Bank, one being a person with executive responsibility within the Bank for monetary policy analysis (Director of Research Department) and the other being a person with responsibility within the Bank for monetary policy operations (External Payments and Reserves Management). Four external members who have knowledge, experience and expertise in matters relating to finance, banking and fiscal and monetary policy, who are appointed by the Cabinet Secretary for the National Treasury. The Principal Secretary, National Treasury, or his designated alternate as representing the National Treasury. The National Treasury representative is a non-voting member of the committee. Each external member of the Committee serves for a term of three years, which is renewable once. MPC Meetings The Chairman of the MPC convenes a meeting of the Committee at least once every two months and will convene an additional meeting if requested in writing by at least four members. The quorum for meetings of the Committee is five members, one of whom must be the Chairman or Vice-Chairman. The decisions of the Committee in these meetings are communicated to the public through press releases from the Chairman. Statutory Requirements At least once every six months the Committee prepares and submits a report to the Cabinet Secretary for the National Treasury with respect to its activities. The Minister presents the Report to the National Assembly. In addition, the MPC is responsible for preparation of the bi-annual Monetary Policy Statement of the Bank. The Committee is supported by a Secretariat, responsible for the information flow between itself and the rest of the Departments of the Bank. The daily monetary policy activities are undertaken by the Monetary Policy Management Committee, which meets at least three times a week. The Central Bank has several tools that it can use to counter changes in the market and influence price stability Reserve Requirements Discount Window Operations Open Market Operations Commercial banks in Kenya are required by law to keep a specified proportion of their total deposits at the Central Bank. This proportion of deposits is called the Cash Reserve Ratio (CRR), and when the Central Bank needs to significantly adjust the amount of money in the market, it can increase or decrease the ratio. The CRR deposits are held in the CBK at no interest. The CRR is currently set at 3.25 percent of the total of a banks domestic and foreign currency deposit liabilities. To facilitate commercial banks liquidity management, commercial banks are currently required to maintain their CRR based on a daily average level from the 15th of the previous month to the 14th of the current month and not to fall below a CRR of 2 percent on any day. The CBK, as lender of last resort, provides secured loans to commercial banks on an overnight basis at a penal rate that is over the CBR. This facility is referred to as the Discount Window or Standing Facility. The penal rate restrict banks to seek funding in the market only resorting to Central Bank funds as a last solution. The CBK does not have automatic standing facilities with respect to overnight lending. Access to the Window is governed by rules and guidelines which are reviewed from time to time by the CBK. Banks making use of this facility more than twice in a week are scrutinised closely, and supervisory action taken Open Market Operations (OMO) refers to actions by the CBK involving purchases and sales of eligible Government securities to regulate the money supply and the credit conditions in the economy. OMO can also be used to stabilise short-term interest rates. When the Central Bank buys securities on the open market, it increases the reserves of commercial banks, making it possible for them to expand their loans and hence increase the money supply. Specifically the Central Bank conducts open market operations using Repurchase Agreements (Repos) which entail the sale of eligible Government securities by the CBK to commercial banks through an auction system to reduce the level of commercial banks deposits held at CBK. Repos thus reduce the commercial banks capacity to make loans and advances to customers. The Central Bank undertakes to repurchase the security after three or seven days depending on the mutual agreement. The Late Repo, sold in the afternoon, has a 4-day tenor and is issued at an interest rate 100 basis points below the Repo on that day. When a weekend or public holiday coincide with the maturity date of the Repo, the tenor is extended to the next working day. Reverse Repos are purchases by CBK of eligible Government securities from commercial banks. They enhance the liquidity of the money market during periods of tighter than desired liquidity level thereby dampening upward pressure on interest rate. The current tenors for Reverse Repos are 7, 14, 21, and 28 days. Term Auction Deposit (TAD) is used when the securities held by the CBK for Repo purposes are exhausted or when CBK considers it desirable to offer longer tenor options. The CBK seeks to acquire deposits through a transfer agreement from commercial banks at an auction price but with no exchange of security guarantee. Currently, the tenors for such deposits at CBK are 14, 21, or 28 day periods. At maturity, the proceeds revert to the respective commercial banks. Horizontal Repos are modes of improving liquidity distribution between commercial banks under CBK supervision. They are transacted between commercial banks on the basis of signed agreements using government securities as collateral, and have negotiated tenors and yields. Horizontal Repos help banks overcome the problem of limits to lines of credit, thus promoting more efficient management of interbank liquidity. Other Monetary Policy Tools Central Bank Rate (CBR) The CBR is reviewed and announced by the Monetary Policy Committee (MPC) at least every two months. Movements in the CBR, both in direction and magnitude, signal the monetary policy stance. In order to enhance clarity and certainty in monetary policy implementation, the CBR is the base for all monetary policy operations. Whenever the Central Bank is injecting liquidity through a Reverse Repo, the CBR is the lowest acceptable rate by law. Likewise, whenever the Bank wishes to withdraw liquidity through a Vertical Repo, the CBR is the highest rate that the CBK will pay on any bid received. However, to ensure flexibility and effectiveness of monetary policy operations in periods of volatility in the market, the CBK can raise the maximum acceptable interest rates on Term Auction Deposit to above the CBR. Movements in the CBR are transmitted to changes in short-term interest rates. A reduction of the CBR signals an easing of monetary policy and a desire for market interest rates to move downwards. Lower interest rates encourage economic activity and thus growth. When interest rates decline, the quantity of credit demanded should increase. Foreign Exchange Market Operations The CBK can also inject or withdraw liquidity from the banking system by engaging in foreign exchange transactions. A sale of foreign exchange to banks withdraws liquidity from the system while the purchase of foreign exchange injects liquidity into the system. Participation by the CBK in the foreign exchange market is usually motivated by the need to acquire foreign exchange to service official debt, and to build-up its foreign exchange reserves in line with the statutory requirement. The CBK uses its best endeavours to maintain foreign reserves equivalent to four months imports as recorded and averaged for the last three preceding years. The CBK does not participate in the foreign exchange market to defend a particular value of the Kenya shilling but may intervene in the exchange market to stabilise the market in the event of excess volatility. Monetary Policy decisions impact all other core functions of bank, and these decisions are implemented through Financial Markets Search for Daily KES Exchange Rates US DOLLAR 129.02 STG POUND 176.48 EURO 152.21 More... Posted On 04-02-2026 Key Rates Central Bank Rate 9.00% 09122025 KESONIA 8.9941% 03022026 CBK Discount Window 9.75% 09122025 91-Day T-Bill 7.633% 02022026 REPO 9.25% 15102025 Inflation Rate 4.49% December,2025 Lending Rate 14.88% November,2025 Savings Rate 3.67% November,2025 Deposit Rate 7.28% November,2025 KBRR 8.9% 27062016 QuickLinks Forex Tenders Invest News Multimedia Press Releases Careers Cost of Credit Website MPC Press Briefing i-Supplier Portal Research Books Journal Articles Working Papers Discussion Papers Auction Results Treasury Bills Treasury Bonds Recent News Next MPC Meeting Agriculture Sector Survey of November 2025 Market Perceptions Survey of November 2025 CEOs Survey of November 2025",Monetary Policy Statement,https://www.centralbank.go.ke/monetary-policy/
,,"Monetary Policy Reports Monetary Policy Reports The Bi-Annual Report is prepared by members of the Monetary Policy Committee every six months and submitted to the Minister for Finance, who presents it to the National Assembly. The report outlines the activities of the Committee in the preceding six months. Monetary Policy Statements The Monetary Policy Committee of the Central Bank prepares the Monetary Policy Statement for the next twelve months, specifying the policies and the means by which the Bank intends to achieve the policy targets, the reasons for adopting such policies and means, and a review and assessment of the progress of the implementation by the Bank of monetary policy during the period to which the preceding policy statement relates. The Statement is forwarded to the Minister for Finance who lays it before the appropriate committee of the National Assembly not later than the end of the subsequent session of Parliament after the statement is so submitted. Every Monetary Policy Statement of the Bank is also published in the official Government paper, the Kenya Gazette. Market Perception Survey The Monetary Policy Committee (MPC) conducts market perception surveys every two months to obtain feedback on  The performance of the economy.  Perceptions by the private sector on access to credit from commercial banks.  Response by the private sector to Monetary Policy Committee decisions. The results of the survey, which are aggregated without any regard to institutional or individual identity, inform the MPC on the appropriate economic and financial policy options to be explored. Furthermore, all information is treated with utmost confidentiality. Monetary Policy Reports Monetary Policy Statements MPC Surveys Monetary Policy Reports Title Title 30th Monetary Policy Committee Report, April 2023 31st Monetary Policy Committee Report, October 2023 32nd Monetary Policy Committee Report, April 2024 33rd Monetary Policy Committee Report, October 2024 34th Monetary Policy Committee Report, April 2025 35th Monetary Policy Committee Report, October 2025 29th Monetary Policy Committee Report, October 2022 28th Monetary Policy Committee Report, April 2022 27th Monetary Policy Committee Report, October 2021 26th Monetary Policy Committee Report, April 2021 25th Monetary Policy Committee Report, October 2020 24th Monetary Policy Committee Report, April 2020 23rd Monetary Policy Committee Report, October 2019 22nd Monetary Policy Committee Report, April 2019 21st Monetary Policy Committee Report, October 2018 20th Monetary Policy Committee Report, April 2018 19th Monetary Policy Committee Report, October 2017 18th Monetary Policy Committee Report, April 2017 17th Monetary Policy Committee Report, October 2016 16th Monetary Policy Committee Report, April 2016 15th Monetary Policy Committee Report, October 2015 14th Monetary Policy Committee Report, April 2015 13th Monetary Policy Committee Report, October 2014 12th Monetary Policy Committee Report, April 2014 11th Monetary Policy Committee Report, October 2013 10th Monetary Policy Committee Report, April 2013 9th Monetary Policy Committee Report, October 2012 8th Monetary Policy Committee Report, April 2012 7th Monetary Policy Committee Report, October 2011 6th Monetary Policy Committee Report, April 2011 5th Monetary Policy Committee Report, October 2010 4th Monetary Policy Committee Report, April 2010 3rd Monetary Policy Committee Report, October 2009 2nd Monetary Policy Committee Report, April 2009 1st Monetary Policy Committee Report, October 2008 Monetary Policy Statements Title Title 52nd Monetary Policy Statement, June 2023 53rd Monetary Policy Statement, December 2023 54th Monetary Policy Statement, June 2024 55th Monetary Policy Statement, December 2024 56th Monetary Policy Statement, June 2025 51st Monetary Policy Statement, December 2022 50th Monetary Policy Statement, June 2022 49th Monetary Policy Statement, December 2021 48th Monetary Policy Statement, June 2021 47th Monetary Policy Statement, December 2020 46th Monetary Policy Statement, June 2020 45th Monetary Policy Statement, December 2019 44th Monetary Policy Statement, June 2019 43rd Monetary Policy Statement, December 2018 42nd Monetary Policy Statement, June 2018 41st Monetary Policy Statement, December 2017 40th Monetary Policy Statement, June 2017 39th Monetary Policy Statement, December 2016 38th Monetary Policy Statement, June 2016 37th Monetary Policy Statement, December 2015 36th Monetary Policy Statement, June2015 35th Monetary Policy Statement, December 2014 34th Monetary Policy Statement, June 2014 33rd Monetary Policy Statement, December2013 32nd Monetary Policy Statement, June 2013 31st Monetary Policy Statement, December 2012 30th Monetary Policy Statement, June 2012 29th Monetary Policy Statement, December 2011 28th Monetary Policy Statement, June 2011 27th Monetary Policy Statement, December 2010 26th Monetary Policy Statement, June 2010 25th Monetary Policy Statement, December 2009 24th Monetary Policy Statement, June 2009 23rd Monetary Policy Statement, December 2008 22nd Monetary Policy Statement, June 2008 21st Monetary Policy Statement, December 2008 20th Monetary Policy Statement, June 2007 19th Monetary Policy Statement, December 2006 18th Monetary Policy Statement, June 2007 17th Monetary Policy Statement, December 2005 16th Monetary Policy Statement, June 2006 15th Monetary Policy Statement, December 2004 14th Monetary Policy Statement, June 2004 13th Monetary Policy Statement, December 2003 12th Monetary Policy Statement, June 2003 11th Monetary Policy Statement, December 2002 10th Monetary Policy Statement, June 2002 9th Monetary Policy Statement, December 2001 8th Monetary Policy Statement, June 2001 7th Monetary Policy Statement, December 2000 6th Monetary Policy Statement, June 2000 5th Monetary Policy Statement, December 1999 3rd Monetary Policy Statement, December 1998 2nd Monetary Policy Statement, June 1998 1st Monetary Policy Statement, December 1997 Market Perception Surveys Title Title Agriculture Survey, March 2023 CEOs Survey, March 2023 Market Perception Survey, March 2023 CEOs Survey, January 2023 Market Perception Survey, January 2023 Agriculture Survey, January 2023 Market Perception Survey, November 2022 Agriculture Survey, November 2022 CEOs Survey, November 2022 MPC CEOs Survey, September 2022 MPC Market Perception Survey, September 2022 MPC Agriculture Survey, September 2022 MPC CEOs Survey, July 2022 MPC Market Perception Survey, July 2022 MPC Hotels Survey, July 2022 MPC Agriculture Survey, July 2022 MPC Market Perception Survey, May 2022 MPC Hotels Survey, May 2022 MPC CEOs Survey, May 2022 MPC Market Perception Survey, March 2022 MPC Hotels Survey, March 2022 MPC CEOs Survey, March 2022 MPC Market Perceptions Survey, January 2022 MPC Hotels Survey, January 2022 MPC CEOs Survey, January 2022 MPC Market Perceptions Survey, November 2021 MPC Hotels Survey, November 2021 MPC CEOs Survey, November 2021 MPC Market Perceptions Survey, September 2021 MPC Hotels Survey, September 2021 MPC CEOs Survey, September 2021 MPC CEOs Survey, July 2021 MPC Market Perceptions Survey, July 2021 MPC Hotels Survey, July 2021 MPC CEOs Survey, May 2021 MPC Hotels Survey, May 2021 MPC Market Perceptions Survey, May 2021 MPC Market Perceptions Survey, March 2021 MPC Hotels Survey, March 2021 MPC Flower Farms Survey, March 2021 MPC CEOs Survey, March 2021 MPC Hotels Survey, January 2021 MPC Flower Farms Survey, January 2021 MPC Market Perceptions Survey, January 2021 MPC Flower Farms Survey, November 2020 MPC Hotels Survey, November 2020 MPC Market Perceptions Survey, November 2020 MPC Market Perceptions Survey, September 2020 MPC Hotels Survey, September 2020 MPC Market Perceptions Survey, July 2020 MPC Market Perceptions Survey, June 2020 MPC Market Perceptions Survey, May 2020 MPC Market Perceptions Survey, April 2020 MPC Market Perceptions Survey, March 2020 MPC Market Perceptions Survey, January 2020 MPC Market Perceptions Survey, November 2019 MPC Market Perceptions Survey, September 2019 MPC Market Perceptions Survey, March 2019 MPC Market Perceptions Survey, January 2019 MPC Market Perceptions Survey, November 2018 MPC Market Perceptions Survey, September 2018 MPC Market Perceptions Survey, July 2018 MPC Market Perceptions Survey, May 2018 MPC Market Perceptions Survey, March 2018 Agriculture Survey, May 2023 Market Perception Survey, May 2023 CEOs Survey, May 2023 Agriculture Survey, July 2023 Market Perception Survey, July 2023 CEOs Survey, July 2023 CEOs Survey, November 2023 Market Perception Survey, November 2023 Market Perception Survey, September 2023 CEOs Survey, September 2023 Agriculture Survey, September 2023 Agriculture Survey, November 2023 Market Perception Survey, January 2024 Agriculture Survey, January 2024 CEOs Survey, January 2024 Market Perceptions Survey, May 2024 CEOs Survey, May 2024 Agriculture Survey, May 2024 Market Perception Survey, March 2024 CEOs Survey, March 2024 Agriculture Survey, March 2024 Market Perceptions Survey, July 2024 Agriculture Survey, July 2024 CEOs Survey, July 2024 Agriculture Survey September 2024 CEOs Survey, September 2024 Market Perception Survey, September 2024 CEOs Survey, November 2024 Agricultural Survey, November 2024 Market Perceptions Survey, November 2024 Market Perceptions Survey, January 2025 CEOs Survey, January 2025 Agriculture Survey, January 2025 Agriculture Survey, March 2025 CEOs Survey, March 2025 Market Perceptions Survey, March 2025 Market Perceptions Survey, May 2025 Agriculture Survey, May 2025 CEOs Survey, May 2025 Market Perception Survey, July 2025 CEOs Survey, July 2025 Agriculture Survey, July 2025 CEOs Survey, September 2025 Agriculture Survey, September 2025 Market Perceptions Survey, September 2025 Market Perceptions Survey, November 2025 CEOs Survey, November 2025 Agriculture Survey, November 2025 QuickLinks Forex Tenders Invest News Multimedia Press Releases Careers Cost of Credit Website MPC Press Briefing i-Supplier Portal Auction Results Treasury Bills Treasury Bonds",Monetary Policy Statement,https://www.centralbank.go.ke/reports/monetary-policy-reports/
,,Licensing Procedures Download the licensing procedures in PDF format using the links below Procedures for licensing Digital Credit Providers Commercial Bank Forex Bureaus Credit Reference Bureaus Microfinance Banks Procedures for grant of authority for Representive Offices in Kenya Steps in licensing Money Remittance Providers (MRPs) QuickLinks Forex Tenders Invest News Multimedia Press Releases Careers Cost of Credit Website MPC Press Briefing i-Supplier Portal Auction Results Treasury Bills Treasury Bonds,Monetary Policy Statement,https://www.centralbank.go.ke/policy-procedures/licensing-procedures/
