Date,Price,Open,High,Low,Vol.,Change %
2/6/2026,"1,679.60","1,681.46","1,693.47","1,678.78",286.52M,-0.11%
2/5/2026,"1,681.46","1,670.84","1,686.48","1,670.84",176.42M,0.64%
2/4/2026,"1,670.84","1,632.73","1,675.17","1,632.73",141.68M,2.33%
2/3/2026,"1,632.73","1,611.43","1,642.20","1,611.17",221.35M,1.32%
2/2/2026,"1,611.43","1,621.77","1,635.99","1,608.42",162.43M,-0.64%
1/30/2026,"1,621.77","1,634.46","1,643.55","1,621.57",116.79M,-0.78%
1/29/2026,"1,634.46","1,623.36","1,638.53","1,623.15",101.76M,0.68%
1/28/2026,"1,623.36","1,630.48","1,637.05","1,623.24",129.27M,-0.44%
1/27/2026,"1,630.48","1,632.31","1,644.32","1,629.06",105.37M,-0.11%
1/26/2026,"1,632.31","1,631.99","1,641.05","1,627.38",128.98M,0.02%
1/23/2026,"1,631.99","1,628.79","1,632.63","1,614.61",150.77M,0.31%
1/22/2026,"1,627.02","1,642.70","1,645.03","1,623.06",150.60M,-0.95%
1/21/2026,"1,642.70","1,647.09","1,649.98","1,640.78",161.21M,-0.27%
1/20/2026,"1,647.09","1,658.56","1,659.35","1,641.96",162.81M,-0.69%
1/19/2026,"1,658.56","1,653.90","1,664.77","1,652.53",151.25M,0.28%
1/16/2026,"1,653.90","1,647.60","1,656.76","1,647.60",138.71M,0.38%
1/15/2026,"1,647.60","1,634.85","1,651.80","1,634.85",241.99M,0.78%
1/14/2026,"1,634.85","1,633.99","1,652.26","1,633.99",132.38M,0.05%
1/13/2026,"1,633.99","1,612.49","1,634.98","1,612.49",167.57M,1.33%
1/12/2026,"1,612.49","1,598.77","1,612.49","1,598.77",256.08M,0.86%
1/9/2026,"1,598.77","1,600.84","1,606.30","1,596.39",105.54M,-0.13%
1/8/2026,"1,600.84","1,613.02","1,622.79","1,595.30",117.85M,-0.40%
1/7/2026,"1,607.26","1,623.22","1,629.89","1,604.80",127.09M,-0.98%
1/6/2026,"1,623.22","1,624.08","1,665.93","1,615.92",164.46M,-0.05%
1/5/2026,"1,624.08","1,551.09","1,627.59","1,551.09",166.03M,4.71%
1/2/2026,"1,551.09","1,515.85","1,551.09","1,511.77",66.35M,2.32%
12/31/2025,"1,515.85","1,494.92","1,516.66","1,475.57",234.68M,1.40%
12/30/2025,"1,494.92","1,504.52","1,508.88","1,490.15",582.89M,-0.48%
12/29/2025,"1,502.18","1,506.65","1,509.25","1,488.10",884.97M,-0.28%
12/24/2025,"1,506.45","1,480.91","1,509.37","1,480.91",152.18M,1.72%
12/23/2025,"1,480.91","1,462.91","1,482.37","1,462.91",225.46M,1.23%
12/22/2025,"1,462.91","1,464.76","1,478.06","1,462.91",111.12M,-0.04%
12/19/2025,"1,463.56","1,462.34","1,471.33","1,435.35",206.86M,0.08%
12/18/2025,"1,462.34","1,454.13","1,469.55","1,442.70",535.40M,0.56%
12/17/2025,"1,454.13","1,433.40","1,454.13","1,432.11",301.85M,1.48%
12/16/2025,"1,432.88","1,437.97","1,438.49","1,421.16",571.37M,-0.28%
12/15/2025,"1,436.97","1,424.34","1,437.49","1,416.93",271.26M,0.89%
12/12/2025,"1,424.34","1,432.07","1,432.07","1,417.96",210.70M,-0.54%
12/11/2025,"1,432.07","1,437.81","1,438.06","1,432.07",329.87M,-0.35%
12/10/2025,"1,437.03","1,438.68","1,448.18","1,434.33",245.53M,-0.11%
12/9/2025,"1,438.68","1,436.96","1,443.79","1,431.28",436.87M,-0.05%
12/8/2025,"1,439.47","1,426.04","1,446.67","1,426.04",268.97M,0.94%
12/5/2025,"1,426.04","1,413.10","1,427.32","1,409.04",194.82M,1.31%
12/4/2025,"1,407.64","1,394.95","1,409.85","1,390.80",149.36M,0.91%
12/3/2025,"1,394.95","1,385.97","1,394.95","1,383.89",224.90M,0.65%
12/2/2025,"1,385.97","1,383.34","1,388.77","1,378.15",456.18M,0.19%
12/1/2025,"1,383.34","1,381.81","1,383.74","1,377.67",320.74M,0.11%
11/28/2025,"1,381.81","1,380.37","1,387.74","1,378.83",189.63M,0.25%
11/27/2025,"1,378.34","1,377.42","1,390.01","1,376.26",151.71M,0.07%
11/26/2025,"1,377.42","1,388.46","1,394.99","1,375.66",461.81M,0.24%
11/25/2025,"1,374.07","1,368.93","1,374.07","1,364.52",361.58M,0.38%
11/24/2025,"1,368.93","1,372.60","1,372.81","1,362.10",452.55M,-0.27%
11/21/2025,"1,372.60","1,368.49","1,374.34","1,367.22",346.55M,0.28%
11/20/2025,"1,368.75","1,382.61","1,382.61","1,368.75",159.48M,-1.06%
11/19/2025,"1,383.41","1,399.45","1,399.45","1,383.41",575.02M,-1.22%
11/18/2025,"1,400.53","1,413.18","1,414.98","1,397.48",73.79M,-0.90%
11/17/2025,"1,413.18","1,427.02","1,427.02","1,409.26",87.66M,-1.01%
11/14/2025,"1,427.63","1,447.90","1,450.19","1,415.65",356.38M,-1.40%
11/13/2025,"1,447.90","1,414.10","1,456.08","1,413.68",327.33M,3.80%
11/12/2025,"1,394.83","1,320.77","1,398.92","1,320.77",367.60M,7.39%
11/11/2025,"1,298.86","1,400.75","1,400.75","1,281.97",303.41M,-7.27%
11/10/2025,"1,400.75","1,409.62","1,417.96","1,392.74",94.24M,-0.65%
11/7/2025,"1,409.88","1,423.61","1,423.61","1,405.99",187.44M,-0.88%
11/6/2025,"1,422.39","1,430.43","1,430.43","1,410.36",314.77M,-0.56%
11/5/2025,"1,430.43","1,439.39","1,442.80","1,427.12",209.34M,-0.19%
11/4/2025,"1,433.10","1,461.65","1,461.70","1,429.56",319.04M,-2.05%
11/3/2025,"1,463.14","1,466.38","1,468.54","1,456.89",311.00M,-0.22%
10/31/2025,"1,466.38","1,454.25","1,466.38","1,452.42",189.14M,0.83%
10/30/2025,"1,454.25","1,453.39","1,458.26","1,450.29",159.42M,0.06%
10/29/2025,"1,453.39","1,458.93","1,463.82","1,453.39",134.64M,-0.35%
10/28/2025,"1,458.51","1,468.25","1,474.86","1,453.70",207.67M,-0.66%
10/27/2025,"1,468.25","1,488.14","1,489.49","1,466.41",212.46M,-1.98%
10/24/2025,"1,497.95","1,506.35","1,506.35","1,496.49",909.62M,-0.56%
10/23/2025,"1,506.35","1,522.48","1,530.59","1,503.25",162.06M,-1.06%
10/22/2025,"1,522.48","1,528.85","1,531.49","1,522.27",307.17M,-0.42%
10/21/2025,"1,528.85","1,525.71","1,535.13","1,524.00",205.68M,0.21%
10/20/2025,"1,525.71","1,518.39","1,525.98","1,517.99",153.27M,0.48%
10/17/2025,"1,518.39","1,518.17","1,522.24","1,513.47",196.64M,0.01%
10/16/2025,"1,518.17","1,514.99","1,518.96","1,514.59",149.03M,0.21%
10/15/2025,"1,514.99","1,517.30","1,537.69","1,514.53",151.78M,-0.15%
10/14/2025,"1,517.30","1,523.52","1,525.73","1,515.36",148.75M,-0.37%
10/13/2025,"1,522.91","1,520.43","1,522.91","1,510.26",129.70M,0.16%
10/10/2025,"1,520.43","1,521.61","1,524.00","1,518.86",123.80M,-0.08%
10/9/2025,"1,521.61","1,517.71","1,522.27","1,514.88",96.12M,0.26%
10/8/2025,"1,517.71","1,516.97","1,519.58","1,512.32",138.69M,0.12%
10/7/2025,"1,515.91","1,536.38","1,538.31","1,515.52",106.83M,-1.33%
10/6/2025,"1,536.38","1,526.68","1,536.38","1,519.25",102.16M,0.64%
10/3/2025,"1,526.68","1,516.75","1,528.87","1,512.61",252.62M,0.65%
10/2/2025,"1,516.75","1,516.58","1,517.12","1,505.91",544.52M,0.17%
9/30/2025,"1,514.11","1,516.20","1,517.06","1,507.76",935.05M,-0.14%
9/29/2025,"1,516.20","1,509.04","1,516.45","1,504.16",127.18M,0.47%
9/26/2025,"1,509.04","1,506.15","1,521.49","1,505.07",203.97M,0.19%
9/25/2025,"1,506.15","1,490.99","1,506.41","1,488.67",157.52M,1.02%
9/24/2025,"1,490.99","1,476.18","1,491.40","1,472.55",258.06M,1.29%
9/23/2025,"1,472.03","1,487.53","1,487.58","1,454.77",360.21M,-1.04%
9/22/2025,"1,487.53","1,491.31","1,497.53","1,487.53",146.65M,-0.25%
9/19/2025,"1,491.31","1,515.27","1,515.27","1,473.06",201.95M,-1.93%
9/18/2025,"1,520.68","1,524.22","1,526.79","1,511.44",108.18M,-0.23%
9/17/2025,"1,524.22","1,526.70","1,529.06","1,511.94",348.88M,-0.16%
9/16/2025,"1,526.70","1,533.47","1,538.91","1,522.98",108.07M,-0.30%
9/15/2025,"1,531.30","1,533.93","1,537.10","1,530.37",119.77M,0.05%
9/12/2025,"1,530.61","1,515.86","1,530.61","1,515.86",98.97M,0.97%
9/11/2025,"1,515.86","1,506.31","1,516.14","1,506.31",108.68M,0.78%
9/10/2025,"1,504.10","1,503.92","1,506.04","1,498.49",419.86M,0.01%
9/9/2025,"1,503.92","1,497.46","1,507.94","1,497.26",318.13M,0.43%
9/8/2025,"1,497.46","1,505.37","1,513.07","1,491.95",583.17M,-0.53%
9/4/2025,"1,505.37","1,490.76","1,505.85","1,490.76",109.56M,0.98%
9/3/2025,"1,490.76","1,499.06","1,501.47","1,483.23",188.90M,-0.55%
9/2/2025,"1,499.06","1,511.47","1,526.31","1,497.48",135.95M,-0.82%
9/1/2025,"1,511.47","1,528.58","1,538.40","1,510.21",160.64M,-1.12%
8/29/2025,"1,528.58","1,541.99","1,553.71","1,522.62",122.58M,-0.88%
8/28/2025,"1,542.19","1,564.22","1,571.06","1,540.85",342.23M,-1.41%
8/27/2025,"1,564.22","1,576.16","1,576.16","1,564.13",229.59M,-0.76%
8/26/2025,"1,576.16","1,565.11","1,583.58","1,558.74",173.87M,0.73%
8/25/2025,"1,564.71","1,547.31","1,566.17","1,530.70",191.60M,1.12%
8/22/2025,"1,547.31","1,533.79","1,547.52","1,533.52",268.32M,0.83%
8/21/2025,"1,534.60","1,527.37","1,546.41","1,526.83",186.31M,0.47%
8/20/2025,"1,527.37","1,546.22","1,559.53","1,527.37",93.17M,-1.22%
8/19/2025,"1,546.22","1,578.79","1,578.79","1,543.46",148.06M,-2.06%
8/18/2025,"1,578.79","1,603.02","1,603.02","1,577.96",131.09M,-1.51%
8/15/2025,"1,603.02","1,592.06","1,603.02","1,591.14",136.31M,0.56%
8/14/2025,"1,594.14","1,601.89","1,605.29","1,594.14",150.25M,-0.48%
8/13/2025,"1,601.89","1,609.17","1,612.40","1,601.44",223.83M,-0.53%
8/12/2025,"1,610.42","1,613.90","1,614.15","1,606.92",246.00M,-0.22%
8/11/2025,"1,613.90","1,606.76","1,618.56","1,598.05",141.45M,0.44%
8/8/2025,"1,606.76","1,603.75","1,606.97","1,592.09",263.79M,0.19%
8/7/2025,"1,603.75","1,600.51","1,603.75","1,593.66",278.13M,0.20%
8/6/2025,"1,600.51","1,608.75","1,612.65","1,582.57",274.09M,-0.36%
8/5/2025,"1,606.32","1,620.27","1,625.83","1,606.25",254.13M,-0.86%
8/4/2025,"1,620.27","1,618.91","1,638.15","1,612.52",255.30M,0.08%
8/1/2025,"1,618.91","1,610.53","1,632.37","1,610.53",518.96M,0.52%
7/31/2025,"1,610.53","1,613.66","1,620.11","1,610.12",362.89M,0.08%
7/30/2025,"1,609.31","1,578.63","1,613.48","1,576.36",306.25M,1.94%
7/29/2025,"1,578.63","1,553.53","1,583.91","1,550.62",292.77M,1.62%
7/28/2025,"1,553.53","1,563.41","1,569.75","1,553.53",296.77M,-0.69%
7/25/2025,"1,564.26","1,556.40","1,571.03","1,548.98",178.71M,0.59%
7/24/2025,"1,555.10","1,538.88","1,555.10","1,537.75",223.49M,1.05%
7/23/2025,"1,538.88","1,532.14","1,538.88","1,527.27",192.69M,0.44%
7/22/2025,"1,532.14","1,529.77","1,570.34","1,525.95",293.38M,0.12%
7/21/2025,"1,530.31","1,536.06","1,539.37","1,515.30",208.20M,-0.37%
7/18/2025,"1,536.06","1,560.06","1,566.70","1,532.72",1.61B,-1.08%
7/17/2025,"1,552.86","1,594.15","1,616.04","1,544.33",509.33M,-2.34%
7/16/2025,"1,590.09","1,501.99","1,591.91","1,501.99",482.64M,7.05%
7/14/2025,"1,485.35","1,469.93","1,499.16","1,458.38",366.43M,1.88%
7/11/2025,"1,457.87","1,380.47","1,458.24","1,380.47",429.23M,5.61%
7/10/2025,"1,380.47","1,329.69","1,385.38","1,329.69",445.42M,3.86%
7/9/2025,"1,329.15","1,323.19","1,336.48","1,316.17",186.67M,0.45%
7/8/2025,"1,323.19","1,308.25","1,323.67","1,304.20",237.64M,1.14%
7/7/2025,"1,308.25","1,296.02","1,311.50","1,296.02",202.29M,0.94%
7/4/2025,"1,296.02","1,298.60","1,300.00","1,290.79",125.83M,-0.13%
7/3/2025,"1,297.72","1,281.21","1,303.07","1,281.21",193.71M,1.29%
7/2/2025,"1,281.21","1,278.83","1,283.89","1,271.00",174.46M,-15.20%
7/1/2025,"1,510.78","1,280.41","1,512.99","1,280.41",83.63M,17.99%
6/30/2025,"1,280.41","1,298.91","1,302.21","1,273.56",419.54M,-1.09%
6/27/2025,"1,294.48","1,304.56","1,310.17","1,290.35",156.21M,-0.77%
6/26/2025,"1,304.56","1,305.71","1,314.23","1,292.95",222.60M,-0.57%
6/25/2025,"1,312.05","1,281.76","1,312.48","1,281.05",260.67M,2.38%
6/24/2025,"1,281.55","1,271.20","1,283.46","1,266.53",244.25M,0.94%
6/23/2025,"1,269.62","1,261.74","1,270.20","1,254.43",281.73M,0.62%
6/20/2025,"1,261.74","1,241.32","1,261.74","1,232.31",162.05M,1.65%
6/19/2025,"1,241.32","1,206.39","1,244.08","1,204.02",220.63M,2.99%
6/18/2025,"1,205.27","1,167.35","1,211.03","1,167.35",318.13M,3.25%
6/17/2025,"1,167.35","1,170.86","1,179.49","1,150.20",471.65M,-0.20%
6/16/2025,"1,169.74","1,205.85","1,205.85","1,128.12",427.57M,-3.98%
6/13/2025,"1,218.17","1,215.70","1,225.91","1,215.59",208.33M,0.20%
6/11/2025,"1,215.70","1,221.51","1,228.04","1,210.29",193.84M,-0.48%
6/10/2025,"1,221.51","1,218.18","1,236.16","1,214.21",287.01M,0.27%
6/5/2025,"1,218.18","1,188.95","1,218.40","1,188.82",1.00B,2.46%
6/4/2025,"1,188.95","1,178.73","1,189.79","1,174.33",323.38M,0.87%
6/3/2025,"1,178.73","1,162.90","1,179.83","1,161.03",316.49M,1.36%
6/2/2025,"1,162.90","1,163.59","1,169.26","1,158.19",211.88M,-0.06%
5/30/2025,"1,163.59","1,167.79","1,169.08","1,163.16",1.58B,-0.36%
5/29/2025,"1,167.79","1,165.11","1,170.03","1,164.19",227.56M,0.30%
5/28/2025,"1,164.27","1,165.47","1,168.47","1,163.37",175.11M,-0.10%
5/27/2025,"1,165.47","1,155.80","1,165.70","1,155.80",143.97M,0.84%
5/26/2025,"1,155.80","1,155.98","1,165.52","1,153.04",156.93M,-0.02%
5/23/2025,"1,155.98","1,139.09","1,157.65","1,139.09",219.30M,1.48%
5/22/2025,"1,139.09","1,149.95","1,155.53","1,136.17",314.83M,-1.08%
5/21/2025,"1,151.56","1,161.06","1,170.57","1,150.82",163.89M,-0.82%
5/20/2025,"1,161.06","1,165.18","1,167.50","1,156.54",160.38M,-0.35%
5/19/2025,"1,165.18","1,173.88","1,174.79","1,165.14",174.41M,-0.74%
5/16/2025,"1,173.88","1,170.71","1,173.88","1,167.84",138.02M,0.44%
5/15/2025,"1,168.70","1,165.50","1,169.76","1,158.28",373.58M,0.20%
5/14/2025,"1,166.36","1,159.66","1,166.73","1,154.45",209.96M,0.58%
5/13/2025,"1,159.66","1,157.31","1,162.08","1,151.48",150.75M,0.20%
5/12/2025,"1,157.31","1,160.98","1,161.19","1,155.49",90.06M,-0.24%
5/9/2025,"1,160.06","1,160.23","1,164.06","1,154.54",155.21M,-0.01%
5/8/2025,"1,160.23","1,150.28","1,160.23","1,149.21",258.76M,1.02%
5/7/2025,"1,148.57","1,124.45","1,148.57","1,121.24",252.20M,2.12%
5/6/2025,"1,124.72","1,107.39","1,124.72","1,104.22",220.37M,1.60%
5/5/2025,"1,107.02","1,123.13","1,125.67","1,104.62",294.59M,-1.62%
5/2/2025,"1,125.29","1,140.97","1,141.86","1,117.27",225.10M,-1.49%
4/30/2025,"1,142.35","1,159.23","1,159.23","1,123.24",168.11M,-1.46%
4/29/2025,"1,159.23","1,144.40","1,161.76","1,144.40",417.06M,1.30%
4/28/2025,"1,144.40","1,129.58","1,149.23","1,127.76",208.13M,1.31%
4/25/2025,"1,129.58","1,112.29","1,132.67","1,109.60",192.61M,1.55%
4/24/2025,"1,112.29","1,114.53","1,116.43","1,110.18",142.00M,-0.20%
4/23/2025,"1,114.53","1,082.83","1,114.53","1,082.83",500.63M,2.93%
4/22/2025,"1,082.83","1,075.19","1,086.53","1,069.77",141.95M,0.71%
4/17/2025,"1,075.19","1,061.06","1,075.22","1,059.56",142.72M,1.33%
4/16/2025,"1,061.06","1,115.08","1,115.08","1,046.58",194.92M,-4.67%
4/15/2025,"1,113.08","1,112.90","1,117.85","1,110.86",170.53M,-0.11%
4/14/2025,"1,114.33","1,136.91","1,136.91","1,108.29",247.54M,-1.99%
4/11/2025,"1,136.91","1,129.30","1,140.69","1,127.74",186.68M,0.55%
4/10/2025,"1,130.73","1,114.72","1,130.73","1,114.72",207.79M,2.65%
4/9/2025,"1,101.53","1,113.74","1,125.30","1,100.47",201.21M,-1.60%
4/8/2025,"1,119.46","1,101.30","1,119.64","1,101.12",205.54M,1.89%
4/7/2025,"1,098.74","1,158.96","1,158.96","1,079.01",235.25M,-5.48%
4/4/2025,"1,162.49","1,156.33","1,164.06","1,152.39",144.33M,0.51%
4/3/2025,"1,156.62","1,161.95","1,166.56","1,155.13",166.05M,-0.36%
4/2/2025,"1,160.83","1,159.13","1,164.83","1,155.56",158.97M,0.07%
3/28/2025,"1,159.99","1,146.03","1,165.84","1,137.54",204.69M,1.28%
3/27/2025,"1,145.35","1,153.59","1,154.67","1,139.00",190.73M,-0.96%
3/26/2025,"1,156.50","1,155.05","1,165.45","1,150.57",156.52M,0.13%
3/25/2025,"1,155.05","1,137.01","1,158.15","1,136.73",134.96M,1.33%
3/24/2025,"1,139.91","1,104.16","1,144.42","1,104.16",237.12M,3.78%
3/21/2025,"1,098.39","1,097.04","1,108.27","1,097.04",162.94M,0.12%
3/20/2025,"1,097.04","1,101.82","1,105.48","1,089.59",113.12M,-0.43%
3/19/2025,"1,101.82","1,117.45","1,117.45","1,099.54",144.46M,-1.36%
3/18/2025,"1,116.99","1,124.87","1,125.80","1,113.95",128.35M,-0.70%
3/17/2025,"1,124.87","1,127.41","1,128.46","1,123.46",75.36M,-0.20%
3/14/2025,"1,127.18","1,129.27","1,131.41","1,126.59",98.34M,-0.19%
3/13/2025,"1,129.27","1,136.05","1,136.75","1,128.36",135.56M,-0.50%
3/12/2025,"1,134.93","1,132.13","1,136.31","1,131.17",84.20M,0.25%
3/11/2025,"1,132.13","1,134.52","1,135.29","1,127.89",138.58M,-0.21%
3/10/2025,"1,134.52","1,132.94","1,143.75","1,131.26",144.42M,0.20%
3/7/2025,"1,132.27","1,131.59","1,145.69","1,127.88",170.02M,0.12%
3/6/2025,"1,130.91","1,121.62","1,132.61","1,114.67",198.37M,0.83%
3/5/2025,"1,121.62","1,124.67","1,124.67","1,103.12",165.48M,-0.83%
3/4/2025,"1,130.96","1,151.70","1,151.70","1,129.78",107.61M,-1.80%
3/3/2025,"1,151.70","1,165.71","1,172.48","1,150.89",98.19M,-1.20%
2/28/2025,"1,165.71","1,167.56","1,171.60","1,161.32",253.23M,-0.16%
2/27/2025,"1,167.56","1,176.10","1,183.83","1,167.12",202.04M,-0.75%
2/26/2025,"1,176.33","1,178.80","1,182.15","1,176.33",90.29M,-0.21%
2/25/2025,"1,178.80","1,185.44","1,185.44","1,178.23",108.87M,-0.56%
2/24/2025,"1,185.44","1,202.97","1,204.98","1,184.84",93.69M,-1.44%
2/21/2025,"1,202.73","1,209.39","1,209.39","1,193.78",95.51M,-0.55%
2/20/2025,"1,209.39","1,217.73","1,223.37","1,207.46",106.15M,-0.68%
2/19/2025,"1,217.73","1,225.17","1,225.53","1,216.75",167.68M,-0.61%
2/18/2025,"1,225.17","1,237.74","1,238.95","1,217.11",152.41M,-1.02%
2/17/2025,"1,237.74","1,243.90","1,243.90","1,235.77",221.10M,-0.40%
2/14/2025,"1,242.75","1,251.95","1,255.01","1,239.73",102.08M,-0.73%
2/13/2025,"1,251.95","1,244.62","1,252.43","1,242.59",117.91M,0.59%
2/12/2025,"1,244.62","1,238.49","1,247.93","1,238.49",102.28M,0.49%
2/11/2025,"1,238.49","1,233.11","1,243.07","1,229.10",127.64M,0.44%
2/10/2025,"1,233.11","1,245.58","1,249.56","1,232.08",180.45M,-1.02%
2/7/2025,"1,245.77","1,225.25","1,245.77","1,224.37",110.16M,1.72%
2/6/2025,"1,224.68","1,225.74","1,231.66","1,220.07",214.77M,0.09%
2/5/2025,"1,223.54","1,186.48","1,224.61","1,185.93",679.33M,3.17%
2/4/2025,"1,185.93","1,184.66","1,185.93","1,178.03",170.14M,0.03%
2/3/2025,"1,185.58","1,190.35","1,190.35","1,183.25",228.67M,-0.40%
1/31/2025,"1,190.35","1,204.19","1,209.04","1,190.15",202.99M,-1.15%
1/30/2025,"1,204.19","1,209.85","1,209.85","1,201.21",210.83M,-0.47%
1/29/2025,"1,209.85","1,210.87","1,211.32","1,205.42",115.32M,0.75%
1/28/2025,"1,200.82","1,209.46","1,211.96","1,191.34",174.71M,-1.21%
1/27/2025,"1,215.55","1,162.04","1,220.06","1,162.04",224.79M,4.71%
1/24/2025,"1,160.88","1,138.41","1,163.52","1,138.41",103.20M,1.97%
1/23/2025,"1,138.41","1,126.69","1,146.16","1,126.69",161.68M,1.04%
1/22/2025,"1,126.69","1,119.84","1,126.69","1,119.64",170.19M,0.61%
1/21/2025,"1,119.84","1,116.52","1,120.96","1,115.02",130.43M,0.30%
1/20/2025,"1,116.52","1,114.82","1,119.15","1,114.82",86.78M,0.12%
1/17/2025,"1,115.22","1,118.24","1,118.31","1,113.14",109.68M,-0.23%
1/16/2025,"1,117.84","1,115.40","1,118.67","1,112.31",175.91M,0.22%
1/15/2025,"1,115.40","1,115.21","1,122.07","1,114.86",63.40M,0.02%
1/14/2025,"1,115.21","1,116.36","1,117.42","1,112.87",131.99M,-0.10%
1/13/2025,"1,116.36","1,120.41","1,122.29","1,113.41",89.28M,-0.36%
1/10/2025,"1,120.41","1,125.01","1,126.40","1,112.62",102.51M,-0.41%
1/9/2025,"1,125.01","1,106.16","1,125.47","1,101.00",75.35M,1.70%
1/8/2025,"1,106.16","1,100.15","1,107.17","1,096.68",92.47M,0.55%
1/7/2025,"1,100.15","1,110.29","1,121.03","1,092.86",277.41M,-0.64%
1/6/2025,"1,107.22","1,099.57","1,107.22","1,099.57",192.53M,0.74%
1/3/2025,"1,099.12","1,087.42","1,101.78","1,087.42",102.62M,1.08%
1/2/2025,"1,087.42","1,084.52","1,088.38","1,083.48",67.76M,0.27%
12/31/2024,"1,084.52","1,088.20","1,089.10","1,084.00",87.24M,-0.34%
12/30/2024,"1,088.20","1,092.81","1,098.02","1,084.58",168.59M,-0.42%
12/27/2024,"1,092.81","1,105.83","1,117.17","1,092.58",168.78M,-1.16%
12/24/2024,"1,105.61","1,096.00","1,113.47","1,081.96",128.56M,0.98%
12/23/2024,"1,094.83","1,071.70","1,095.07","1,071.51",176.27M,2.16%
12/20/2024,"1,071.70","1,054.22","1,071.70","1,053.48",231.61M,1.66%
12/19/2024,"1,054.22","1,046.55","1,054.84","1,046.42",93.52M,0.73%
12/18/2024,"1,046.55","1,039.53","1,046.55","1,036.96",156.33M,0.68%
12/17/2024,"1,039.53","1,038.00","1,041.34","1,035.63",92.82M,0.19%
12/16/2024,"1,037.59","1,039.10","1,042.59","1,036.36",290.41M,-0.06%
12/13/2024,"1,038.21","1,031.70","1,038.94","1,029.94",114.65M,0.63%
12/12/2024,"1,031.70","1,033.96","1,034.60","1,030.73",126.66M,-0.22%
12/11/2024,"1,033.96","1,033.29","1,034.66","1,032.57",84.96M,0.06%
12/10/2024,"1,033.29","1,030.30","1,039.29","1,030.30",220.55M,-0.20%
12/9/2024,"1,035.41","1,036.50","1,040.75","1,029.60",213.46M,-0.11%
12/6/2024,"1,036.50","1,029.01","1,036.69","1,028.59",381.50M,0.73%
12/5/2024,"1,029.01","1,031.47","1,034.70","1,028.48",181.53M,-0.26%
12/4/2024,"1,031.70","1,032.42","1,034.35","1,030.94",157.82M,-0.07%
12/3/2024,"1,032.42","1,024.68","1,034.39","1,024.68",142.16M,0.82%
12/2/2024,"1,024.06","1,024.57","1,026.43","1,015.78",175.39M,0.08%
11/29/2024,"1,023.22","1,016.39","1,026.40","1,016.39",183.33M,0.67%
11/28/2024,"1,016.39","1,008.90","1,018.52","1,008.90",244.83M,0.74%
11/27/2024,"1,008.90","1,007.47","1,008.90","1,003.36",117.04M,0.14%
11/26/2024,"1,007.47","1,009.62","1,012.91","1,005.94",92.17M,-0.21%
11/25/2024,"1,009.62","1,026.07","1,027.15","1,007.69",303.32M,-1.60%
11/22/2024,"1,026.07","1,037.95","1,038.89","1,024.64",110.82M,-1.14%
11/21/2024,"1,037.95","1,050.13","1,050.13","1,037.95",128.29M,-1.16%
11/20/2024,"1,050.13","1,049.54","1,054.98","1,047.03",88.76M,0.06%
11/19/2024,"1,049.54","1,047.23","1,052.53","1,045.44",94.33M,0.25%
11/18/2024,"1,046.96","1,052.43","1,054.55","1,046.74",79.31M,-0.58%
11/15/2024,"1,053.12","1,045.83","1,053.12","1,041.97",103.31M,0.72%
11/14/2024,"1,045.60","1,039.35","1,047.37","1,034.63",129.21M,0.53%
11/13/2024,"1,040.05","1,025.88","1,040.05","1,025.88",123.45M,1.38%
11/12/2024,"1,025.88","1,020.92","1,028.58","1,020.92",98.61M,0.49%
11/11/2024,"1,020.92","1,029.21","1,031.51","1,018.23",135.79M,-0.81%
11/8/2024,"1,029.21","1,032.87","1,041.29","1,019.38",251.49M,-0.16%
11/7/2024,"1,030.82","1,034.74","1,039.40","1,029.03",187.21M,-0.38%
11/6/2024,"1,034.74","1,044.40","1,046.46","1,033.60",242.67M,-0.92%
11/5/2024,"1,044.40","1,012.39","1,044.40","1,001.63",327.47M,3.16%
11/4/2024,"1,012.39","1,001.07","1,012.60",997.58,438.90M,1.13%
11/1/2024,"1,001.07",989.65,"1,012.76",988.14,641.96M,1.15%
10/31/2024,989.65,985.99,996.73,983.71,156.20M,0.28%
10/30/2024,986.88,970.13,989.91,970.13,164.15M,1.73%
10/29/2024,970.13,984.61,989.31,965.19,158.41M,-1.46%
10/28/2024,984.48,999.2,"1,003.63",984.25,85.64M,-1.47%
10/25/2024,999.2,991.68,999.97,982.78,204.21M,0.76%
10/24/2024,991.68,964.67,993.87,964.67,212.40M,2.61%
10/23/2024,966.46,943.72,966.46,938.75,138.17M,2.41%
10/22/2024,943.72,935.24,943.72,933.32,105.02M,0.91%
10/21/2024,935.24,926.47,955.32,926.47,260.51M,0.96%
10/18/2024,926.39,926.3,926.39,914.02,127.75M,0.51%
10/17/2024,921.65,926.95,928.54,921.65,127.99M,-0.57%
10/16/2024,926.95,927.29,928.33,924.39,121.25M,-0.04%
10/15/2024,927.29,934.56,934.79,917.21,127.05M,-0.78%
10/14/2024,934.56,931.18,936.03,926.95,118.39M,0.36%
10/11/2024,931.18,921.42,935.45,921.42,183.89M,1.06%
10/10/2024,921.42,923.46,923.46,919.24,134.57M,-0.22%
10/9/2024,923.46,929.67,932.32,923.31,175.68M,-0.67%
10/8/2024,929.67,934.34,944.81,929.47,136.63M,-0.50%
10/7/2024,934.34,928.18,937.39,918.32,118.71M,0.81%
10/4/2024,926.84,925.86,929.3,916.57,103.14M,0.11%
10/3/2024,925.86,925.95,929.53,916.87,99.19M,0.03%
10/2/2024,925.54,944.03,946.77,925.33,190.41M,-2.01%
9/30/2024,944.48,934.61,954.38,934.61,149.44M,1.14%
9/27/2024,933.79,937.35,937.35,929.83,79.92M,-0.38%
9/26/2024,937.35,941.14,952.88,929.99,134.24M,-0.40%
9/25/2024,941.14,947.82,952.25,940.92,336.01M,-0.70%
9/24/2024,947.82,920.8,947.82,915.31,331.00M,3.01%
9/23/2024,920.1,922.69,931.46,913.88,128.55M,0.95%
9/20/2024,911.43,913.66,925.75,901.01,227.97M,-0.61%
9/19/2024,917.05,922.81,925.17,914.33,128.21M,-0.62%
9/18/2024,922.81,905.36,923.28,898.99,108.50M,1.06%
9/17/2024,913.1,900.79,915.75,886.3,150.65M,1.45%
9/13/2024,900.07,885.18,900.33,882.97,131.37M,2.72%
9/12/2024,876.26,863.16,878.25,861.04,203.91M,1.52%
9/11/2024,863.16,857.64,864.66,857.64,150.45M,0.64%
9/10/2024,857.64,862.05,865.03,854.19,119.07M,-0.51%
9/9/2024,862.05,855.53,864.34,848.02,305.99M,0.68%
9/6/2024,856.2,852.01,858.25,848.52,109.30M,0.56%
9/5/2024,851.39,857.9,857.9,846.37,152.41M,-0.81%
9/4/2024,858.35,864.69,864.69,856.78,87.36M,-0.89%
9/3/2024,866.03,867.18,867.9,854.67,179.85M,-0.06%
9/2/2024,866.55,863.7,877.92,863.26,167.08M,1.09%
8/30/2024,857.21,848.11,857.62,846.01,98.30M,1.05%
8/29/2024,848.34,854.75,854.98,848.34,173.17M,-0.75%
8/28/2024,854.75,849.45,854.75,847.78,80.69M,0.62%
8/27/2024,849.45,837.3,850.79,836.83,148.37M,1.45%
8/26/2024,837.3,840.77,846.63,835.93,82.52M,-0.41%
8/23/2024,840.77,833.44,840.77,830.53,98.98M,0.88%
8/22/2024,833.44,840.3,841.3,830.35,80.20M,-0.82%
8/21/2024,840.3,842.84,842.84,838.61,116.30M,-0.30%
8/20/2024,842.84,837.95,843.51,835.52,158.05M,0.44%
8/19/2024,839.11,837.67,841.65,834.82,176.37M,0.17%
8/16/2024,837.67,835.86,837.67,833.73,134.62M,0.22%
8/15/2024,835.86,835.63,835.86,829.56,70.79M,0.03%
8/14/2024,835.63,841.43,842.84,833.37,94.90M,-0.30%
8/13/2024,838.15,854.57,854.81,836.5,190.64M,-1.92%
8/12/2024,854.57,853.77,854.57,845.6,235.02M,-0.31%
8/9/2024,857.23,840.99,857.93,840.99,136.23M,1.93%
8/8/2024,840.99,826.95,840.99,826.5,317.57M,1.72%
8/7/2024,826.74,818.81,828.65,818.81,296.64M,0.97%
8/6/2024,818.81,816.81,819.89,814.16,181.42M,0.24%
8/5/2024,816.81,815.74,816.81,813.08,119.99M,0.19%
8/2/2024,815.29,804.77,815.29,804.6,74.15M,1.31%
8/1/2024,804.77,801.43,804.77,799.62,452.46M,0.42%
7/31/2024,801.43,801.56,804.84,793.81,1.51B,0.57%
7/30/2024,796.87,810.91,812.55,796.87,136.09M,-1.73%
7/29/2024,810.91,819.2,819.2,808.29,172.16M,-1.01%
7/26/2024,819.2,821.93,823.45,816.91,616.57M,-0.33%
7/25/2024,821.93,835.23,835.43,816.91,206.47M,-1.59%
7/24/2024,835.23,842.15,842.15,829.37,328.14M,-0.82%
7/23/2024,842.15,847.79,847.79,840.19,73.30M,-0.67%
7/22/2024,847.79,843.99,848.02,843.57,71.67M,0.45%
7/19/2024,843.99,850.35,851.69,838.67,233.40M,-0.75%
7/18/2024,850.35,869.99,869.99,849.91,159.67M,-2.28%
7/17/2024,870.22,860.8,872.34,860.8,209.79M,1.09%
7/16/2024,860.8,853.51,860.8,849.29,183.04M,0.61%
7/15/2024,855.56,844.41,857.58,844.41,177.56M,1.32%
7/12/2024,844.41,846.08,848.09,842.05,196.37M,-0.20%
7/11/2024,846.08,845,846.57,843.94,104.86M,0.13%
7/10/2024,845,848.27,848.27,840.52,802.75M,-0.39%
7/9/2024,848.27,864.67,864.67,847.66,122.85M,-1.90%
7/8/2024,864.67,862.32,865.4,854.62,126.35M,0.27%
7/5/2024,862.32,868.39,868.85,855.16,82.72M,-0.70%
7/4/2024,868.39,850.38,871,850.38,688.56M,2.12%
7/3/2024,850.38,837.02,851.08,837.02,188.89M,1.71%
7/2/2024,836.09,829.51,843.09,828.73,79.83M,0.79%
7/1/2024,829.51,830.89,833.84,824.97,55.08M,-0.08%
6/28/2024,830.2,824.3,830.88,823.06,78.00M,0.72%
6/27/2024,824.3,815.19,824.3,815.19,160.79M,1.12%
6/26/2024,815.19,808.81,818.01,808.81,106.90M,0.76%
6/25/2024,809.02,812.35,812.35,806.11,132.46M,-0.41%
6/24/2024,812.35,820.86,826.73,809.4,709.84M,-1.04%
6/21/2024,820.86,838.82,842.73,815.36,358.14M,-1.26%
6/20/2024,831.3,825.39,832.27,819.71,1.12B,0.72%
6/19/2024,825.39,821.18,827.42,817.58,1.11B,0.51%
6/14/2024,821.18,827.78,828.24,816.36,156.45M,-0.80%
6/13/2024,827.78,819.75,827.99,817.83,249.95M,0.98%
6/11/2024,819.75,813.28,823.4,811.1,566.00M,0.71%
6/10/2024,813.95,798.25,813.95,796.21,809.60M,2.71%
6/7/2024,792.44,787.07,793.09,784.09,210.55M,0.57%
6/6/2024,787.91,798.3,798.3,784.32,167.26M,-1.30%
6/5/2024,798.3,779.17,798.3,772.35,137.15M,2.46%
6/4/2024,779.17,790.64,790.64,774.31,130.84M,-1.45%
6/3/2024,790.64,798.3,798.3,782.54,135.16M,-0.84%
5/31/2024,797.37,797.81,803.07,795.99,249.37M,-0.06%
5/30/2024,797.81,787.93,797.81,785.28,175.69M,1.37%
5/29/2024,786.99,770.05,791,770.05,179.38M,2.30%
5/28/2024,769.27,751.35,769.27,751.35,170.56M,2.39%
5/27/2024,751.35,741.61,761,741.61,281.49M,2.45%
5/24/2024,733.39,754.78,760.53,729.2,676.66M,-2.78%
5/23/2024,754.33,765.17,765.63,742.65,164.91M,-1.42%
5/22/2024,765.17,780.85,785.03,764.01,150.61M,-2.01%
5/21/2024,780.85,781.69,793.88,779.94,107.97M,0.16%
5/20/2024,779.57,791.54,791.54,769.05,240.86M,-1.51%
5/17/2024,791.54,782.99,798.93,782.99,63.71M,1.09%
5/16/2024,782.99,807.56,807.56,782.65,96.32M,-3.04%
5/15/2024,807.56,821.24,824.32,807.56,140.88M,-1.67%
5/14/2024,821.24,829.92,829.92,819.89,115.60M,-1.02%
5/13/2024,829.69,837.99,837.99,822.45,169.90M,-0.75%
5/10/2024,835.93,831.53,843.42,831.53,191.66M,0.53%
5/9/2024,831.53,822.77,843.32,822.77,158.42M,1.06%
5/8/2024,822.77,831.34,831.75,821.62,175.02M,-1.03%
5/7/2024,831.34,857.99,861.76,829.56,201.69M,-3.11%
5/6/2024,857.99,837.45,882.23,837.45,239.95M,2.56%
5/3/2024,836.55,799.56,837.19,799.56,255.05M,4.68%
5/2/2024,799.15,774.35,799.55,774.35,105.22M,3.20%
4/30/2024,774.35,761.37,780.24,761.37,379.87M,1.70%
4/29/2024,761.37,764.5,778.54,753.85,114.12M,-0.41%
4/26/2024,764.5,760.55,766.19,746.58,132.22M,0.52%
4/25/2024,760.55,769.03,772.28,759.76,144.32M,-1.10%
4/24/2024,769.03,775.45,786.44,769.03,236.09M,-0.83%
4/23/2024,775.45,793.26,805.47,775.45,161.47M,-2.94%
4/22/2024,798.9,788.92,811.76,788.92,175.65M,1.27%
4/19/2024,788.92,811.42,817.36,788.92,162.05M,-2.77%
4/18/2024,811.42,817.01,829.31,809.96,153.59M,-0.63%
4/17/2024,816.54,809.89,827.62,804.25,180.89M,1.10%
4/16/2024,807.65,856.3,856.3,807.16,252.92M,-5.75%
4/15/2024,856.92,889.63,895.03,855.84,128.85M,-3.83%
4/12/2024,891.02,934.66,935.59,888.7,465.93M,-4.67%
4/8/2024,934.66,960.32,970.69,934.66,129.19M,-2.67%
4/5/2024,960.32,977.76,977.76,953.99,270.88M,-1.78%
4/4/2024,977.76,"1,004.59","1,004.59",976.86,346.85M,-2.67%
4/3/2024,"1,004.59","1,028.88","1,031.01","1,004.59",202.99M,-2.36%
4/2/2024,"1,028.88","1,019.99","1,045.14","1,014.85",357.37M,-0.07%
3/28/2024,"1,029.63","1,019.58","1,034.05","1,019.54",377.30M,0.60%
3/27/2024,"1,023.44",993.5,"1,024.44",989.71,297.01M,3.01%
3/26/2024,993.5,998.42,"1,001.92",993.5,240.50M,0.07%
3/25/2024,992.84,"1,011.86","1,011.86",992.61,94.87M,-1.72%
3/22/2024,"1,010.18",995.64,"1,033.54",995.64,347.59M,1.46%
3/21/2024,995.64,986.8,"1,002.49",969.16,182.38M,0.90%
3/20/2024,986.8,"1,004.77","1,004.77",983.02,135.60M,-1.79%
3/19/2024,"1,004.77",994.34,"1,007.68",982.73,151.65M,1.07%
3/18/2024,994.12,969.57,995.69,963.62,155.95M,2.53%
3/15/2024,969.57,943.81,943.81,936.89,32.04M,2.73%
3/14/2024,943.81,948.24,950.77,932.87,118.19M,0.25%
3/13/2024,941.43,923.42,947.39,923.42,136.39M,1.95%
3/12/2024,923.42,876.48,923.42,873.21,219.54M,5.36%
3/11/2024,876.48,859.27,876.48,859.27,216.77M,2.00%
3/8/2024,859.27,857.03,863.3,849.98,117.46M,0.28%
3/7/2024,856.83,879.44,879.44,852.43,118.89M,-2.57%
3/6/2024,879.44,867.46,882.94,858.14,168.85M,0.24%
3/5/2024,877.32,867.23,877.32,861.32,107.12M,1.14%
3/4/2024,867.46,876.45,881.58,866.42,67.13M,-0.46%
3/1/2024,871.51,853.44,892.87,853.44,175.35M,2.59%
2/29/2024,849.49,800.11,850.3,778.98,238.84M,6.14%
2/28/2024,800.33,853.37,853.37,800.29,153.53M,-6.90%
2/27/2024,859.65,889.47,889.49,859.65,116.79M,-3.35%
2/26/2024,889.47,877.6,895.32,869.09,161.76M,1.35%
2/23/2024,877.6,871.8,878.42,865.38,150.99M,0.67%
2/22/2024,871.8,876.73,883.93,871.65,110.88M,-0.44%
2/21/2024,875.68,872.95,885.37,865.59,118.19M,0.31%
2/20/2024,872.95,896.16,899.66,870.39,106.80M,-2.37%
2/19/2024,894.11,896.45,904.28,891.54,109.35M,-0.26%
2/16/2024,896.45,889.9,903.87,888.61,172.38M,0.74%
2/15/2024,889.9,901.81,904.02,887.87,111.29M,-1.32%
2/14/2024,901.81,884.06,908.21,884.06,231.85M,2.01%
2/13/2024,884.06,900.94,901.14,876.37,86.25M,-1.85%
2/12/2024,900.68,909.11,909.11,888.07,96.09M,-0.88%
2/9/2024,908.66,892.27,926.12,892.27,110.58M,1.34%
2/8/2024,896.67,918.04,918.04,857.83,172.25M,-2.33%
2/7/2024,918.04,931.51,931.51,915.44,144.81M,-1.45%
2/6/2024,931.51,953.13,953.13,926.54,144.52M,-2.27%
2/5/2024,953.13,976.54,996.54,952.31,471.83M,-2.30%
2/2/2024,975.61,945.77,990.57,945.77,616.09M,4.37%
2/1/2024,934.73,858.2,935.6,841.76,273.45M,7.82%
1/31/2024,866.93,947.25,949.81,866.93,284.29M,-8.07%
1/30/2024,943.02,"1,008.02","1,008.02",934.25,221.06M,-6.73%
1/29/2024,"1,011.10","1,021.80","1,033.86","1,009.34",240.24M,-1.05%
1/26/2024,"1,021.80","1,010.47","1,022.28","1,008.66",154.51M,1.19%
1/25/2024,"1,009.80",996.84,"1,011.27",990.08,207.25M,1.39%
1/24/2024,995.91,"1,002.07","1,003.92",990.63,90.35M,-0.61%
1/23/2024,"1,002.07","1,029.41","1,029.63",979.66,287.13M,-2.66%
1/22/2024,"1,029.41","1,040.52","1,041.86","1,025.58",154.43M,-0.90%
1/19/2024,"1,038.72","1,043.16","1,043.16","1,024.73",215.70M,-0.46%
1/18/2024,"1,043.54","1,064.04","1,064.04","1,038.52",250.59M,-1.89%
1/17/2024,"1,063.63","1,099.45","1,099.45","1,062.16",244.68M,-3.26%
1/16/2024,"1,099.45","1,053.58","1,101.34","1,053.56",264.55M,4.35%
1/15/2024,"1,053.58","1,039.08","1,053.58","1,033.32",176.56M,1.30%
1/12/2024,"1,040.02","1,034.48","1,048.40","1,034.48",198.12M,0.54%
1/11/2024,"1,034.48","1,004.62","1,050.67",986.5,328.06M,2.73%
1/10/2024,"1,006.99","1,095.05","1,098.25",999.93,605.51M,-7.97%
1/9/2024,"1,094.14","1,009.69","1,100.94","1,009.69",660.82M,8.16%
1/8/2024,"1,011.57",989.53,"1,011.57",980.19,360.01M,2.23%
1/5/2024,989.53,955,999.72,955,363.54M,3.62%
1/4/2024,955,953.76,964.45,948.14,417.17M,0.13%
1/3/2024,953.76,896.06,954.31,896.06,381.88M,6.66%
1/2/2024,894.2,895.35,897.85,879.58,106.92M,-0.33%
12/29/2023,897.2,885.59,902.58,881.19,127.04M,1.12%
12/28/2023,887.22,889.15,889.15,877.07,153.05M,-0.22%
12/27/2023,889.15,890.52,903.08,888.7,130.92M,0.17%
12/22/2023,887.6,894.52,901.51,885.88,130.72M,-0.77%
12/21/2023,894.52,882.12,897.6,882.12,196.90M,1.41%
12/20/2023,882.12,875.59,888.71,874.96,179.80M,0.75%
12/19/2023,875.59,859.36,875.59,855.84,128.83M,1.89%
12/18/2023,859.36,858.43,860.53,853.24,110.23M,0.07%
12/15/2023,858.79,865.34,866.96,854.19,96.72M,-0.72%
12/14/2023,864.98,848.86,870.05,848.86,227.62M,1.90%
12/13/2023,848.86,820.81,849.23,820.8,196.98M,3.42%
12/12/2023,820.81,815.31,820.81,812.62,98.46M,0.67%
12/11/2023,815.31,804.71,816.03,803.8,100.01M,1.59%
12/8/2023,802.54,789.87,808.58,787.23,84.20M,1.60%
12/7/2023,789.87,806.45,819.53,787.31,144.16M,-2.01%
12/6/2023,806.09,766.58,812.3,766.22,289.25M,5.01%
12/5/2023,767.66,756.67,767.66,756.67,141.62M,1.45%
12/4/2023,756.67,756.57,760.51,755.78,96.57M,0.01%
12/1/2023,756.57,748.05,757.61,747.81,126.52M,1.14%
11/30/2023,748.05,751.14,755.3,747.52,140.31M,-0.41%
11/29/2023,751.14,755.38,755.75,749.15,79.52M,-0.56%
11/28/2023,755.38,754.95,757.23,752.98,165.57M,0.06%
11/27/2023,754.95,743.73,763.74,743.73,254.19M,1.71%
11/24/2023,742.29,730.9,743.81,730.06,157.22M,1.62%
11/23/2023,730.47,730.96,732.6,730.23,92.57M,0.03%
11/22/2023,730.24,728.86,730.33,728.08,119.21M,0.19%
11/21/2023,728.86,725.53,729.98,725.53,168.90M,0.46%
11/20/2023,725.53,728.45,728.45,724.3,83.16M,-0.36%
11/17/2023,728.16,728.16,729.94,726.38,149.46M,0.00%
11/16/2023,728.16,731.09,734.07,726.47,83.16M,-0.35%
11/15/2023,730.7,736.3,736.3,729.49,64.73M,-0.76%
11/14/2023,736.3,731.09,736.74,729.43,117.44M,0.69%
11/13/2023,731.23,728.07,733.28,727.66,198.65M,0.38%
11/10/2023,728.46,728.21,731.74,726.31,114.61M,0.03%
11/9/2023,728.21,726.69,728.57,722.73,166.43M,0.21%
11/8/2023,726.69,724.8,727,723.59,115.88M,0.26%
11/7/2023,724.8,724.78,727.03,721.78,140.45M,0.00%
11/6/2023,724.78,721.2,724.78,718.77,174.29M,0.66%
11/3/2023,720.03,725.99,725.99,711.39,127.68M,-0.82%
11/2/2023,725.99,731.07,733.52,724.47,179.08M,-0.85%
11/1/2023,732.24,717.23,732.24,714.49,257.45M,2.21%
10/31/2023,716.42,714.41,716.42,708.1,131.20M,0.94%
10/30/2023,709.72,701.33,709.72,701.33,105.53M,1.20%
10/27/2023,701.33,697.61,702.06,696.08,59.93M,0.59%
10/26/2023,697.22,699.53,702.56,696.01,95.49M,-0.33%
10/25/2023,699.53,707.99,711.18,699.53,146.62M,-1.09%
10/24/2023,707.21,697.14,707.21,697.14,142.98M,1.44%
10/23/2023,697.14,694.09,700.11,692.51,119.73M,0.44%
10/20/2023,694.09,693.23,696.28,690.33,81.08M,0.12%
10/19/2023,693.23,700.5,700.5,691.63,125.05M,-1.04%
10/18/2023,700.5,695.75,703.04,695.34,211.26M,0.74%
10/17/2023,695.36,676.7,699.11,676.7,165.04M,2.75%
10/16/2023,676.75,670.47,677.36,670.06,89.43M,0.94%
10/13/2023,670.47,669.78,671.23,668.53,104.16M,0.10%
10/12/2023,669.78,663.53,669.78,663.53,179.61M,0.94%
10/11/2023,663.53,665.32,666.43,662.05,121.45M,-0.27%
10/10/2023,665.32,672.79,672.79,662.63,138.85M,-1.11%
10/9/2023,672.79,675.77,675.77,670.27,87.10M,-0.44%
10/6/2023,675.77,672.59,678.99,670.95,160.10M,0.71%
10/5/2023,671.02,668.11,671.02,667.16,109.39M,0.44%
10/4/2023,668.11,668.26,672.02,664.45,113.89M,-0.02%
10/3/2023,668.26,669.8,669.8,663.92,121.54M,0.31%
9/29/2023,666.22,657.01,666.98,656.73,133.64M,1.40%
9/28/2023,657.01,665.34,668.21,649.17,122.88M,-1.01%
9/26/2023,663.71,673.13,676.79,662.27,137.60M,-1.40%
9/25/2023,673.13,683.06,690.49,673.13,224.79M,-3.18%
9/22/2023,695.24,690.86,695.24,688.7,144.13M,0.75%
9/21/2023,690.07,693.29,693.48,688.86,110.27M,-0.46%
9/20/2023,693.29,700.1,700.34,691.43,83.38M,-0.97%
9/19/2023,700.1,700.87,702.3,696.45,158.23M,-0.11%
9/18/2023,700.87,691.02,708.34,691.02,181.53M,1.43%
9/15/2023,691.02,685.76,692.88,680.39,176.72M,0.48%
9/14/2023,687.71,688.16,690.35,679.22,467.91M,0.68%
9/13/2023,683.08,665.33,689.57,665.33,192.75M,4.58%
9/12/2023,653.15,658.38,663.48,621.29,262.35M,-2.60%
9/11/2023,670.56,714.16,714.51,667.73,236.61M,-6.11%
9/8/2023,714.16,713.19,714.19,711.56,131.34M,0.14%
9/7/2023,713.19,712.51,716.34,712.01,86.48M,0.10%
9/6/2023,712.51,708.02,713.97,701.12,105.70M,0.27%
9/5/2023,710.58,714.02,714.02,700.72,240.84M,-0.60%
9/4/2023,714.84,686.37,719.94,683.12,340.14M,5.65%
9/1/2023,676.62,651.41,676.62,651.25,202.40M,4.69%
8/31/2023,646.29,644.18,646.29,642.17,256.04M,0.33%
8/30/2023,644.18,648.34,652.97,640.24,97.07M,-0.64%
8/29/2023,648.34,637.62,653.21,637.62,122.70M,1.63%
8/28/2023,637.94,643.92,644.61,636.49,98.99M,-0.90%
8/25/2023,643.73,642.84,646.69,639.73,109.57M,0.14%
8/24/2023,642.84,654.7,655.14,639.11,186.89M,-1.81%
8/23/2023,654.7,659.19,660.63,654.7,49.68M,-0.68%
8/22/2023,659.19,664.43,664.99,657.04,116.82M,-0.90%
8/21/2023,665.21,667.57,667.96,663.67,49.61M,-0.35%
8/18/2023,667.57,667.15,668.94,665.53,75.16M,0.06%
8/17/2023,667.15,670.33,670.33,664.6,141.61M,-0.47%
8/16/2023,670.33,673.31,673.31,665.39,92.53M,-0.44%
8/15/2023,673.31,672.3,673.31,665.29,98.90M,-0.08%
8/14/2023,673.86,681.58,682.54,672.63,73.75M,-1.13%
8/11/2023,681.58,681.53,682.34,679.64,165.61M,0.01%
8/10/2023,681.53,680.61,683.09,678.94,67.45M,0.19%
8/9/2023,680.22,682.68,684.48,679.07,88.40M,-0.36%
8/8/2023,682.68,678.56,682.68,676.83,127.63M,0.61%
8/7/2023,678.56,673.1,678.97,670.1,125.14M,0.81%
8/4/2023,673.1,675.07,678.28,669.14,92.69M,-0.40%
8/3/2023,675.79,655.92,690.01,655.92,172.98M,3.19%
8/2/2023,654.92,657.4,661.02,651.41,87.56M,-0.35%
8/1/2023,657.25,663.72,663.72,647.67,171.75M,-1.94%
7/31/2023,670.22,683.84,684.09,665.42,150.92M,-2.55%
7/28/2023,687.78,696.58,696.58,679.68,191.78M,-1.26%
7/27/2023,696.58,696.46,703.88,693.99,139.96M,0.02%
7/26/2023,696.46,700.79,709.51,696.46,190.27M,-0.60%
7/25/2023,700.63,697.49,705.44,691.99,186.61M,0.45%
7/24/2023,697.49,704.52,711.33,686.9,205.99M,-0.83%
7/21/2023,703.32,647.24,705.85,647.24,404.39M,9.46%
7/20/2023,642.51,638.72,645.53,637.79,1.07B,0.59%
7/19/2023,638.72,652.93,654.92,633.61,108.15M,-2.05%
7/18/2023,652.11,655.21,662.98,644.72,205.07M,-0.17%
7/17/2023,653.24,607.29,653.24,590.92,291.91M,7.57%
7/14/2023,607.29,630.02,630.02,583.41,293.07M,-4.42%
7/13/2023,635.35,680.44,680.44,633.25,270.43M,-6.63%
7/12/2023,680.44,696.91,696.91,645.08,398.09M,-2.61%
7/11/2023,698.65,721,721,698.65,276.66M,-3.10%
7/10/2023,721,708.77,749.03,708.77,531.15M,1.73%
7/7/2023,708.77,686,713.77,686,449.35M,3.33%
7/6/2023,685.92,673.87,687.96,673.87,231.51M,-2.48%
7/5/2023,703.39,689.95,710.12,689.28,272.85M,6.18%
7/4/2023,662.45,686.75,686.75,660.19,816.86M,-3.88%
7/3/2023,689.19,646.8,689.46,646.8,1.15B,6.78%
6/30/2023,645.42,635.28,645.45,635.28,496.14M,1.69%
6/27/2023,634.69,612.82,637.38,611.17,371.16M,3.50%
6/26/2023,613.2,598.85,613.2,597.81,217.06M,2.40%
6/23/2023,598.85,602.13,604.07,598.02,179.95M,-0.54%
6/22/2023,602.13,605.91,606.28,598.38,174.33M,-0.62%
6/21/2023,605.91,609.54,613.49,603.3,152.64M,-0.60%
6/20/2023,609.54,609.69,611.3,607.12,203.77M,0.02%
6/19/2023,609.41,592.14,611.65,591.72,396.41M,2.92%
6/16/2023,592.14,599.9,608.09,584.65,237.10M,-14.63%
6/15/2023,693.58,730.53,767.81,684.17,1.23B,-4.16%
6/14/2023,723.71,572.9,724.1,572.9,1.20B,26.52%
6/13/2023,572.01,525.93,572.01,525.63,557.27M,8.76%
6/9/2023,525.93,525.23,526.83,520.83,154.70M,0.13%
6/8/2023,525.23,520.07,525.62,519.02,266.51M,0.99%
6/7/2023,520.07,521.07,524.97,518.18,94.04M,-0.25%
6/6/2023,521.35,521.63,524.26,516.98,147.91M,-0.05%
6/5/2023,521.63,520.23,521.63,512.59,122.45M,0.27%
6/2/2023,520.23,528.44,529,512.6,163.60M,-1.55%
6/1/2023,528.44,523.52,532.02,519.95,184.89M,0.95%
5/31/2023,523.45,537.01,537.81,504.39,319.10M,-2.46%
5/30/2023,536.64,495.99,539.49,495.99,401.38M,8.20%
5/26/2023,495.99,485.62,496.23,481.44,193.97M,2.14%
5/25/2023,485.62,486.14,486.84,482.2,204.21M,-0.11%
5/24/2023,486.14,482.06,489.3,473.34,216.22M,1.06%
5/23/2023,481.05,474.38,481.05,474.03,152.02M,1.55%
5/22/2023,473.71,469.55,473.71,464.69,161.25M,0.89%
5/19/2023,469.55,463.69,469.55,461.32,426.91M,1.26%
5/18/2023,463.69,466.14,466.87,461.68,124.99M,-0.44%
5/17/2023,465.76,461.31,468.98,460.92,429.60M,0.96%
5/16/2023,461.31,457.06,462.79,457.06,225.40M,1.10%
5/15/2023,456.3,457.16,459.04,455.62,196.17M,-0.02%
5/12/2023,456.4,455.42,456.4,453.9,1.14B,0.22%
5/11/2023,455.42,460.88,462.29,452.54,327.61M,-1.35%
5/10/2023,461.64,459.34,461.83,458.46,239.73M,-1.22%
5/9/2023,467.33,463.42,467.71,462.66,349.01M,0.76%
5/8/2023,463.8,462.87,464.57,461.72,278.44M,0.62%
5/5/2023,460.96,456.99,461.34,455.29,315.27M,1.37%
5/4/2023,454.71,451.3,457.84,450.93,303.06M,0.76%
5/3/2023,451.3,450.53,455.15,450.13,255.01M,0.17%
5/2/2023,450.53,440.35,450.53,440.21,227.61M,2.84%
4/28/2023,438.07,435.55,438.74,434.19,207.65M,0.94%
4/27/2023,434,435.98,436.74,433.19,1.32B,-0.45%
4/26/2023,435.98,436.56,439.14,435.62,137.10M,-0.08%
4/25/2023,436.34,436.82,443.14,435.57,316.09M,1.30%
4/20/2023,430.74,425.47,431.11,423.73,247.06M,2.90%
4/19/2023,418.62,415.43,418.62,414.8,54.74M,0.77%
4/18/2023,415.43,417.52,417.52,414.69,58.08M,-0.50%
4/17/2023,417.52,420.45,420.45,414.15,99.48M,-5.53%
4/14/2023,441.95,441.17,442.68,439.83,176.86M,0.10%
4/13/2023,441.51,446.32,446.68,441.51,96.16M,-1.08%
4/12/2023,446.32,446.7,447.01,445.73,76.34M,-0.09%
4/11/2023,446.7,448.23,448.44,446,89.52M,-0.34%
4/6/2023,448.23,447.51,449.08,447.46,52.14M,0.08%
4/5/2023,447.89,445.72,448.99,445.54,89.63M,0.49%
4/4/2023,445.72,452.15,452.88,443.07,105.86M,-1.34%
4/3/2023,451.78,452.97,453.83,451.78,134.76M,-0.26%
3/31/2023,452.97,450.21,453.93,450.21,137.11M,0.61%
3/30/2023,450.21,445.75,450.71,445.75,181.98M,1.00%
3/29/2023,445.75,442.19,446.09,438.83,63.39M,1.97%
3/28/2023,437.15,435.96,437.49,435.77,63.14M,0.27%
3/27/2023,435.96,436.95,437.44,435.96,29.67M,-0.23%
3/24/2023,436.95,438.06,438.11,436.71,49.09M,-0.25%
3/23/2023,438.06,439.99,441.06,437.72,38.25M,-0.45%
3/22/2023,440.06,440.1,445.01,440.06,35.07M,-0.01%
3/21/2023,440.1,438.53,442.5,437.83,53.65M,0.36%
3/20/2023,438.53,432.92,438.53,432.92,42.93M,1.30%
3/17/2023,432.92,432.13,434.37,431.72,55.63M,0.18%
3/16/2023,432.13,436.51,436.51,426.93,54.66M,-1.00%
3/15/2023,436.51,445.2,445.2,436.51,52.59M,-1.95%
3/14/2023,445.2,446.28,446.28,443.85,73.59M,-0.24%
3/13/2023,446.28,453.73,453.76,446.28,64.98M,-1.64%
3/10/2023,453.73,456.28,457.02,453.37,47.41M,-0.56%
3/9/2023,456.28,456.32,457.06,455.34,40.86M,-0.01%
3/8/2023,456.32,456.05,456.39,455.16,35.27M,0.06%
3/7/2023,456.05,461.11,461.11,454.82,52.74M,-1.03%
3/6/2023,460.78,462.14,462.24,459.57,36.50M,-0.29%
3/3/2023,462.14,459.88,462.85,458.62,83.96M,0.17%
3/2/2023,461.35,466.55,466.55,458.09,61.58M,-1.11%
3/1/2023,466.55,466.82,468.08,463.09,70.97M,-0.04%
2/28/2023,466.76,459.03,470.17,458.16,94.63M,1.68%
2/27/2023,459.03,456.73,459.37,455.56,34.79M,0.48%
2/24/2023,456.85,448.96,456.85,448.93,43.14M,1.76%
2/23/2023,448.96,447.2,449.42,447.2,53.40M,0.39%
2/22/2023,447.2,446.1,447.2,445.36,32.64M,0.25%
2/21/2023,446.1,447.78,449.34,445.88,46.54M,-0.38%
2/20/2023,447.78,446.97,450.21,446.97,45.31M,0.18%
2/17/2023,446.97,452.36,452.58,446.97,53.94M,-1.27%
2/16/2023,452.73,452.78,453.42,451.32,39.83M,-0.01%
2/15/2023,452.78,453.13,453.4,451.56,35.88M,-0.08%
2/14/2023,453.13,455.56,455.56,453.13,58.56M,-0.53%
2/13/2023,455.56,453.02,456.11,452.09,67.61M,0.56%
2/10/2023,453.02,452.97,453.84,451.93,28.49M,0.01%
2/9/2023,452.97,455.03,455.03,452.97,35.52M,-0.38%
2/8/2023,454.69,453.28,454.69,451.42,42.65M,0.39%
2/7/2023,452.91,455.69,455.69,451.92,48.50M,-0.61%
2/6/2023,455.69,457.14,457.14,454.89,43.89M,-0.32%
2/3/2023,457.14,452.33,457.14,451.48,58.09M,1.06%
2/2/2023,452.33,454.32,454.88,451.77,44.52M,-0.44%
2/1/2023,454.32,448.85,454.32,448.85,38.49M,1.22%
1/31/2023,448.85,448.98,454.67,448.68,68.80M,-0.03%
1/30/2023,448.98,445.02,451.19,444.66,63.43M,0.66%
1/27/2023,446.03,446.16,449,445.74,43.15M,-0.03%
1/26/2023,446.16,439.24,446.16,439.24,46.24M,1.58%
1/25/2023,439.24,440.73,441.35,439.15,21.24M,-0.34%
1/24/2023,440.73,439.31,441.91,438.66,50.82M,0.32%
1/23/2023,439.31,438.79,439.31,437.87,44.75M,0.12%
1/20/2023,438.79,437.16,440.25,437.16,39.03M,0.37%
1/19/2023,437.16,436.29,439,435.6,49.00M,0.20%
1/18/2023,436.29,436.07,437.27,435.83,137.73M,0.05%
1/17/2023,436.07,434.55,436.97,433.24,113.60M,0.19%
1/16/2023,435.23,450.51,450.51,435.23,80.94M,-3.39%
1/13/2023,450.51,443.84,452.87,443.84,79.03M,1.50%
1/12/2023,443.84,434.49,443.84,432.94,42.47M,2.15%
1/11/2023,434.49,429.29,434.49,429.29,36.39M,1.05%
1/10/2023,429.96,429.65,430.65,429.3,76.76M,0.07%
1/9/2023,429.65,434.72,440.75,429.59,131.70M,-1.31%
1/6/2023,435.34,434.34,437.54,433.89,52.20M,0.23%
1/5/2023,434.34,430.54,434.34,429.87,55.42M,0.88%
1/4/2023,430.54,428.34,434.35,427.67,59.08M,0.51%
1/3/2023,428.34,420.16,428.34,416.48,32.38M,2.60%
12/30/2022,417.5,429.8,429.8,417.5,240.46M,-2.86%
12/29/2022,429.8,428.64,433.13,423.61,62.79M,0.27%
12/28/2022,428.64,423.18,428.64,420.82,48.57M,1.38%
12/23/2022,422.8,416.73,422.8,416.73,19.69M,1.46%
12/22/2022,416.73,417.07,417.4,415.34,39.23M,-0.11%
12/21/2022,417.2,416.28,418.01,416.28,28.62M,0.22%
12/20/2022,416.28,415.14,417.38,413.39,23.97M,0.27%
12/19/2022,415.14,414.63,417.19,414.63,19.06M,0.12%
12/16/2022,414.63,410.16,417.75,407.97,43.41M,1.09%
12/15/2022,410.16,407.23,410.16,406.23,176.50M,0.72%
12/14/2022,407.23,407.51,410.53,406.78,29.61M,-0.07%
12/13/2022,407.51,404.93,407.6,404.23,64.95M,0.64%
12/12/2022,404.93,403.05,405.26,400.16,164.37M,0.47%
12/9/2022,403.05,400.12,403.05,400.12,42.08M,0.73%
12/8/2022,400.12,398.29,400.12,398.29,54.60M,0.46%
12/7/2022,398.29,398.97,400.19,398.21,32.14M,-0.17%
12/6/2022,398.97,398.84,401.01,398.84,18.43M,0.03%
12/5/2022,398.84,404.04,404.07,398.26,35.36M,-1.29%
12/2/2022,404.04,405.28,405.28,402.66,22.29M,-0.31%
12/1/2022,405.28,396.71,405.4,396.71,51.21M,2.16%
11/30/2022,396.71,390.52,396.71,390.45,38.44M,1.79%
11/29/2022,389.75,398.27,398.4,389.75,34.99M,-2.14%
11/28/2022,398.27,399.15,399.15,397.19,117.20M,-0.22%
11/25/2022,399.15,398.16,400.15,397.15,30.60M,0.25%
11/24/2022,398.16,403.68,404.86,394.73,66.47M,-1.37%
11/23/2022,403.68,396.47,403.78,395.51,60.02M,1.82%
11/22/2022,396.47,392.14,399.52,391.88,43.04M,1.10%
11/21/2022,392.14,387.31,392.17,387.31,40.65M,1.25%
11/18/2022,387.31,385.45,388.55,382.99,34.67M,0.48%
11/17/2022,385.45,389.17,389.57,385.45,30.77M,-0.96%
11/16/2022,389.17,373.46,389.17,373.31,65.70M,4.21%
11/15/2022,373.46,372.57,373.83,371.63,33.63M,0.24%
11/14/2022,372.57,371.61,373.58,370.92,126.94M,0.26%
11/11/2022,371.61,372.39,373.48,370.66,116.11M,-0.19%
11/10/2022,372.32,372.3,372.7,371.57,292.07M,0.01%
11/9/2022,372.3,372.15,373.18,370.77,41.44M,0.04%
11/8/2022,372.15,372.77,373.09,370.98,162.14M,-0.17%
11/7/2022,372.77,370.98,372.56,370.98,26.78M,0.48%
11/4/2022,370.98,372.07,373.53,370.43,256.19M,-0.29%
11/3/2022,372.07,371.87,372.81,370.94,147.77M,0.05%
11/2/2022,371.87,375.26,375.26,369.84,83.89M,-0.90%
11/1/2022,375.26,374.64,376.66,374.26,79.97M,0.07%
10/31/2022,375.01,378.05,379.13,374.82,54.33M,-0.80%
10/28/2022,378.05,378.89,379.78,375.91,43.97M,-0.22%
10/27/2022,378.89,374.74,378.92,374.74,32.12M,1.11%
10/26/2022,374.74,376.99,377.9,372.63,34.18M,-0.93%
10/25/2022,378.24,376.4,381.01,376.4,59.96M,0.49%
10/24/2022,376.4,377.79,377.79,375.14,14.52M,-0.37%
10/21/2022,377.79,379.1,379.17,376.32,51.73M,-0.35%
10/20/2022,379.1,382.23,382.23,378.43,57.97M,-0.82%
10/19/2022,382.23,380.32,382.89,379.94,33.98M,0.50%
10/18/2022,380.32,376.74,384.64,376.74,52.86M,0.95%
10/17/2022,376.74,373.48,376.92,373.17,42.21M,0.87%
10/14/2022,373.48,371.07,373.48,370,16.72M,0.65%
10/13/2022,371.07,367.64,371.4,367.64,24.43M,0.93%
10/12/2022,367.64,368.8,370.55,367.02,32.55M,-0.31%
10/11/2022,368.8,365.92,370.39,365.92,17.77M,0.65%
10/7/2022,366.42,362.64,366.42,362.64,26.44M,1.04%
10/6/2022,362.64,365.77,368.95,360.57,53.12M,-0.86%
10/5/2022,365.77,369.4,372.27,365.39,30.04M,-0.98%
10/4/2022,369.4,379.2,379.29,369.4,44.60M,-2.58%
9/30/2022,379.2,377.66,379.2,376.06,156.66M,0.41%
9/29/2022,377.66,378.23,380.13,375.91,122.87M,-0.15%
9/28/2022,378.23,382.09,382.09,375.32,31.09M,-1.01%
9/27/2022,382.09,384.58,387.73,380.74,51.73M,-0.65%
9/26/2022,384.58,382.65,385.8,382.65,29.08M,0.52%
9/23/2022,382.59,379.38,382.59,376.78,51.96M,0.85%
9/22/2022,379.38,378.13,379.76,377.7,55.62M,0.42%
9/21/2022,377.8,376.06,378.19,375.87,23.21M,0.49%
9/20/2022,375.96,375.12,376.6,375.06,30.33M,0.22%
9/19/2022,375.12,374.09,376.21,373.42,18.25M,0.28%
9/16/2022,374.09,379.38,380.46,373.4,42.94M,-1.39%
9/15/2022,379.38,380.06,380.52,376.99,61.04M,-0.09%
9/14/2022,379.72,385.48,385.86,379.07,43.30M,-1.32%
9/13/2022,384.8,385.13,387.8,384.1,47.61M,-0.09%
9/12/2022,385.13,386.88,387.88,385.13,30.15M,-0.45%
9/9/2022,386.88,383.54,387.43,383.54,251.01M,0.87%
9/8/2022,383.54,379.47,384.21,378.76,74.54M,1.07%
9/7/2022,379.47,380.62,380.62,377.47,61.18M,-0.30%
9/6/2022,380.62,385.31,385.88,380.19,52.67M,-1.31%
9/5/2022,385.69,389.22,392.33,385.43,129.02M,-0.91%
9/2/2022,389.22,385.74,391.05,385.74,148.14M,0.90%
9/1/2022,385.74,387.41,390.22,385.23,145.77M,-0.43%
8/31/2022,387.41,385.01,388.36,385.01,252.27M,0.62%
8/30/2022,385.01,385.51,385.69,384.9,37.53M,-0.13%
8/29/2022,385.51,384.7,385.63,384.05,116.38M,0.25%
8/26/2022,384.55,387.16,387.97,384.11,83.15M,-0.67%
8/25/2022,387.16,386.44,387.55,386.41,48.88M,0.19%
8/24/2022,386.44,384.28,387.29,383.59,74.49M,0.56%
8/23/2022,384.28,384.54,386.41,384.28,57.98M,-0.07%
8/22/2022,384.54,387.22,387.76,383.81,39.61M,-0.69%
8/19/2022,387.22,386.72,387.22,385.57,37.10M,0.23%
8/18/2022,386.35,385.64,386.83,382.21,40.53M,0.18%
8/17/2022,385.64,387.04,387.09,385.23,47.52M,-0.21%
8/16/2022,386.45,385.27,387.84,383.35,60.50M,0.31%
8/15/2022,385.27,384.71,386.9,382.97,55.16M,0.15%
8/12/2022,384.71,385.77,386.71,383.93,49.94M,-0.19%
8/11/2022,385.44,387.84,388.41,384.8,55.77M,-0.62%
8/10/2022,387.84,386.1,387.84,385.38,148.13M,0.42%
8/9/2022,386.22,383.91,386.81,383.24,36.91M,0.60%
8/8/2022,383.91,388.17,388.32,382.27,37.72M,-1.10%
8/5/2022,388.17,387.93,390.37,387.23,28.93M,0.06%
8/4/2022,387.93,380.06,387.93,380.06,32.52M,2.07%
8/3/2022,380.06,381.29,382.04,379.77,34.09M,-0.32%
8/2/2022,381.29,378.91,381.29,378.91,34.19M,0.63%
8/1/2022,378.91,378.21,380.22,376.94,67.15M,0.19%
7/29/2022,378.21,358.82,378.64,358.82,72.24M,6.60%
7/28/2022,354.79,367.15,367.51,354.53,57.99M,-3.54%
7/27/2022,367.82,376.64,376.64,366.97,53.39M,-2.34%
7/26/2022,376.64,383.75,385.21,376.64,40.50M,-1.85%
7/25/2022,383.75,379.85,383.75,379.69,39.90M,1.03%
7/22/2022,379.85,390.57,390.57,379.85,97.13M,-2.74%
7/21/2022,390.57,391.98,392.3,389.66,50.61M,-0.36%
7/20/2022,391.98,394.13,394.13,391.56,69.20M,-0.55%
7/19/2022,394.13,395.76,396.13,392.57,111.12M,-0.41%
7/18/2022,395.76,397.25,404.04,394.74,40.35M,-0.04%
7/15/2022,395.91,395.53,397.55,393.8,46.46M,0.10%
7/14/2022,395.53,398.18,399.44,395.28,40.14M,-0.67%
7/13/2022,398.18,397.99,399.14,396.65,55.44M,0.05%
7/8/2022,397.99,397.4,398.96,396.7,44.90M,0.15%
7/7/2022,397.4,395.43,397.69,395.38,68.73M,0.50%
7/6/2022,395.43,397.8,399.53,395.15,43.25M,-0.60%
7/5/2022,397.8,400.26,401.47,397.16,79.39M,-0.53%
7/4/2022,399.9,399.22,403.07,398.88,57.34M,0.17%
7/1/2022,399.22,397.79,400.14,397.61,41.08M,0.36%
6/30/2022,397.79,396.69,397.79,394.07,67.00M,0.28%
6/29/2022,396.69,397.36,397.5,395.71,73.98M,-0.07%
6/28/2022,396.98,397.05,399.82,396.67,59.16M,-0.02%
6/27/2022,397.05,395.02,399.79,393.91,77.32M,0.51%
6/24/2022,395.02,394.8,396.37,394.38,49.71M,0.06%
6/23/2022,394.8,394.2,396.27,393.23,53.11M,0.15%
6/22/2022,394.2,396.6,397.52,393.84,81.22M,-0.61%
6/21/2022,396.6,395.08,397.01,393.48,51.58M,0.38%
6/20/2022,395.08,393.72,395.93,393.59,74.06M,0.35%
6/17/2022,393.72,403.03,403.4,392.31,133.53M,-2.31%
6/16/2022,403.03,405.56,405.59,402.93,110.21M,-0.62%
6/15/2022,405.56,413.88,413.88,405.56,71.95M,-2.01%
6/14/2022,413.88,415.33,415.33,413.15,99.82M,-0.35%
6/10/2022,415.33,415.07,416.08,412.95,63.61M,0.06%
6/9/2022,415.07,420.12,420.12,415.07,50.73M,-1.20%
6/8/2022,420.12,423.77,423.77,419.88,51.33M,-0.86%
6/7/2022,423.77,422.56,424.43,421.56,70.77M,0.29%
6/6/2022,422.56,424.19,426.06,421.3,27.73M,-0.42%
6/3/2022,424.34,420.35,424.34,419.8,35.26M,0.95%
6/2/2022,420.35,424.79,424.79,420.02,76.08M,-0.97%
6/1/2022,424.45,427.54,429.37,424.45,40.50M,-0.30%
5/31/2022,425.71,426.36,427.51,423.29,82.34M,-0.15%
5/30/2022,426.36,427.47,429.13,426,67.31M,-0.26%
5/27/2022,427.47,425.41,428.14,424.58,43.31M,0.48%
5/26/2022,425.41,420.3,425.6,419.37,83.82M,1.22%
5/25/2022,420.3,429.06,429.06,419,117.90M,-2.13%
5/24/2022,429.45,431.14,432.24,428.67,450.46M,-0.39%
5/23/2022,431.14,431.11,434.67,431.11,156.90M,0.10%
5/20/2022,430.73,430.55,430.82,428.79,178.65M,0.04%
5/19/2022,430.55,433.85,434.43,430,51.51M,-0.76%
5/18/2022,433.85,433.4,435.98,433.4,155.19M,0.10%
5/17/2022,433.4,435.11,435.47,432.53,206.94M,-0.39%
5/16/2022,435.11,436.15,436.15,433.01,142.74M,-0.24%
5/13/2022,436.15,430.9,436.15,430.9,83.94M,1.22%
5/12/2022,430.9,434.63,435.97,429.8,84.37M,-0.86%
5/11/2022,434.63,434.52,436.4,432.49,108.02M,0.03%
5/10/2022,434.52,436.79,437.16,433.85,50.35M,-0.06%
5/9/2022,434.77,435.97,438.85,434.12,76.81M,-0.28%
5/6/2022,435.97,430.45,440.81,430.45,119.22M,1.34%
5/5/2022,430.2,430.54,432.46,429.02,115.26M,-0.08%
5/4/2022,430.54,434.46,434.46,430.53,344.58M,-0.98%
4/29/2022,434.82,434.1,435.68,431.21,51.24M,0.17%
4/28/2022,434.1,430.38,435.55,429.37,51.93M,0.86%
4/27/2022,430.38,436.77,437.18,429.14,54.53M,-1.46%
4/26/2022,436.77,442.94,443.07,436.54,64.63M,-1.39%
4/25/2022,442.94,442.18,443.32,438.51,69.27M,0.34%
4/22/2022,441.42,428.87,441.42,427.87,124.58M,2.93%
4/21/2022,428.87,426.71,429.63,425.99,62.17M,0.51%
4/20/2022,426.71,432.49,432.49,423.41,81.16M,-2.45%
4/19/2022,437.43,439.71,440.89,432.01,93.35M,-0.31%
4/14/2022,438.78,441.82,442.56,437.61,219.68M,-0.65%
4/13/2022,441.63,439.17,443.69,435.96,143.48M,0.56%
4/12/2022,439.17,427.82,439.17,425.46,63.93M,2.77%
4/11/2022,427.33,415.56,427.99,414.79,92.53M,2.83%
4/8/2022,415.56,412.45,415.64,412.45,57.29M,0.75%
4/7/2022,412.45,413.97,414.36,412.23,104.93M,-0.12%
4/6/2022,412.96,412.16,413.3,412.16,128.59M,0.15%
4/5/2022,412.35,405.33,413.34,405.33,112.09M,1.73%
4/4/2022,405.33,409,411.27,404.49,81.40M,-0.99%
4/1/2022,409.38,408.95,410.19,408.32,145.74M,0.02%
3/31/2022,409.28,414.66,414.66,408,133.47M,-1.30%
3/30/2022,414.66,417.16,417.92,412.17,129.66M,-0.60%
3/29/2022,417.16,421.32,421.32,417.16,61.76M,-0.99%
3/28/2022,421.32,440.79,440.79,417.82,138.64M,-4.42%
3/25/2022,440.79,438.51,441.15,438.51,98.92M,0.48%
3/24/2022,438.69,439.1,440.33,436.47,96.23M,-0.09%
3/23/2022,439.1,438.01,439.96,436.94,156.20M,0.25%
3/22/2022,438.01,439.68,439.68,435.85,154.96M,-0.38%
3/21/2022,439.68,443.72,443.72,436.34,86.36M,-0.91%
3/18/2022,443.72,442.74,445.09,439.7,120.60M,-0.63%
3/17/2022,446.54,446.5,447.47,445.3,77.29M,0.01%
3/16/2022,446.5,449.13,449.96,445.63,57.89M,-0.59%
3/15/2022,449.13,449.55,450.24,448.61,59.99M,-0.09%
3/14/2022,449.55,444.46,451.77,444.46,103.87M,1.15%
3/11/2022,444.46,442.95,444.84,441.93,94.66M,0.34%
3/10/2022,442.95,441.31,443.62,431.24,62.02M,0.37%
3/9/2022,441.31,441.49,442.32,439.47,52.39M,-0.04%
3/8/2022,441.49,441.76,443.2,439.23,591.02M,-0.06%
3/7/2022,441.76,438.81,444.96,438.81,149.23M,0.67%
3/4/2022,438.81,440.37,441.44,438.42,37.80M,-0.66%
3/3/2022,441.71,444.2,444.2,439.55,42.55M,-0.56%
3/2/2022,444.2,450.52,450.52,440.47,81.99M,-1.32%
3/1/2022,450.15,452.86,453.24,449.71,72.82M,-0.75%
2/28/2022,453.53,451.04,456.78,451.04,62.68M,0.55%
2/25/2022,451.04,449.92,451.04,448.52,54.18M,0.25%
2/24/2022,449.92,451.92,451.92,448.6,111.32M,-0.27%
2/23/2022,451.16,452.74,453.73,451.16,71.38M,-0.35%
2/22/2022,452.74,453.08,455.24,452.35,160.64M,-0.08%
2/21/2022,453.08,450.09,454.86,450.09,117.53M,0.66%
2/18/2022,450.09,449.75,450.22,448.61,91.08M,0.08%
2/17/2022,449.75,446.32,450,445.92,80.19M,0.36%
2/16/2022,448.14,449.06,449.69,447.94,115.60M,-0.20%
2/15/2022,449.06,453.65,453.65,449.06,116.29M,-1.01%
2/14/2022,453.65,453.45,453.69,449.41,141.85M,0.04%
2/11/2022,453.45,457.82,457.82,452.41,105.29M,-0.95%
2/10/2022,457.82,454.53,457.82,453.16,63.24M,0.64%
2/9/2022,454.9,447.4,454.9,447.4,110.68M,1.68%
2/8/2022,447.4,448.16,448.16,442.88,77.88M,-0.17%
2/7/2022,448.16,443.1,448.16,442.61,68.40M,1.14%
2/4/2022,443.1,442.3,444.15,442.09,57.68M,0.18%
2/3/2022,442.3,444.56,445.04,440.01,121.98M,-0.51%
2/2/2022,444.56,450.83,452.52,442.27,130.94M,-1.39%
2/1/2022,450.83,441.51,451.84,440.93,97.72M,2.15%
1/31/2022,441.35,439.63,443.43,439.63,123.54M,0.43%
1/28/2022,439.44,429.55,440.46,429.55,93.39M,2.30%
1/27/2022,429.55,424.98,430.18,424.98,44.79M,1.08%
1/26/2022,424.98,419.44,424.98,419.44,64.55M,1.32%
1/25/2022,419.44,417.25,420.12,415.84,81.82M,0.52%
1/24/2022,417.25,419.14,419.14,416.59,93.98M,-0.45%
1/21/2022,419.14,419.6,419.6,417.81,93.46M,-0.11%
1/20/2022,419.6,418.08,419.6,417.84,54.18M,0.36%
1/19/2022,418.08,416,418.72,416,79.22M,0.50%
1/18/2022,416,411.98,416.34,411.32,81.49M,0.98%
1/17/2022,411.98,412.3,412.54,410.41,49.80M,-0.08%
1/14/2022,412.3,411.25,412.37,410.86,96.43M,0.26%
1/13/2022,411.25,410.98,411.94,410.59,105.98M,0.07%
1/12/2022,410.98,409.4,410.98,408.66,61.27M,0.39%
1/11/2022,409.4,408.74,410.01,407.64,61.71M,0.16%
1/10/2022,408.74,409.22,411.68,407.49,48.93M,-0.12%
1/7/2022,409.22,408.41,409.77,408.12,56.99M,0.44%
1/6/2022,407.41,405.62,408.41,403.43,55.16M,0.44%
1/5/2022,405.62,407.66,407.66,403.14,73.59M,-0.50%
1/4/2022,407.66,406.22,408.07,405.07,65.06M,0.39%
12/31/2021,406.07,404.43,412.67,402.42,185.03M,0.66%
12/30/2021,403.42,401.33,403.63,400.32,213.72M,0.52%
12/29/2021,401.33,395.76,403.26,395.76,73.02M,1.41%
12/24/2021,395.76,396.03,396.67,393.31,40.14M,0.73%
12/23/2021,392.91,390.88,394.09,390.21,47.97M,0.52%
12/22/2021,390.88,394.84,395.09,390.81,40.47M,-1.00%
12/21/2021,394.84,396.16,397.39,394.84,38.86M,-0.43%
12/20/2021,396.54,395.38,397.07,394.22,29.67M,0.29%
12/17/2021,395.38,397.32,402.92,395.38,92.35M,-0.49%
12/16/2021,397.32,394.78,397.71,394.61,92.14M,0.45%
12/15/2021,395.54,396.35,396.73,393.71,32.25M,-0.20%
12/14/2021,396.35,399.8,399.93,396.17,103.93M,-1.11%
12/13/2021,400.81,402.71,402.76,397.3,91.50M,-0.47%
12/10/2021,402.71,394.41,402.71,394.19,134.31M,2.20%
12/9/2021,394.04,387.43,395.02,385.93,159.32M,1.68%
12/8/2021,387.53,380.58,387.89,380.14,123.88M,1.83%
12/7/2021,380.58,376.34,380.9,372.96,166.25M,1.13%
12/6/2021,376.34,381.17,381.17,374.97,139.53M,-1.37%
12/3/2021,381.55,381.76,383.84,380.85,54.98M,-0.06%
12/2/2021,381.76,386.3,386.49,381.76,53.76M,-1.18%
12/1/2021,386.3,390.78,390.78,386.22,55.67M,-1.15%
11/30/2021,390.78,389.78,391.11,385.44,105.19M,0.26%
11/29/2021,389.78,390.48,390.48,388.54,43.50M,-0.18%
11/26/2021,390.48,391.79,391.79,389.52,65.84M,-0.33%
11/25/2021,391.79,396.39,396.39,390.11,74.97M,-1.16%
11/24/2021,396.39,396.56,397.23,395.72,90.08M,0.25%
11/23/2021,395.42,394.59,396.84,392.88,44.02M,0.21%
11/22/2021,394.59,391.61,394.91,391.51,67.01M,0.76%
11/19/2021,391.61,394.72,394.72,389.96,49.16M,-0.79%
11/18/2021,394.72,395.46,396.92,394.72,103.04M,-0.19%
11/17/2021,395.46,396.93,403.93,395.13,55.10M,-0.37%
11/16/2021,396.93,396.51,397.43,395.25,76.54M,0.11%
11/15/2021,396.51,397.98,399.17,395.79,77.19M,-0.37%
11/12/2021,397.98,396.23,398.06,392.87,43.56M,0.63%
11/11/2021,395.49,399.27,399.35,395.35,43.75M,-0.95%
11/10/2021,399.27,403.2,403.2,396.57,75.45M,-0.97%
11/9/2021,403.2,402.9,403.28,401.09,133.78M,0.07%
11/8/2021,402.9,403.27,404.15,400.05,163.86M,-0.09%
11/5/2021,403.27,396.31,403.27,396.25,125.61M,1.76%
11/4/2021,396.31,398.35,399.48,396.31,33.50M,-0.51%
11/3/2021,398.35,401.89,402.4,397.69,68.67M,-1.03%
11/2/2021,402.48,409,409,401.79,129.50M,-1.51%
11/1/2021,408.63,409.63,410.51,407.63,86.55M,-0.43%
10/29/2021,410.39,405.42,410.39,405.29,86.83M,1.23%
10/28/2021,405.42,402.39,406.88,401.92,117.22M,0.67%
10/27/2021,402.72,400.69,403.65,400.15,73.68M,0.51%
10/26/2021,400.69,399.87,401.45,398.72,84.08M,0.21%
10/25/2021,399.87,400.64,401.01,399.53,133.22M,-0.19%
10/22/2021,400.64,400.24,402.37,398.33,161.37M,0.29%
10/21/2021,399.48,398.8,399.8,398.66,72.65M,0.17%
10/20/2021,398.8,399.6,401.16,397.4,95.47M,-0.20%
10/18/2021,399.6,397.89,401.83,397.46,87.85M,0.43%
10/15/2021,397.89,396.54,397.94,393.99,76.85M,0.34%
10/14/2021,396.54,398.88,402.07,395.59,97.53M,-0.86%
10/13/2021,399.97,394.7,401.41,393.55,109.39M,1.40%
10/12/2021,394.45,390.54,395.41,390.54,99.19M,1.00%
10/11/2021,390.54,387.58,391.27,387.58,62.84M,0.75%
10/8/2021,387.64,383.04,388.01,382.98,62.30M,1.20%
10/7/2021,383.04,381.47,386.14,380.8,98.42M,0.70%
10/6/2021,380.38,380.23,390.66,380.23,136.84M,0.06%
10/5/2021,380.17,370.9,381.19,370.7,107.29M,2.50%
10/4/2021,370.9,370.85,372.28,370.35,56.16M,0.01%
9/30/2021,370.85,371.96,373.01,370.17,63.83M,-0.30%
9/29/2021,371.96,368.99,371.96,367.59,49.00M,0.80%
9/28/2021,368.99,370.11,370.11,368.12,47.56M,-0.30%
9/27/2021,370.11,368.63,370.48,368.02,37.62M,0.40%
9/24/2021,368.63,361.91,368.67,356.93,59.78M,1.86%
9/23/2021,361.91,362.61,362.98,361.37,32.42M,-0.19%
9/22/2021,362.61,365.63,365.87,362.61,58.76M,-0.83%
9/21/2021,365.63,369.21,369.21,363.36,77.71M,-0.97%
9/20/2021,369.21,370.21,371.37,368.6,41.32M,-0.27%
9/17/2021,370.21,371.48,371.84,369.2,41.75M,-0.34%
9/16/2021,371.48,372.53,373.21,370.77,52.20M,-0.28%
9/15/2021,372.53,373.99,374.37,371.03,36.02M,-0.39%
9/14/2021,373.99,373.64,374.02,372.29,120.42M,0.09%
9/13/2021,373.64,373.16,375.6,373.16,57.79M,0.13%
9/10/2021,373.16,376.31,376.31,370.13,59.32M,-0.84%
9/9/2021,376.31,376.64,377.53,374.12,152.26M,0.03%
9/8/2021,376.21,377.41,378.05,376.11,117.61M,-0.32%
9/7/2021,377.41,378.58,379.73,377.16,132.77M,-0.31%
9/6/2021,378.58,376.79,379.31,376.67,65.62M,0.48%
9/3/2021,376.79,376.82,377.72,375.61,68.14M,-0.01%
9/2/2021,376.82,376.09,377.93,374.05,110.01M,0.19%
9/1/2021,376.09,376.96,378.33,376.09,41.68M,-0.23%
8/31/2021,376.96,378.42,378.42,375.21,84.44M,-0.39%
8/30/2021,378.42,376.3,378.72,375.97,36.74M,-0.15%
8/27/2021,378.99,377.89,379.26,377.51,32.27M,0.29%
8/26/2021,377.89,377.56,378.59,377.19,33.97M,0.09%
8/25/2021,377.56,378.03,378.29,376.8,37.48M,-0.12%
8/24/2021,378.03,377.03,379.07,377.03,60.60M,0.12%
8/23/2021,377.59,377.87,378.79,376.78,38.67M,-0.07%
8/20/2021,377.87,378.16,379.53,377.7,57.36M,-0.18%
8/19/2021,378.54,378.09,378.93,377.49,49.52M,-0.06%
8/18/2021,378.76,378.45,379.1,377.69,31.26M,0.08%
8/17/2021,378.45,378.54,379.44,378.16,24.95M,-0.02%
8/16/2021,378.54,381.01,381.01,376.77,39.35M,-0.65%
8/13/2021,381.01,379.67,381.28,379.38,51.06M,0.35%
8/12/2021,379.67,380.58,382.33,379.42,53.98M,-0.24%
8/11/2021,380.58,378.89,381.02,378.89,72.20M,0.45%
8/10/2021,378.89,378.7,379.8,377.98,76.36M,-0.02%
8/9/2021,378.95,379.15,380.26,378.1,61.90M,-0.05%
8/6/2021,379.15,379.33,380.06,379.07,44.59M,-0.05%
8/5/2021,379.33,380.46,380.57,378.94,52.95M,-0.30%
8/4/2021,380.46,378.33,380.83,378,91.28M,0.56%
8/3/2021,378.33,382.19,382.45,377.85,62.65M,-0.81%
8/2/2021,381.43,381.35,384.85,381.26,38.46M,0.02%
7/30/2021,381.35,380,383.39,380,33.22M,0.36%
7/29/2021,380,382.72,382.72,378.94,72.01M,-0.81%
7/28/2021,383.1,386.82,387.25,383.02,91.14M,-0.96%
7/27/2021,386.82,386.14,387.73,385.74,85.61M,0.21%
7/26/2021,386.01,384.99,387.05,384.12,96.31M,0.26%
7/23/2021,384.99,383.05,386.36,382.5,81.99M,0.51%
7/22/2021,383.05,381.87,383.27,380.15,76.74M,0.31%
7/19/2021,381.87,383.3,383.67,380.18,349.76M,-0.37%
7/16/2021,383.3,379.53,383.81,379.25,76.14M,0.99%
7/15/2021,379.53,376.99,379.53,376.7,39.37M,0.67%
7/14/2021,376.99,380.45,380.45,376.3,101.93M,-0.91%
7/13/2021,380.45,378.62,382.41,378.62,78.73M,0.37%
7/12/2021,379.03,382.94,383.25,377.01,73.44M,-1.02%
7/9/2021,382.94,382.86,383.62,381.85,47.24M,-0.07%
7/8/2021,383.19,385.89,386.02,383.19,71.08M,-1.09%
7/7/2021,387.42,385.69,391.64,381.51,121.31M,0.54%
7/6/2021,385.33,373.42,385.71,373.42,118.82M,3.29%
7/5/2021,373.06,370.73,373.42,368.9,100.94M,0.59%
7/2/2021,370.88,368.05,370.88,367.95,102.23M,0.77%
7/1/2021,368.05,366.47,368.05,364.86,49.85M,0.43%
6/30/2021,366.47,366.69,366.99,366.05,78.54M,0.02%
6/29/2021,366.39,365.76,366.71,364.11,64.18M,0.17%
6/28/2021,365.76,365.76,365.76,365.76,,0.07%
6/25/2021,365.5,362.14,368.32,362.14,70.58M,1.09%
6/24/2021,361.57,359.93,363.14,359.22,54.64M,0.46%
6/23/2021,359.93,362.66,362.71,359.93,72.91M,-0.75%
6/22/2021,362.66,362.91,363.24,362,52.20M,-0.07%
6/21/2021,362.91,362.26,362.98,361.25,67.48M,0.18%
6/18/2021,362.27,360.92,362.51,360.64,100.58M,0.36%
6/17/2021,360.96,358.47,361.19,358.47,76.48M,0.89%
6/16/2021,357.77,359.19,359.25,357.05,162.55M,-0.37%
6/15/2021,359.11,358.61,360.09,357.84,133.87M,0.14%
6/11/2021,358.61,358.44,358.84,357.61,111.53M,0.05%
6/10/2021,358.44,356.6,359,355.99,93.09M,0.52%
6/9/2021,356.6,352.2,357.09,352.2,84.47M,1.25%
6/8/2021,352.2,352.39,352.96,351.78,70.61M,-0.05%
6/7/2021,352.39,355.23,355.23,352.39,59.51M,-0.86%
6/4/2021,355.45,354.27,355.45,353.98,33.72M,0.33%
6/3/2021,354.27,356.04,356.29,353.9,67.79M,-0.50%
6/2/2021,356.04,355.98,356.65,355.09,30.17M,0.02%
6/1/2021,355.98,356.43,358.27,355.48,76.42M,-0.13%
5/31/2021,356.43,355.3,357.47,354.51,76.37M,0.32%
5/28/2021,355.3,354.8,356.89,354.26,109.46M,0.14%
5/27/2021,354.8,356.09,357.82,354.8,66.95M,-0.36%
5/26/2021,356.09,357.65,358.63,355.68,81.12M,-0.44%
5/25/2021,357.65,359.33,359.33,357.36,103.07M,-0.47%
5/24/2021,359.33,361.8,361.86,358.96,43.61M,-0.68%
5/21/2021,361.8,362.71,363.11,360.72,32.43M,-0.25%
5/20/2021,362.71,363.12,363.75,361.26,74.07M,-0.11%
5/19/2021,363.12,365.39,366.15,361.83,45.03M,-0.62%
5/18/2021,365.39,365.27,365.43,363.22,67.16M,0.03%
5/17/2021,365.27,367.42,367.95,365.07,116.44M,-0.59%
5/14/2021,367.42,363.3,367.73,363.1,111.60M,1.13%
5/11/2021,363.3,364.5,365.93,362.86,145.04M,-0.33%
5/10/2021,364.5,354.25,370.43,354.25,110.84M,2.89%
5/7/2021,354.25,350.35,354.53,350.35,105.31M,1.11%
5/6/2021,350.35,345,352.95,344.97,205.08M,1.55%
5/5/2021,345,351.18,351.18,345,132.32M,-1.69%
5/4/2021,350.93,352.07,353.52,349.02,168.11M,-0.32%
4/30/2021,352.07,352.93,353.13,350.66,96.49M,0.16%
4/29/2021,351.51,356.47,356.47,351.51,49.74M,-1.45%
4/28/2021,356.68,357.16,359.5,356.07,45.54M,-0.22%
4/27/2021,357.46,359.32,359.43,356.09,133.27M,-0.52%
4/26/2021,359.32,359.57,360.73,356.59,84.98M,-0.07%
4/23/2021,359.57,357.76,360,357.52,122.20M,0.51%
4/22/2021,357.76,357.89,359.19,355.94,120.16M,-0.04%
4/21/2021,357.89,350.22,358.5,349.56,85.74M,2.25%
4/20/2021,350.01,343.99,351.05,343.99,210.40M,1.69%
4/19/2021,344.19,343.65,345.44,343.08,174.17M,0.34%
4/16/2021,343.03,345.04,345.04,341.28,108.87M,-0.52%
4/15/2021,344.83,348.2,348.24,344.19,128.84M,-0.97%
4/14/2021,348.2,348.91,349.58,347.33,92.36M,-0.20%
4/13/2021,348.91,349.03,350.06,345.04,101.87M,0.03%
4/12/2021,348.82,348.77,349.97,348.25,75.62M,0.16%
4/9/2021,348.28,346.63,349.06,346.63,55.44M,0.41%
4/8/2021,346.87,339.43,347.75,339.43,66.67M,2.19%
4/7/2021,339.43,350.36,350.44,338.63,174.86M,-3.12%
4/6/2021,350.36,356.3,356.76,348.97,91.81M,-1.95%
4/1/2021,357.33,370.29,370.29,355.68,58.88M,-3.34%
3/31/2021,369.67,372.79,372.79,368.49,228.26M,-0.84%
3/30/2021,372.79,369.74,374.93,369.74,163.14M,0.94%
3/29/2021,369.33,361.89,369.36,361.89,408.42M,2.06%
3/26/2021,361.89,359.94,361.93,359.69,164.73M,0.48%
3/25/2021,360.16,358.01,360.16,357.55,134.57M,0.60%
3/24/2021,358.01,358.99,359.62,358.01,194.75M,-0.21%
3/23/2021,358.78,360.33,361.07,358.3,,-0.65%
3/22/2021,361.11,361.89,363.77,360.59,156.61M,-0.01%
3/19/2021,361.13,351.95,363.23,351.95,140.86M,2.80%
3/18/2021,351.28,336.46,351.93,336.46,174.94M,4.40%
3/17/2021,336.46,337.87,337.87,332.81,103.99M,-0.42%
3/16/2021,337.87,349.91,349.91,337.87,84.80M,-3.51%
3/15/2021,350.16,353.75,354.51,348.21,42.59M,-1.01%
3/12/2021,353.75,354.08,354.41,353.14,76.70M,-0.09%
3/11/2021,354.08,354.06,354.54,352.67,62.14M,0.01%
3/10/2021,354.06,355.32,357.23,353.21,145.25M,-0.35%
3/9/2021,355.32,375.22,375.22,351.21,225.57M,-5.30%
3/8/2021,375.22,374.9,377.29,372.53,99.30M,-0.03%
3/5/2021,375.35,377.35,377.76,372.49,110.73M,-0.53%
3/4/2021,377.35,383.47,383.64,374.71,121.12M,-1.54%
3/3/2021,383.25,383.24,385.14,382.21,103.77M,0.00%
3/2/2021,383.24,383.7,383.7,381.17,82.17M,-0.12%
3/1/2021,383.7,382.76,384.83,382.32,420.68M,0.25%
2/26/2021,382.76,384.62,384.62,380.01,376.90M,-0.48%
2/25/2021,384.62,389.79,389.79,384.49,92.81M,-1.44%
2/24/2021,390.23,389.71,395.1,389.58,246.61M,0.77%
2/23/2021,387.26,380.87,387.4,379.88,115.90M,1.68%
2/22/2021,380.87,379.88,385.03,379.88,99.71M,0.19%
2/19/2021,380.13,372.85,380.13,372.85,70.29M,1.95%
2/18/2021,372.85,382.82,383.52,371.72,122.95M,-2.60%
2/17/2021,382.82,383.76,388.32,382.82,55.14M,-0.24%
2/16/2021,383.76,385.85,387.43,383.76,114.05M,-0.31%
2/15/2021,384.96,378.1,384.96,378.1,70.30M,1.81%
2/12/2021,378.1,376.42,379.88,375.15,187.57M,0.52%
2/11/2021,376.16,383.75,383.75,369.71,162.69M,-2.98%
2/10/2021,387.72,401.13,401.13,387.6,136.40M,-3.36%
2/9/2021,401.21,403.29,404.31,401.21,81.01M,-0.52%
2/8/2021,403.29,414.39,416.01,401.67,159.55M,-2.68%
2/5/2021,414.39,408.85,414.59,398.15,234.05M,1.36%
2/4/2021,408.85,412.64,412.64,407.52,240.28M,-0.31%
2/3/2021,410.14,410.72,411.18,407.82,237.28M,-0.14%
2/2/2021,410.72,424.17,424.39,410.72,220.98M,-3.06%
2/1/2021,423.69,424.49,425.49,423.03,262.61M,-0.08%
1/29/2021,424.04,420.97,425.9,419.81,221.92M,0.52%
1/28/2021,421.86,412.91,423.35,412.51,203.29M,2.11%
1/27/2021,413.14,412.34,413.43,411.84,144.26M,0.31%
1/26/2021,411.85,412.41,412.76,411.19,94.31M,-0.14%
1/25/2021,412.41,410.39,414.51,410.39,106.01M,0.49%
1/22/2021,410.39,411.19,412.08,410.08,130.98M,-0.17%
1/21/2021,411.08,412.02,412.63,410.8,156.71M,-0.23%
1/20/2021,412.02,412.95,413.01,409.72,121.32M,-0.23%
1/19/2021,412.95,415.97,415.97,411.56,108.60M,-0.73%
1/18/2021,415.97,414.57,419.06,412.66,164.38M,0.01%
1/15/2021,415.91,414.08,417.77,413.92,209.14M,0.54%
1/14/2021,413.67,404.19,413.77,404.19,208.08M,2.35%
1/13/2021,404.19,403.88,405.8,402.98,133.04M,0.08%
1/12/2021,403.88,406.42,406.92,402.33,121.78M,-0.62%
1/11/2021,406.42,405.64,407.17,404.44,65.82M,0.06%
1/8/2021,406.16,400.39,406.33,400.39,116.67M,1.44%
1/7/2021,400.39,397.39,403.1,396.86,95.40M,0.64%
1/6/2021,397.85,395.31,398.29,394.6,84.62M,0.64%
1/5/2021,395.31,404.13,404.13,394.37,142.27M,-2.98%
1/4/2021,407.47,394.28,410.35,394.28,35.10M,3.68%
12/31/2020,393.02,396.79,399.08,391.38,209.02M,-0.89%
12/30/2020,396.56,399.41,401.48,396.06,155.53M,-0.71%
12/29/2020,399.41,395.25,399.78,393.31,111.40M,1.05%
12/24/2020,395.25,396.11,399.67,394.97,187.04M,-0.22%
12/23/2020,396.11,395.41,396.5,395.36,87.59M,0.18%
12/22/2020,395.41,395.19,395.41,391.35,162.02M,0.06%
12/21/2020,395.19,398.93,399.04,392.86,87.32M,-1.05%
12/18/2020,399.38,397.96,399.79,397.96,92.82M,0.36%
12/17/2020,397.96,393.58,398.97,393.58,95.63M,1.11%
12/16/2020,393.58,386.59,397.04,386.59,476.95M,1.86%
12/15/2020,386.38,378.67,386.76,378.67,116.83M,2.04%
12/14/2020,378.67,380.12,380.81,377.1,104.51M,-0.33%
12/11/2020,379.91,370.5,381.41,368.99,540.82M,2.54%
12/10/2020,370.5,386.5,386.5,364.28,277.26M,-4.14%
12/9/2020,386.5,386.76,387.1,385.91,98.64M,-0.07%
12/8/2020,386.76,388.34,389.13,385.64,215.75M,-0.34%
12/7/2020,388.08,391.38,391.59,388.08,169.08M,-0.84%
12/4/2020,391.38,391.37,391.78,389.38,127.61M,0.00%
12/3/2020,391.37,399.65,399.67,390.19,120.41M,-2.07%
12/2/2020,399.65,402.87,404.33,397.7,163.48M,-0.80%
12/1/2020,402.87,394.37,405.64,394.37,132.28M,2.27%
11/30/2020,393.93,404.01,404.01,393.93,132.20M,-2.49%
11/27/2020,404.01,404.95,405.17,400.95,68.22M,-0.23%
11/26/2020,404.95,404.88,409.35,404.39,127.44M,0.02%
11/25/2020,404.88,402.55,410.16,402.55,189.39M,1.59%
11/24/2020,398.54,389.06,398.83,388.41,203.46M,2.18%
11/23/2020,390.03,407.14,407.64,380.91,315.42M,-4.72%
11/20/2020,409.37,418.39,419.65,408.57,158.79M,-2.16%
11/19/2020,418.39,430.08,431.61,418.18,133.75M,-2.66%
11/18/2020,429.84,419.23,435.4,418.46,286.17M,2.53%
11/17/2020,419.23,415.8,423.45,396.09,505.95M,0.75%
11/16/2020,416.12,435.69,435.69,409.15,314.02M,-4.43%
11/13/2020,435.4,459.19,459.31,422.16,528.49M,-5.35%
11/12/2020,460.03,427.88,460.03,427.88,578.86M,7.94%
11/11/2020,426.18,409.53,426.34,403.8,311.80M,4.07%
11/10/2020,409.53,405.77,409.53,403.24,290.77M,0.93%
11/9/2020,405.77,380.7,409.13,380.7,321.22M,6.59%
11/6/2020,380.7,368.21,380.7,368.21,219.55M,3.39%
11/5/2020,368.21,367.98,369.68,366.92,172.25M,0.06%
11/4/2020,367.98,367.97,369.44,367.2,202.71M,0.00%
11/3/2020,367.97,369.26,369.26,365.76,171.35M,-0.47%
11/2/2020,369.71,372.39,374.62,365.82,211.96M,-0.78%
10/30/2020,372.61,360.21,372.75,360.21,448.89M,3.48%
10/28/2020,360.08,355.87,361.17,354.87,204.67M,1.18%
10/27/2020,355.87,348.35,355.87,347.87,174.94M,2.16%
10/26/2020,348.35,344.86,348.43,344.86,158.44M,1.01%
10/23/2020,344.86,339.13,345.55,338.91,218.85M,1.69%
10/22/2020,339.13,337.91,341.25,336.19,227.31M,-0.03%
10/21/2020,339.24,342.64,342.64,325.67,162.12M,-1.70%
10/20/2020,345.09,348.65,349.87,342.15,164.61M,-1.02%
10/19/2020,348.65,349.16,351.08,346.4,157.20M,-0.34%
10/16/2020,349.83,334.87,350.2,333.56,282.44M,4.47%
10/15/2020,334.87,338.08,338.33,334.63,241.32M,-0.74%
10/14/2020,337.35,335.8,338.21,335.8,154.50M,0.46%
10/13/2020,335.8,339.82,340.87,334.72,183.59M,-1.18%
10/12/2020,339.82,340.01,343.23,339.23,250.08M,-0.06%
10/9/2020,340.01,350.42,350.54,340.01,188.78M,-2.48%
10/8/2020,348.64,338.89,351.84,338.89,232.83M,2.88%
10/7/2020,338.89,353.01,365.47,330.63,473.53M,-3.27%
10/6/2020,350.33,326.48,350.48,326.48,401.24M,7.48%
10/5/2020,325.96,316.88,326.64,316.83,391.28M,3.37%
10/2/2020,315.33,310.39,315.33,309.86,366.25M,1.59%
9/30/2020,310.39,304.76,312.04,304.76,200.37M,1.93%
9/29/2020,304.51,303.3,305.46,302.29,281.46M,0.40%
9/28/2020,303.3,302.5,304.22,302.5,236.07M,0.26%
9/25/2020,302.5,297.79,303.12,297.66,207.83M,2.01%
9/24/2020,296.53,291.9,298.81,291.9,242.35M,1.59%
9/23/2020,291.9,290.02,292.94,289.81,228.07M,0.65%
9/22/2020,290.02,291.76,292.08,289.13,113.01M,-0.60%
9/21/2020,291.76,292.45,292.66,291.13,47.02M,-0.09%
9/18/2020,292.01,291.13,292.29,290.21,51.10M,0.30%
9/17/2020,291.13,292.18,292.87,290.33,103.89M,-0.36%
9/16/2020,292.18,293.87,295.57,291.45,83.30M,-0.58%
9/15/2020,293.87,294.4,295.15,292.88,105.97M,-0.18%
9/14/2020,294.4,293.97,294.71,293.51,81.54M,0.15%
9/11/2020,293.97,291.75,293.99,291.55,51.13M,0.76%
9/10/2020,291.75,285.25,292.9,283.82,120.08M,2.28%
9/9/2020,285.25,288.16,289.87,285.03,134.57M,-1.54%
9/8/2020,289.72,299.54,299.91,289.45,98.30M,-3.42%
9/7/2020,299.98,302.09,303.99,299.52,132.49M,-0.70%
9/4/2020,302.09,299.09,304.52,299.09,253.28M,1.60%
9/3/2020,297.32,295.95,297.58,295.95,75.93M,0.46%
9/2/2020,295.95,294.17,296.19,293.43,52.39M,0.36%
9/1/2020,294.9,291.79,295.09,291.79,,1.07%
8/31/2020,291.79,293.73,294.11,291.18,62.49M,-0.74%
8/28/2020,293.97,292.88,293.97,292.68,49.24M,0.46%
8/27/2020,292.63,293.84,293.9,291.99,63.70M,-0.41%
8/26/2020,293.84,294.18,294.18,293.2,92.52M,-0.03%
8/25/2020,293.94,294.55,295.22,293.14,85.33M,-0.22%
8/24/2020,294.6,294.64,295.5,290.05,80.88M,-0.01%
8/21/2020,294.64,296,298.51,294.22,55.43M,-0.46%
8/20/2020,296,295.73,296.18,295.1,58.06M,0.18%
8/19/2020,295.48,293.1,295.99,292.89,96.15M,0.81%
8/18/2020,293.1,291.58,293.18,291.39,119.26M,0.52%
8/17/2020,291.58,292.28,292.61,291.55,68.99M,-0.24%
8/14/2020,292.28,292.61,292.61,291.16,162.81M,-0.19%
8/13/2020,292.84,292.74,293.59,292.74,58.43M,0.03%
8/12/2020,292.74,293.79,294.04,291.45,140.84M,-0.36%
8/11/2020,293.79,292.26,294.13,292.22,121.82M,0.52%
8/10/2020,292.26,292.37,293.55,291.87,69.55M,-0.04%
8/7/2020,292.37,286.62,292.55,286.62,76.13M,2.38%
8/6/2020,285.58,285.17,286.06,283.85,43.31M,0.14%
8/5/2020,285.17,284.96,287.41,284.91,136.00M,0.07%
8/4/2020,284.96,280.54,284.96,280.49,39.71M,1.58%
8/3/2020,280.54,278.6,280.95,278.6,64.93M,0.70%
7/29/2020,278.6,279.18,279.42,277.77,43.89M,-0.21%
7/28/2020,279.18,280.43,282.07,277.92,43.37M,-0.45%
7/27/2020,280.43,270.41,280.43,270.3,41.62M,3.71%
7/24/2020,270.41,270.39,271.68,270.39,75.11M,0.01%
7/23/2020,270.39,270.6,270.85,270.14,51.59M,-0.08%
7/22/2020,270.6,270.67,271.47,270.16,66.37M,-0.03%
7/21/2020,270.67,270.99,272.94,270.45,84.59M,-0.07%
7/20/2020,270.87,272.1,273.07,270.87,138.57M,-0.45%
7/17/2020,272.1,273.84,275.26,269.93,45.67M,-0.81%
7/16/2020,274.32,271.59,275.04,271.24,86.47M,1.01%
7/15/2020,271.59,270.59,272.82,269.58,132.13M,0.37%
7/14/2020,270.59,278.38,278.87,270.22,133.87M,-2.80%
7/13/2020,278.38,282.95,283.19,276.9,139.76M,-1.70%
7/10/2020,283.19,285.14,285.22,281.16,57.82M,-0.68%
7/9/2020,285.14,283.44,287.6,283.44,110.85M,0.60%
7/8/2020,283.44,274.09,283.44,274.09,98.62M,3.41%
7/7/2020,274.09,271.6,274.09,271.6,62.55M,0.92%
7/6/2020,271.6,267.55,271.81,266.66,114.64M,1.51%
7/3/2020,267.55,266.7,270.13,266.7,82.95M,0.32%
7/2/2020,266.7,279.49,280.5,265.47,76.46M,-4.58%
7/1/2020,279.49,281.96,282.37,277.97,46.96M,-0.88%
6/30/2020,281.96,285.73,285.73,280.22,47.32M,-1.32%
6/29/2020,285.73,289.31,289.54,284.87,51.68M,-1.24%
6/26/2020,289.31,287.48,289.31,287.18,52.10M,0.64%
6/25/2020,287.48,288.01,288.17,287.12,43.70M,-0.18%
6/24/2020,288.01,287.33,288.4,286.89,63.81M,0.24%
6/23/2020,287.33,288.83,288.92,285.49,49.08M,-0.60%
6/22/2020,289.07,290.81,291.29,288.88,41.32M,-0.60%
6/19/2020,290.81,291.44,293.08,290.6,48.32M,-0.22%
6/18/2020,291.44,291.58,297.66,291.38,65.17M,-0.05%
6/17/2020,291.58,293.89,295.04,291.32,77.56M,-0.79%
6/16/2020,293.89,294.22,297.98,293.89,52.26M,-0.11%
6/15/2020,294.22,300,300.69,292.18,84.27M,-1.93%
6/11/2020,300,300.84,304.63,300,117.79M,-0.28%
6/10/2020,300.84,301.27,302.11,300.74,96.97M,-0.14%
6/9/2020,301.27,301.88,302.6,300.99,48.47M,-0.20%
6/8/2020,301.88,298.62,304.69,298.62,82.20M,1.09%
6/5/2020,298.62,299.45,301.38,297.9,81.85M,-0.28%
6/4/2020,299.45,305.94,306.91,299.45,81.51M,-2.12%
6/3/2020,305.94,307.71,310.61,305.94,108.31M,-0.58%
6/2/2020,307.71,308.73,311.1,307.16,126.73M,-0.09%
6/1/2020,308,304.11,309.46,304.11,81.39M,1.28%
5/29/2020,304.11,310.08,311.01,304.11,126.42M,-1.93%
5/28/2020,310.08,318.95,320.58,309.4,164.14M,-2.79%
5/27/2020,318.99,302.77,320.02,302.77,254.50M,5.36%
5/22/2020,302.77,302.02,302.79,299.43,133.75M,0.25%
5/21/2020,302.02,297.1,302.27,295.81,146.08M,1.41%
5/20/2020,297.83,289.91,299.07,289.47,214.43M,2.81%
5/19/2020,289.69,283.78,289.91,283.73,185.30M,2.08%
5/18/2020,283.78,282.33,283.78,281.01,206.12M,0.51%
5/15/2020,282.33,279.45,282.55,278.98,97.49M,1.03%
5/14/2020,279.45,275.63,279.45,275.63,73.99M,1.39%
5/13/2020,275.63,273.9,275.66,273.77,35.51M,0.63%
5/12/2020,273.9,275.95,277.32,273.68,45.34M,-0.26%
5/11/2020,274.62,282.41,282.41,274.5,56.36M,-2.76%
5/8/2020,282.41,283.68,285.89,279.6,61.91M,-0.45%
5/7/2020,283.68,289.4,289.4,279.64,200.69M,-1.98%
5/6/2020,289.4,275.22,291.14,273.85,231.85M,5.32%
5/5/2020,274.77,268.29,274.78,267.37,202.36M,2.42%
5/4/2020,268.29,271.57,272.49,268.29,133.16M,-1.21%
4/30/2020,271.57,272.57,274.5,268.72,151.96M,-0.37%
4/29/2020,272.57,272.21,273.7,271.93,124.86M,0.22%
4/28/2020,271.97,264.48,274.24,264.48,141.81M,2.83%
4/27/2020,264.48,261.54,264.48,260.71,48.03M,1.12%
4/24/2020,261.54,258.39,262.24,257.93,112.50M,1.22%
4/23/2020,258.39,256.58,260.64,256.58,108.65M,0.71%
4/22/2020,256.58,250.33,258.02,250.33,92.68M,2.76%
4/21/2020,249.7,264.25,264.25,248.97,121.52M,-5.75%
4/20/2020,264.92,276.83,276.83,264.92,135.94M,-4.01%
4/17/2020,275.99,269.79,279.68,266.73,122.48M,2.30%
4/16/2020,269.79,286.22,286.22,267.3,178.88M,-6.25%
4/15/2020,287.78,275.93,288.04,275.61,166.00M,4.46%
4/14/2020,275.48,263.53,276.43,262.71,140.77M,4.53%
4/9/2020,263.53,253.49,263.62,252.56,148.87M,3.96%
4/8/2020,253.49,248.34,253.49,248.34,189.19M,2.07%
4/7/2020,248.34,241.48,248.34,241.48,237.57M,3.22%
4/6/2020,240.59,234.47,241.35,234.47,138.02M,2.61%
4/3/2020,234.47,229.44,234.86,228.08,128.88M,3.70%
4/2/2020,226.1,231.17,231.8,225.81,174.71M,-2.19%
4/1/2020,231.17,236.53,237.16,230.95,93.85M,-1.99%
3/31/2020,235.86,238.53,240.34,235.64,377.65M,-1.12%
3/30/2020,238.53,245.04,245.04,235.71,110.09M,-3.62%
3/27/2020,247.49,246.24,249.35,244.08,140.40M,3.13%
3/26/2020,239.97,227.3,240.2,227.3,96.47M,5.99%
3/25/2020,226.41,219.94,229.22,219.94,176.08M,2.94%
3/24/2020,219.94,220.87,224.47,219.43,240.19M,-0.33%
3/23/2020,220.66,242.49,243.25,220.15,278.28M,-9.00%
3/20/2020,242.49,241.47,246.23,240.51,247.08M,0.24%
3/19/2020,241.91,261.89,261.89,237.41,296.67M,-7.75%
3/18/2020,262.22,257.35,264.09,254.63,474.74M,2.07%
3/17/2020,256.91,245.55,257.69,245.55,440.47M,5.59%
3/16/2020,243.32,242.69,246.63,236.66,345.65M,0.63%
3/13/2020,241.8,234.58,242.88,231.46,441.85M,4.17%
3/12/2020,232.13,248.39,248.39,232.13,901.51M,-8.51%
3/11/2020,253.73,252.62,265.47,248.28,937.30M,-2.70%
3/10/2020,260.76,280.75,280.75,260.18,309.49M,-12.53%
3/9/2020,298.12,317.2,317.2,298.12,85.55M,-8.95%
3/6/2020,327.43,337.42,337.42,327.07,224.97M,-2.96%
3/5/2020,337.42,334.04,339.99,334.04,199.18M,1.08%
3/4/2020,333.8,330.3,336.35,328.3,122.55M,1.70%
3/3/2020,328.22,303.94,329.37,303.94,245.66M,7.99%
3/2/2020,303.94,310.07,311.65,303.94,189.75M,-3.66%
2/28/2020,315.5,333.94,333.99,306.2,239.56M,-6.52%
2/27/2020,337.51,342.46,342.46,337,118.52M,-1.38%
2/26/2020,342.24,340.93,342.96,339.55,160.34M,0.38%
2/25/2020,340.93,341.44,342.99,339.01,138.24M,0.11%
2/24/2020,340.55,357.65,360.05,340.18,298.83M,-4.78%
2/21/2020,357.65,356.44,364.7,356.19,169.87M,0.34%
2/20/2020,356.44,358.98,360.42,354.58,142.26M,-0.51%
2/19/2020,358.25,360.22,360.24,358.22,150.30M,-0.55%
2/18/2020,360.22,361.99,361.99,359.49,97.48M,-0.49%
2/17/2020,361.99,367.35,369.28,361.64,56.21M,-1.46%
2/14/2020,367.35,373.65,374.12,367.35,46.14M,-1.69%
2/13/2020,373.65,366.21,373.78,364.09,52.46M,2.09%
2/12/2020,365.99,364.9,368.16,364.9,97.26M,0.30%
2/11/2020,364.9,366.17,367.75,364.46,186.77M,-0.35%
2/10/2020,366.17,368.14,369.03,366.17,45.89M,-0.54%
2/7/2020,368.14,372.68,376.7,367.4,190.56M,-1.22%
2/6/2020,372.68,360.7,384.84,360.42,99.86M,3.32%
2/5/2020,360.7,355.51,360.7,355.51,201.31M,1.46%
2/4/2020,355.51,359.41,359.41,353.13,157.92M,-1.09%
2/3/2020,359.41,373.79,373.79,358.38,146.72M,-3.85%
1/31/2020,373.79,378.52,379.65,370.17,151.73M,-1.17%
1/30/2020,378.23,376.16,378.23,373.81,140.03M,0.55%
1/29/2020,376.16,381.21,381.21,374.39,104.41M,-1.26%
1/28/2020,380.97,387.46,387.46,376.96,107.75M,-2.18%
1/27/2020,389.47,394.15,394.15,389.47,126.55M,-1.19%
1/24/2020,394.15,394.15,394.15,394.15,,-0.37%
1/23/2020,395.6,395.6,395.6,395.6,,0.13%
1/22/2020,395.08,394.56,396.57,388.73,149.00M,0.13%
1/21/2020,394.56,409.46,409.64,394.46,144.16M,-3.58%
1/20/2020,409.23,405,410.68,404.75,152.84M,1.16%
1/17/2020,404.55,395.69,404.63,394.82,180.63M,2.11%
1/16/2020,396.19,387.7,397.76,387.7,216.02M,2.19%
1/15/2020,387.7,388.53,390.01,386.53,139.15M,-0.21%
1/14/2020,388.53,392.72,393.47,386.82,178.47M,-1.07%
1/13/2020,392.72,395.47,397.92,392.23,179.98M,-0.70%
1/10/2020,395.47,399.52,400.52,393.36,124.14M,-1.04%
1/9/2020,399.64,400.47,403.35,397.36,200.79M,-0.39%
1/8/2020,401.19,385.72,406.09,385.72,417.66M,3.87%
1/7/2020,386.23,379.2,387.78,377.41,241.10M,1.85%
1/6/2020,379.2,364.95,379.31,364.95,244.12M,3.90%
1/3/2020,364.95,355.46,365.16,355.46,195.07M,2.67%
1/2/2020,355.46,356.84,356.84,353.5,123.69M,-0.39%
12/31/2019,356.84,352.02,356.84,352.02,150.84M,1.37%
12/30/2019,352.02,354.5,355.2,349.94,180.38M,-0.70%
12/27/2019,354.5,352.64,354.72,350.41,148.75M,0.53%
12/24/2019,352.64,352.49,354,348.41,101.34M,0.04%
12/23/2019,352.49,355.42,355.42,350.88,104.21M,-0.82%
12/20/2019,355.42,361.02,361.39,355.42,88.98M,-1.55%
12/19/2019,361.02,359.04,361.02,358.22,220.11M,0.55%
12/18/2019,359.04,360.64,360.81,358.74,150.31M,-0.44%
12/17/2019,360.64,358.43,361.2,358.43,227.14M,0.62%
12/16/2019,358.43,352.66,358.43,351.79,117.62M,1.64%
12/13/2019,352.66,349.22,352.66,349.22,83.54M,0.99%
12/12/2019,349.22,345.42,351.29,345.29,58.43M,1.10%
12/11/2019,345.42,346.78,346.78,343.44,102.62M,-0.39%
12/10/2019,346.78,351.66,352.38,346.78,114.73M,-0.92%
12/9/2019,349.99,356.93,356.93,349.99,70.62M,-1.94%
12/6/2019,356.93,358.32,358.59,356.73,102.01M,-0.26%
12/5/2019,357.87,360.48,360.85,357.65,104.05M,-0.67%
12/4/2019,360.28,361.92,361.92,359.37,55.78M,-0.45%
12/3/2019,361.92,361.21,361.92,358.15,115.95M,0.38%
12/2/2019,360.54,361.12,362.86,358.74,61.28M,-0.16%
11/29/2019,361.12,358.66,361.17,358.66,97.71M,0.69%
11/28/2019,358.66,356.33,359.16,356.33,65.57M,0.65%
11/27/2019,356.33,358.09,358.76,356.09,61.69M,-0.49%
11/26/2019,358.09,364.1,364.99,358.08,85.58M,-1.20%
11/25/2019,362.43,363.61,368.54,362.26,112.54M,-0.32%
11/22/2019,363.61,365.67,366.81,363.61,106.26M,-0.56%
11/21/2019,365.67,365.7,366.3,364.71,85.19M,0.05%
11/20/2019,365.47,359.79,366.25,359.79,162.74M,1.79%
11/19/2019,359.03,359.41,359.7,356.81,107.97M,-0.11%
11/18/2019,359.41,364.24,366.18,357.64,101.66M,-2.00%
11/15/2019,366.76,373.04,377.31,360.44,323.03M,-1.68%
11/14/2019,373.04,348.51,375.3,348.51,439.38M,7.04%
11/13/2019,348.51,348.11,351.22,345.06,469.09M,0.11%
11/12/2019,348.11,343.49,350.71,343.49,242.55M,1.35%
11/8/2019,343.49,330.56,345.37,330.56,328.91M,3.91%
11/7/2019,330.56,328.38,330.56,327.61,668.68M,0.66%
11/6/2019,328.38,327.83,328.85,326.85,177.85M,-0.05%
11/5/2019,328.56,324.45,329.26,324.45,159.79M,1.27%
11/4/2019,324.45,316.56,325.56,315.8,206.52M,2.49%
11/1/2019,316.56,313.3,317.06,312.13,216.67M,1.04%
10/31/2019,313.3,315.33,315.97,312.66,184.85M,-0.64%
10/30/2019,315.33,314.97,315.42,313.81,88.54M,0.11%
10/29/2019,314.97,317.95,318,314.11,172.20M,-0.94%
10/28/2019,317.95,318.01,318.53,317.72,73.27M,-0.02%
10/25/2019,318.01,314.75,319.06,314.64,143.25M,1.04%
10/24/2019,314.75,316.49,316.49,314.25,63.82M,-0.27%
10/23/2019,315.59,318.15,318.52,315.57,69.89M,-0.80%
10/22/2019,318.15,317.85,319.61,317.85,449.20M,0.09%
10/21/2019,317.85,319.29,319.35,317.59,78.66M,-0.45%
10/18/2019,319.29,322.32,322.32,317.17,153.07M,-0.94%
10/17/2019,322.32,323.65,324.92,322.32,75.96M,-0.86%
10/16/2019,325.11,324.88,327.04,324.63,49.77M,0.07%
10/15/2019,324.88,325.71,325.93,324.17,79.26M,-0.25%
10/14/2019,325.71,325.81,325.93,324.54,46.49M,-0.03%
10/11/2019,325.81,325.48,333.45,325.48,51.80M,0.10%
10/10/2019,325.48,326.25,326.64,325.28,122.93M,-0.24%
10/9/2019,326.25,325.1,326.25,324.63,100.20M,0.35%
10/8/2019,325.1,324.94,326.27,324.47,104.74M,0.05%
10/7/2019,324.94,325.36,326,324.38,36.82M,-0.13%
10/4/2019,325.36,329,329.29,324.59,47.45M,-1.11%
10/3/2019,329,328.49,338.21,326.96,94.93M,0.16%
10/2/2019,328.49,343.99,343.99,328.15,61.61M,-4.51%
9/30/2019,343.99,339.95,343.99,335.31,121.31M,1.56%
9/27/2019,338.69,342.02,342.27,338.65,118.73M,-0.13%
9/26/2019,339.13,337.42,339.94,337.42,119.32M,0.51%
9/25/2019,337.42,336.65,338.69,334.7,203.08M,0.23%
9/24/2019,336.65,343.9,343.9,336.65,37.85M,-2.39%
9/23/2019,344.91,344.35,344.91,343.22,29.58M,0.16%
9/20/2019,344.35,349.81,350,344.09,67.68M,-1.15%
9/19/2019,348.35,353.67,354.26,346.05,102.56M,-1.50%
9/18/2019,353.67,343.41,354.99,343.41,202.89M,2.99%
9/17/2019,343.41,343.43,345.1,343.38,117.21M,-0.01%
9/16/2019,343.43,338.38,345.75,338.38,99.24M,1.57%
9/13/2019,338.12,333.4,338.12,333.4,92.27M,1.42%
9/12/2019,333.4,327.83,334.29,326.85,57.80M,1.70%
9/11/2019,327.83,326.47,328.73,326.16,98.17M,0.35%
9/10/2019,326.69,323.46,327.67,323.46,191.77M,1.00%
9/9/2019,323.46,322.34,323.49,320.77,169.57M,0.51%
9/6/2019,321.83,320.11,322.31,318.58,242.58M,0.54%
9/5/2019,320.11,320.7,321.64,319.48,65.97M,-0.18%
9/4/2019,320.7,323.34,324.99,319.36,134.65M,-0.74%
9/3/2019,323.09,324.19,326.64,322.85,141.78M,-0.34%
9/2/2019,324.19,322.19,330.24,322.19,45.85M,0.94%
8/30/2019,321.18,324.42,324.84,319.41,70.75M,-1.00%
8/29/2019,324.42,324.12,326.04,324.12,47.39M,0.09%
8/28/2019,324.12,328.52,329.27,323.56,27.48M,-1.34%
8/27/2019,328.52,331.96,332.19,325.42,80.50M,-1.04%
8/26/2019,331.96,332.7,335.61,327.92,74.00M,-0.22%
8/23/2019,332.7,323.82,336.64,323.69,100.30M,2.74%
8/22/2019,323.82,315.8,323.88,315.8,145.53M,2.54%
8/21/2019,315.8,314.82,321,314.82,217.33M,0.39%
8/20/2019,314.58,309.65,315.73,309.43,120.99M,1.88%
8/19/2019,308.76,304.94,309.02,304.68,91.73M,1.34%
8/16/2019,304.69,302.14,305.25,301.93,178.86M,0.98%
8/15/2019,301.72,304.34,304.58,301.67,121.49M,-0.86%
8/14/2019,304.34,308.23,308.45,303.85,149.01M,-1.26%
8/9/2019,308.23,313.2,313.87,308.23,184.43M,-1.59%
8/8/2019,313.2,322.53,322.53,313.13,128.41M,-2.89%
8/7/2019,322.53,323.96,324.47,321.54,37.25M,-0.44%
8/6/2019,323.96,326.3,327.49,323.28,112.76M,-0.72%
8/5/2019,326.3,327.86,327.96,324.87,237.12M,-0.55%
8/2/2019,328.09,329.94,330.07,327,64.40M,-0.56%
8/1/2019,329.94,333.14,333.14,328.26,41.99M,-0.96%
7/31/2019,333.14,330.08,334.35,330.08,110.75M,0.71%
7/30/2019,330.8,333.2,333.85,330.36,74.70M,-0.72%
7/29/2019,333.2,333.26,334.86,332.45,39.66M,-0.02%
7/26/2019,333.26,335.5,336.22,332.59,33.16M,-0.67%
7/25/2019,335.5,336.8,337.45,335.17,69.33M,-0.39%
7/24/2019,336.8,337.48,338.34,335.35,107.19M,-0.20%
7/23/2019,337.48,335.95,337.48,333.12,52.99M,0.46%
7/22/2019,335.95,334.56,336.45,332.52,130.68M,0.42%
7/19/2019,334.56,332.56,338.35,330.48,140.92M,0.60%
7/18/2019,332.56,336.78,336.78,332.32,77.22M,-1.19%
7/17/2019,336.56,341.25,341.25,335.75,133.62M,-1.44%
7/16/2019,341.47,344.16,344.16,338.9,57.76M,-0.78%
7/15/2019,344.16,349.6,349.73,343.92,58.48M,-1.56%
7/12/2019,349.6,352.31,353.28,347.93,45.33M,-0.14%
7/11/2019,350.08,347.87,350.35,342.91,75.64M,0.64%
7/10/2019,347.87,338.97,349.75,338.52,85.78M,2.63%
7/9/2019,338.97,346.58,346.79,333.77,119.20M,-2.20%
7/8/2019,346.58,346.9,347.69,345.7,62.74M,-0.09%
7/5/2019,346.9,349.98,350.22,345.66,86.63M,-0.88%
7/4/2019,349.98,350.4,350.49,348.28,83.96M,-0.12%
7/3/2019,350.4,352.47,356.44,347.4,122.60M,-0.59%
7/2/2019,352.47,355.67,356.35,352.19,98.42M,-0.90%
7/1/2019,355.67,366.87,366.87,355.42,38.65M,-3.05%
6/28/2019,366.87,358.09,367.62,356.25,142.93M,2.45%
6/27/2019,358.09,358.44,361.4,356.51,136.68M,-0.10%
6/26/2019,358.44,357.43,359.93,356.69,261.80M,0.28%
6/25/2019,357.43,360.8,361.69,357.27,118.30M,-0.93%
6/24/2019,360.8,366.01,366.01,360.1,442.26M,-1.42%
6/21/2019,366.01,366.24,368.55,364.71,84.70M,0.07%
6/20/2019,365.76,363.61,367.16,363.36,145.25M,0.63%
6/19/2019,363.48,358.69,363.69,358.19,79.05M,1.34%
6/18/2019,358.69,357.04,358.69,355.36,2.15B,0.32%
6/17/2019,357.55,356.98,358.13,356.47,2.05B,0.16%
6/14/2019,356.98,356.42,357.47,355.49,102.70M,0.23%
6/13/2019,356.17,355.84,356.24,354.4,170.53M,0.09%
6/11/2019,355.84,356.57,356.83,354.9,90.67M,-0.20%
6/10/2019,356.57,356.93,358.72,355.88,142.18M,-0.10%
6/7/2019,356.93,358.06,358.15,355.57,186.48M,-0.32%
6/6/2019,358.06,360.45,361.56,357.72,143.38M,-0.66%
6/3/2019,360.45,361.57,364.15,355.31,,-0.31%
5/31/2019,361.57,367.93,368.15,361.48,,-1.73%
5/30/2019,367.93,375.16,375.57,365.95,,-1.93%
5/28/2019,375.16,351.39,375.16,351.28,,6.76%
5/27/2019,351.39,347.85,353.13,347.85,,1.02%
5/24/2019,347.85,343.61,349.24,343.61,,1.23%
5/23/2019,343.61,344.29,351.55,342.96,,-0.20%
5/22/2019,344.29,353.75,354.92,344.29,,-2.67%
5/21/2019,353.75,350.46,356.1,350.34,,0.94%
5/20/2019,350.46,354.3,356.22,350.46,,-1.08%
5/17/2019,354.3,355.67,357.99,353.07,,-0.39%
5/16/2019,355.67,361.85,364.27,355.67,,-1.71%
5/15/2019,361.85,364.54,365.02,361.85,,-0.74%
5/14/2019,364.54,359.9,364.73,359.67,,1.29%
5/13/2019,359.9,370.27,370.55,359.4,,-2.80%
5/10/2019,370.27,371.23,371.84,368.85,,-0.26%
5/9/2019,371.23,373.07,374.19,370.73,,-0.55%
5/8/2019,373.29,376.19,377.2,372.15,,-0.77%
5/7/2019,376.19,378.23,378.73,376.19,,-0.54%
5/6/2019,378.23,380.81,380.81,376.41,,-0.68%
5/3/2019,380.81,379.73,381.4,378.23,,0.28%
5/2/2019,379.73,381.71,382.17,378.97,,-0.52%
4/30/2019,381.71,381.42,384.79,380.15,,0.08%
4/29/2019,381.42,385.87,386.7,380.27,,-1.15%
4/26/2019,385.87,388.58,389.75,385.24,,-0.70%
4/25/2019,388.58,387.6,389.26,386.77,,0.12%
4/24/2019,388.1,384.78,388.1,384.18,,0.93%
4/23/2019,384.53,385.99,387.1,383.91,,-0.44%
4/18/2019,386.23,384.8,387.54,383.51,,0.77%
4/17/2019,383.29,386.76,389.41,382.36,,-0.25%
4/16/2019,384.24,377.95,384.51,377.95,,1.66%
4/15/2019,377.95,378.38,379.38,377.31,,-0.11%
4/12/2019,378.38,375.4,378.38,374.25,,0.97%
4/11/2019,374.73,369.67,375.49,369.67,,1.05%
4/10/2019,370.83,368.54,372.85,366.21,,0.76%
4/9/2019,368.05,369.68,369.69,360.93,,-0.48%
4/8/2019,369.81,379.35,379.59,369.32,,-2.51%
4/5/2019,379.35,378.11,381.79,377.09,,0.33%
4/4/2019,378.11,377.25,379.37,374.11,,-0.37%
4/3/2019,379.52,394.51,394.51,378.89,,-4.59%
4/2/2019,397.79,402.24,404.73,396.03,,-1.11%
4/1/2019,402.24,403.96,404.2,401.59,,-0.43%
3/29/2019,403.96,408.14,409.09,403.65,,-1.08%
3/28/2019,408.39,406.92,410.66,403.67,,0.36%
3/27/2019,406.92,410.94,411.48,405.93,,-0.98%
3/26/2019,410.94,412.92,415.47,410.73,,-0.38%
3/25/2019,412.51,415.54,415.54,412.51,,-0.78%
3/22/2019,415.77,410.16,417.36,410.16,,1.37%
3/21/2019,410.16,412.94,413.59,408.24,,-0.35%
3/20/2019,411.59,407.89,411.59,407.89,,0.91%
3/19/2019,407.89,399.56,408.11,399.05,,2.08%
3/18/2019,399.56,400.48,401.22,398.96,,-0.23%
3/15/2019,400.48,401.82,403.11,398.29,,-0.80%
3/14/2019,403.7,404.77,406.45,403.7,,-0.37%
3/13/2019,405.19,404.4,407.19,398.89,,0.04%
3/12/2019,405.03,414.4,414.65,403.78,,-2.26%
3/11/2019,414.4,415.56,419.54,414.4,,-2.87%
3/8/2019,426.64,427.22,429.36,425.56,,-0.14%
3/7/2019,427.22,427.76,429.47,423.73,,-0.13%
3/6/2019,427.76,427.63,429.31,426.77,,0.03%
3/5/2019,427.63,423.72,432.25,423.52,,0.92%
3/4/2019,423.72,412.73,423.72,412.73,,2.66%
3/1/2019,412.73,411.1,420.03,411.1,,0.40%
2/28/2019,411.1,430.74,430.74,411.1,,-4.56%
2/27/2019,430.74,437.03,440.19,429.07,,-1.44%
2/26/2019,437.03,442.25,443.78,436.12,,-1.18%
2/25/2019,442.25,438.53,443.15,438.53,,0.85%
2/22/2019,438.53,436.43,439.37,436.1,,0.48%
2/21/2019,436.43,439.34,440.73,436.32,,-0.27%
2/20/2019,437.62,434.3,439.93,434.24,,0.81%
2/19/2019,434.09,421.55,434.35,420.8,,2.97%
2/18/2019,421.55,434.19,434.19,419.28,,-3.21%
2/15/2019,435.55,432.9,438.28,432.9,,0.66%
2/14/2019,432.69,434.4,435.11,431.37,,-0.45%
2/13/2019,434.64,442.55,444.53,432.59,,-1.79%
2/12/2019,442.55,438.2,446.81,438.2,,1.30%
2/11/2019,436.88,428.72,437.26,428.72,,1.90%
2/8/2019,428.72,424.85,434.15,424.85,,1.21%
2/7/2019,423.58,400.17,423.58,400.17,,5.78%
2/6/2019,400.42,399.29,401.31,398.37,,0.57%
2/5/2019,398.16,397.08,398.16,396.48,,0.21%
2/4/2019,397.33,396.59,397.65,396.08,,0.19%
2/1/2019,396.59,388.99,396.61,388.99,,1.95%
1/31/2019,388.99,399.14,399.28,387.42,,-2.54%
1/30/2019,399.14,398.74,401.05,398.69,,0.10%
1/29/2019,398.74,404.6,404.6,398.74,,-1.45%
1/28/2019,404.6,406.43,406.43,397.23,,-0.50%
1/25/2019,406.64,390.64,406.64,390.55,,4.10%
1/24/2019,390.64,388.52,392.54,387.44,,0.65%
1/23/2019,388.1,381.84,388.55,381.84,,1.64%
1/22/2019,381.84,378.97,386.56,378.97,,0.76%
1/21/2019,378.97,381.31,381.52,378.52,,-0.14%
1/18/2019,379.51,380.01,381.02,378.16,,-0.37%
1/17/2019,380.91,381.89,382.14,378.62,,-0.26%
1/16/2019,381.89,384.51,385.65,381.6,,-0.68%
1/15/2019,384.51,383.2,385.68,383.2,,0.34%
1/14/2019,383.2,383.5,384.44,382.03,,-0.08%
1/11/2019,383.5,379.03,385.07,378.78,,1.25%
1/10/2019,378.78,368.68,378.78,368.27,,2.74%
1/9/2019,368.68,369.7,369.8,363.81,,-0.28%
1/8/2019,369.7,386.34,387.82,368.59,,-3.57%
1/7/2019,383.4,388.4,390.84,382.49,,-0.94%
1/4/2019,387.04,390.69,390.69,382.66,,-0.93%
1/3/2019,390.69,399.27,399.48,388.04,,-2.15%
1/2/2019,399.27,398.94,399.41,396.91,,0.08%
12/31/2018,398.94,397.96,400.34,395.57,,0.30%
12/28/2018,397.76,399.97,403.49,397.76,,-0.62%
12/27/2018,400.24,399.33,400.84,398.36,,0.23%
12/24/2018,399.33,393.91,400.93,393.91,,1.38%
12/21/2018,393.91,396.5,397.84,391.48,,-0.54%
12/20/2018,396.06,402.56,402.56,393.74,,-1.61%
12/19/2018,402.56,403.39,404.07,402.11,,-0.21%
12/18/2018,403.39,403.94,407.7,402.19,,0.48%
12/17/2018,401.48,404.2,404.73,401.18,,-0.32%
12/14/2018,402.76,401.47,403.37,401.1,,0.32%
12/13/2018,401.47,399.75,405.05,399.75,,0.43%
12/12/2018,399.75,399.65,404.66,398.18,,-0.09%
12/11/2018,400.1,400.45,400.71,397.11,,-0.09%
12/10/2018,400.45,402.02,405.11,397.38,,-0.39%
12/7/2018,402.02,403.92,405.13,401.6,,-0.47%
12/6/2018,403.92,407.2,407.55,402.91,,-0.81%
12/5/2018,407.2,411.41,411.64,406.58,,-1.02%
12/4/2018,411.41,400.92,411.41,400.92,,2.62%
12/3/2018,400.92,397.42,402.44,397.42,,0.61%
11/30/2018,398.47,392.46,398.47,392.01,,1.53%
11/29/2018,392.46,399.62,400.41,388.92,,-1.79%
11/28/2018,399.62,400.3,405.74,398.63,,-0.17%
11/27/2018,400.3,407.02,407.02,399.02,,-1.65%
11/26/2018,407.02,410.74,410.74,407,,-0.91%
11/23/2018,410.74,409.61,411.42,407.9,,0.28%
11/22/2018,409.61,408.98,410.22,408.29,,0.15%
11/21/2018,408.98,415.43,416.12,408.9,,-1.55%
11/19/2018,415.43,413.8,415.67,411.97,,0.38%
11/16/2018,413.86,398.9,414.51,398.61,,3.75%
11/15/2018,398.9,412.39,412.8,398.16,,-3.34%
11/14/2018,412.68,413.61,414.16,411,,-0.30%
11/13/2018,413.94,412.54,414.98,412.12,,0.25%
11/12/2018,412.9,417.46,417.76,412.9,,-1.06%
11/9/2018,417.33,420.08,420.63,416.8,,-0.65%
11/8/2018,420.08,415.83,420.73,415.83,,1.02%
11/7/2018,415.83,415.06,416.63,414.71,,0.19%
11/6/2018,415.06,417.27,418.64,415.06,,-0.53%
11/5/2018,417.27,419.55,422.4,417.27,,-0.48%
11/2/2018,419.29,415.65,419.99,415.65,,0.88%
11/1/2018,415.65,418.21,418.21,415.1,,-0.61%
10/31/2018,418.21,422.09,422.09,413.72,,-0.92%
10/30/2018,422.09,429.22,429.22,421.4,,-1.66%
10/29/2018,429.22,420.89,429.44,420.3,,1.98%
10/26/2018,420.89,416.49,420.89,415.68,,1.06%
10/25/2018,416.49,417.87,418.33,416.14,,-0.33%
10/24/2018,417.87,415.66,419.01,415.66,,0.53%
10/23/2018,415.66,418.17,418.66,415.61,,-0.60%
10/22/2018,418.17,416.2,420.69,416.2,,0.47%
10/19/2018,416.2,412.18,416.2,412.18,,0.98%
10/18/2018,412.18,414.67,415.79,412.18,,-0.60%
10/17/2018,414.67,415.45,416.6,414.27,,-0.19%
10/16/2018,415.45,414.89,416.04,413.71,,0.13%
10/15/2018,414.89,411.93,415.05,411.89,,0.72%
10/12/2018,411.93,410.61,413.69,410.4,60.27M,0.32%
10/11/2018,410.61,411.37,412.54,410.36,81.63M,-0.59%
10/10/2018,413.04,412.9,414.04,411.64,46.75M,0.03%
10/9/2018,412.9,410.27,415.42,410.27,49.77M,0.64%
10/8/2018,410.27,408.57,411.57,408.57,46.05M,0.42%
10/5/2018,408.57,414.87,415.09,408.57,70.53M,-1.47%
10/4/2018,414.66,413.06,417.34,413.06,57.70M,0.39%
10/3/2018,413.06,411.51,414.41,410.29,65.26M,0.38%
10/2/2018,411.51,411.04,412.07,410.34,89.37M,0.06%
9/28/2018,411.25,411.46,413.39,410.64,127.06M,-0.05%
9/27/2018,411.46,415.66,416.45,411.46,101.45M,-1.01%
9/26/2018,415.66,408.3,417.69,402.95,110.41M,1.86%
9/25/2018,408.05,402.09,418.57,402.09,135.57M,1.48%
9/24/2018,402.09,401.32,405.17,400.66,118.34M,0.19%
9/21/2018,401.32,397.74,405.02,397.74,257.84M,0.90%
9/20/2018,397.74,395.13,397.74,393.98,79.30M,0.66%
9/19/2018,395.13,392.03,395.13,390.55,45.44M,0.39%
9/18/2018,393.59,388.71,393.59,387.81,150.18M,1.26%
9/17/2018,388.71,390.87,392.57,388.3,73.95M,-0.55%
9/14/2018,390.87,381.95,395.57,381.91,160.08M,2.79%
9/13/2018,380.25,380.21,383.11,379.8,89.23M,0.01%
9/12/2018,380.21,391.27,391.36,379.34,117.45M,-2.83%
9/11/2018,391.27,403.32,403.44,385.79,85.72M,-3.05%
9/10/2018,403.56,407.43,407.43,403.56,85.66M,-1.25%
9/7/2018,408.65,411.21,413.15,407.64,84.91M,-0.62%
9/6/2018,411.21,421.7,421.7,410.62,72.05M,-2.49%
9/5/2018,421.7,426.81,427.06,421.7,54.89M,-1.20%
9/4/2018,426.81,420.87,428.57,420.65,129.11M,1.41%
9/3/2018,420.87,418.5,423.16,418.5,32.31M,0.57%
8/31/2018,418.5,429.16,429.16,415.37,230.55M,-2.48%
8/30/2018,429.16,436.63,436.63,428.75,133.07M,-1.77%
8/29/2018,436.88,436.09,438.88,435.79,82.51M,0.18%
8/28/2018,436.09,428.91,436.09,428.91,48.91M,1.67%
8/27/2018,428.91,424.84,428.91,424.84,69.01M,0.96%
8/24/2018,424.84,423.78,425.27,422.3,309.06M,0.25%
8/23/2018,423.78,426.53,428.37,422.95,117.87M,-0.64%
8/20/2018,426.53,438.14,438.14,421.4,141.18M,-2.65%
8/17/2018,438.14,438.98,439.36,437.77,49.46M,-0.19%
8/16/2018,438.98,442.57,442.57,438.21,100.72M,-0.81%
8/15/2018,442.57,447.19,447.56,441.6,97.27M,-1.03%
8/14/2018,447.19,451.98,453.03,446.3,61.51M,-1.06%
8/13/2018,451.98,455.47,455.47,451.98,81.55M,-0.77%
8/10/2018,455.47,458.92,458.92,454.22,84.79M,-0.75%
8/9/2018,458.92,459.49,462.91,457.62,65.39M,-0.12%
8/8/2018,459.49,460.6,460.64,459.21,39.00M,-0.24%
8/7/2018,460.6,465.63,465.63,460.17,134.03M,-1.08%
8/6/2018,465.63,461.68,467.02,460.8,64.82M,0.86%
8/3/2018,461.68,465.89,465.89,460.15,78.59M,-0.90%
8/2/2018,465.89,455.03,465.89,455.03,87.37M,2.39%
8/1/2018,455.03,458.07,458.07,453.33,158.77M,-0.66%
7/31/2018,458.07,464.24,466.71,456.48,124.27M,-1.42%
7/30/2018,464.66,457.89,465.75,457.69,109.61M,1.48%
7/27/2018,457.89,454.34,458.77,454.34,118.57M,0.78%
7/26/2018,454.34,451.99,454.34,451.99,85.06M,0.77%
7/25/2018,450.87,450.43,451.85,448.47,163.65M,0.10%
7/24/2018,450.43,451.87,452.9,449.93,121.44M,-0.32%
7/23/2018,451.87,449.05,452.53,449.05,51.02M,0.63%
7/20/2018,449.05,450.11,452.01,445.69,420.97M,-0.18%
7/19/2018,449.88,449.19,455.26,447.52,125.82M,0.15%
7/18/2018,449.19,458.38,459.9,449.19,66.78M,-2.00%
7/17/2018,458.38,462.66,463.01,457.89,70.40M,-0.93%
7/16/2018,462.66,465.77,465.77,460.22,42.42M,-0.67%
7/13/2018,465.77,463.93,465.85,463.61,118.29M,0.40%
7/12/2018,463.93,470.7,470.7,463.06,119.42M,-1.42%
7/11/2018,470.63,470.99,471.12,468.33,193.11M,0.01%
7/10/2018,470.57,476.06,476.06,470.28,89.88M,-1.15%
7/9/2018,476.06,475.74,479.28,475.52,65.85M,0.07%
7/6/2018,475.74,469.11,478.09,469.03,77.76M,1.41%
7/5/2018,469.11,467.72,469.13,466.11,400.63M,0.25%
7/4/2018,467.94,465.28,468.9,463.15,76.15M,0.57%
7/3/2018,465.28,471.18,471.25,465.07,64.80M,-1.25%
7/2/2018,471.18,476.1,478.33,469.92,158.28M,-1.02%
6/29/2018,476.05,473.48,476.88,472.28,331.79M,0.54%
6/28/2018,473.48,476.89,478.51,471.97,154.44M,-0.72%
6/27/2018,476.89,479.65,480.14,475.01,244.38M,-0.58%
6/26/2018,479.65,481.05,482.66,476.78,124.80M,-0.29%
6/25/2018,481.05,481.31,481.73,477.58,104.68M,-0.05%
6/22/2018,481.31,478.22,481.31,477.94,51.65M,0.65%
6/21/2018,478.22,480.84,481.09,476.11,105.76M,-0.54%
6/20/2018,480.84,479.9,481.05,475.12,118.20M,0.20%
6/19/2018,479.9,490.95,490.95,477.23,245.83M,-2.25%
6/14/2018,490.95,492.31,492.37,488.83,124.52M,-0.28%
6/13/2018,492.31,494.63,498.04,491.6,176.49M,-0.47%
6/12/2018,494.63,494.81,504.92,492.38,89.43M,-0.04%
6/11/2018,494.81,489.66,497.4,489.45,85.87M,1.05%
6/8/2018,489.66,497.67,497.67,489.08,66.98M,-1.61%
6/7/2018,497.67,496.99,499.16,494.76,214.81M,0.14%
6/6/2018,496.99,491.34,506.45,491.34,254.73M,1.15%
6/5/2018,491.34,476.14,491.34,476.14,240.76M,3.19%
6/4/2018,476.14,468.65,476.14,466.75,160.69M,1.60%
6/1/2018,468.65,474.14,477.41,468.43,331.47M,-1.16%
5/31/2018,474.14,479.8,483.81,471.98,342.43M,-1.10%
5/30/2018,479.43,481.08,483.94,477.58,188.76M,-0.34%
5/28/2018,481.08,490.66,490.66,479.03,72.85M,-1.95%
5/25/2018,490.66,500.5,503.43,484.97,101.66M,-1.97%
5/24/2018,500.5,509.18,509.71,500.5,109.49M,-1.70%
5/23/2018,509.18,510.03,510.57,508.34,100.43M,-0.17%
5/22/2018,510.03,512.03,512.96,509.48,89.50M,-0.39%
5/21/2018,512.03,513.13,513.32,509.91,99.64M,-0.21%
5/18/2018,513.13,514.66,514.97,512.28,156.15M,-0.30%
5/17/2018,514.66,516.51,516.51,514.62,278.88M,-0.36%
5/16/2018,516.51,518.51,519.29,513.57,168.40M,-0.39%
5/15/2018,518.51,525.58,525.58,518.27,110.01M,-1.35%
5/14/2018,525.58,527.92,527.92,525.34,92.90M,-0.44%
5/11/2018,527.92,524.83,528.59,524.66,88.60M,0.59%
5/10/2018,524.83,524.93,525.9,522.2,144.32M,-0.02%
5/9/2018,524.93,527.44,527.44,521.12,248.45M,-0.48%
5/8/2018,527.44,523.9,527.44,523.65,151.39M,0.68%
5/7/2018,523.9,525.53,526.24,523.68,74.65M,-0.31%
5/4/2018,525.53,527.16,527.16,525.13,119.04M,-0.31%
5/3/2018,527.16,523.02,527.16,522.3,172.98M,0.79%
5/2/2018,523.02,519.73,523.89,519,167.66M,0.63%
4/30/2018,519.73,517.48,519.94,517.07,129.27M,0.43%
4/27/2018,517.48,512.81,520.56,512.32,83.70M,0.91%
4/26/2018,512.81,514.47,515.42,512.81,178.22M,-0.32%
4/25/2018,514.47,513.67,517.01,512.94,158.53M,0.16%
4/24/2018,513.67,511.04,514.93,510.4,77.39M,0.51%
4/23/2018,511.04,514.04,515.88,510.25,110.67M,-0.58%
4/20/2018,514.04,510.24,514.28,509.9,104.61M,0.74%
4/19/2018,510.24,510.92,511.43,508.65,230.95M,-0.13%
4/18/2018,510.92,509.78,512.06,509.78,120.81M,0.22%
4/17/2018,509.78,503.12,515.72,503.12,532.69M,1.32%
4/16/2018,503.12,502.28,506.61,499.64,89.09M,0.17%
4/13/2018,502.28,500.1,504.16,496.49,55.80M,0.44%
4/12/2018,500.1,499.94,501.8,498.34,110.60M,0.03%
4/11/2018,499.94,501.47,502.64,498.46,195.53M,-0.31%
4/10/2018,501.47,508.87,508.87,496.45,117.72M,-1.45%
4/9/2018,508.87,513.67,513.67,503.6,72.44M,-0.93%
4/6/2018,513.67,515,517.51,511.5,256.91M,-0.26%
4/5/2018,515,513.6,515,512.29,345.07M,0.27%
4/4/2018,513.6,518.36,518.36,502.13,192.62M,-0.92%
4/3/2018,518.36,520.04,526.29,513.3,185.99M,-0.42%
3/29/2018,520.57,512.32,521.69,506.25,119.75M,1.71%
3/28/2018,511.82,529.61,530.5,511.82,116.78M,-3.36%
3/27/2018,529.61,534.76,536.29,529.39,131.39M,-0.96%
3/26/2018,534.76,537.16,545.04,534.76,215.57M,-0.45%
3/23/2018,537.16,520.91,537.6,520.91,227.37M,3.12%
3/22/2018,520.91,518.18,523.41,512.19,310.33M,0.53%
3/21/2018,518.18,517.87,519.13,514.91,154.70M,0.06%
3/20/2018,517.87,521.42,524.83,516.34,96.76M,-0.68%
3/19/2018,521.42,519.7,524.66,515.41,185.46M,0.28%
3/16/2018,519.95,532.38,532.38,516.59,249.37M,-2.33%
3/15/2018,532.38,549.51,549.75,531.57,177.74M,-3.12%
3/14/2018,549.51,557.6,558.96,540.9,161.88M,-1.45%
3/13/2018,557.6,562.23,568.57,556.75,152.67M,-0.82%
3/12/2018,562.23,567.35,570.66,558.64,154.37M,-0.90%
3/9/2018,567.35,572.34,572.34,565.59,1.29B,-0.87%
3/8/2018,572.34,568.62,572.34,559.08,58.85M,0.65%
3/7/2018,568.62,573.79,574.99,565.39,132.65M,-0.90%
3/6/2018,573.79,576.03,576.24,571.84,260.99M,-0.33%
3/5/2018,575.67,573.54,579.32,569.29,120.39M,0.37%
3/2/2018,573.54,568.97,574.73,567.65,204.11M,0.80%
3/1/2018,568.97,575.56,576.56,568.61,151.11M,-1.14%
2/28/2018,575.56,571.11,578.57,567.64,138.28M,0.78%
2/27/2018,571.11,578.56,578.63,566.75,182.18M,-1.29%
2/26/2018,578.56,576.95,579.1,575.14,87.54M,0.28%
2/23/2018,576.95,572.5,577.4,571.26,107.35M,0.78%
2/22/2018,572.5,568.46,575.02,567.94,158.15M,0.71%
2/21/2018,568.46,562.52,570.09,559.99,185.38M,1.06%
2/20/2018,562.52,568.35,568.35,560.21,95.24M,-1.03%
2/19/2018,568.35,568.29,569.81,566.16,96.83M,0.01%
2/16/2018,568.29,571.21,571.91,568.29,91.09M,-0.51%
2/15/2018,571.21,563.8,576.67,563.8,210.20M,1.31%
2/14/2018,563.8,548.75,564.65,546.28,175.24M,2.74%
2/13/2018,548.75,549.83,549.83,539.23,191.16M,-0.20%
2/12/2018,549.83,571.56,571.56,549.77,125.45M,-3.80%
2/9/2018,571.56,583.66,583.66,569.98,143.89M,-2.07%
2/8/2018,583.66,584.31,585.03,582.03,1.88B,-0.11%
2/7/2018,584.31,580.88,585.89,573.75,159.03M,0.59%
2/6/2018,580.88,593.38,593.38,577.5,118.81M,-2.11%
2/5/2018,593.38,591.76,595.96,591.76,111.76M,0.27%
2/2/2018,591.76,585.72,592.62,584.12,163.23M,1.10%
2/1/2018,585.31,586.16,587.84,584.2,168.93M,-0.15%
1/31/2018,586.16,587.39,588.22,585.2,289.75M,-0.21%
1/30/2018,587.39,584.56,591.23,584.56,298.30M,0.48%
1/29/2018,584.56,579.52,590.17,579.52,198.58M,0.87%
1/26/2018,579.52,576.61,582.22,575.26,416.94M,0.50%
1/25/2018,576.61,579.15,580.8,569.08,269.78M,-0.44%
1/24/2018,579.15,597.83,597.83,571.88,142.86M,-3.12%
1/23/2018,597.83,613.58,614.4,587.39,272.62M,-2.57%
1/22/2018,613.58,619.14,630.37,606.47,309.15M,-0.90%
1/19/2018,619.14,604.28,619.7,586.26,516.74M,2.46%
1/18/2018,604.28,602.32,611.02,600.28,609.20M,0.33%
1/17/2018,602.32,599.28,612.97,599.11,553.76M,0.51%
1/16/2018,599.28,576.69,601.15,576.69,327.53M,3.92%
1/15/2018,576.69,570.63,578.82,549.53,263.23M,1.06%
1/12/2018,570.63,583.64,598.27,560.9,554.36M,-2.23%
1/11/2018,583.64,559.16,589.8,559.16,541.18M,4.38%
1/10/2018,559.16,531.01,561.28,530.37,513.64M,5.33%
1/9/2018,530.84,515.87,531.42,515.81,392.59M,2.90%
1/8/2018,515.87,505.51,516.7,502.38,200.73M,2.05%
1/5/2018,505.51,499.89,514.01,499.47,286.28M,1.19%
1/4/2018,499.58,481.04,499.58,479.67,308.95M,3.85%
1/3/2018,481.04,475.26,484.28,475.26,169.68M,1.22%
1/2/2018,475.26,475.44,475.77,468.15,79.06M,-0.04%
12/29/2017,475.44,472.78,478.09,472.68,102.12M,0.56%
12/28/2017,472.78,472.25,472.95,471.32,113.68M,0.11%
12/27/2017,472.25,473.72,473.72,469.81,129.38M,-0.31%
12/22/2017,473.72,471.22,473.72,468.54,57.95M,0.53%
12/21/2017,471.22,467.98,471.22,465.72,69.99M,0.69%
12/20/2017,467.98,467.89,467.98,463.91,131.23M,0.02%
12/19/2017,467.89,471.09,471.1,467.89,131.42M,-0.68%
12/18/2017,471.09,469.44,472.67,466.68,122.51M,0.35%
12/15/2017,469.44,469.76,472.74,465.78,269.79M,-0.07%
12/14/2017,469.76,474.48,474.65,468.59,130.44M,-0.99%
12/13/2017,474.48,485.33,487.61,473.22,202.58M,-2.24%
12/12/2017,485.33,485.97,488.04,483.15,146.84M,-0.13%
12/11/2017,485.97,495.86,496.85,485.97,150.16M,-1.99%
12/8/2017,495.86,496.86,501.3,494.46,313.96M,-0.20%
12/7/2017,496.86,488.24,501.58,488.24,502.25M,1.77%
12/6/2017,488.24,474.17,490.07,474.17,297.18M,2.97%
12/5/2017,474.17,468.03,476.01,467.9,276.50M,1.29%
12/4/2017,468.13,470.74,471.23,467.96,188.85M,-0.55%
11/30/2017,470.74,468.02,471.28,467.98,256.10M,0.58%
11/29/2017,468.02,462.98,468.07,461.78,144.77M,1.09%
11/28/2017,462.98,461.53,467.33,461,203.27M,0.31%
11/27/2017,461.53,464.12,464.16,461.53,109.56M,-0.56%
11/24/2017,464.12,463.4,464.12,460.77,67.30M,0.16%
11/23/2017,463.4,459.87,465.47,457.04,362.85M,0.77%
11/22/2017,459.87,458.79,461.59,458.77,105.21M,0.24%
11/21/2017,458.79,464.46,465.04,458.24,100.38M,-1.22%
11/20/2017,464.46,462.05,464.65,457.94,80.11M,0.52%
11/17/2017,462.05,462.1,465.6,459.91,154.80M,-0.01%
11/16/2017,462.1,459.14,464.66,456.09,59.23M,0.64%
11/15/2017,459.14,459.14,459.14,459.14,,1.03%
11/14/2017,454.46,460.83,462.38,457.67,,-1.38%
11/13/2017,460.83,468.09,468.51,460.6,50.70M,-1.55%
11/10/2017,468.09,464.43,468.09,464.27,83.11M,0.34%
11/9/2017,466.49,467.86,467.9,463.77,84.13M,-0.29%
11/8/2017,467.86,468.8,469.16,466.24,81.95M,-0.19%
11/7/2017,468.77,466.82,468.85,466.47,149.87M,0.45%
11/6/2017,466.66,465.95,468.48,465.95,75.44M,0.19%
11/3/2017,465.78,467.76,468.86,464.23,145.09M,-0.42%
11/2/2017,467.76,464.43,467.76,459.65,126.22M,0.72%
11/1/2017,464.43,463.61,465.95,463.61,126.12M,0.18%
10/31/2017,463.61,467.76,467.76,460.25,125.00M,-0.89%
10/30/2017,467.76,464.7,467.76,461.13,84.21M,0.70%
10/27/2017,464.53,463.05,464.53,459.02,75.63M,0.32%
10/26/2017,463.05,464.28,465.41,462.79,202.79M,-0.24%
10/25/2017,464.15,461.03,470.83,461.03,225.20M,0.68%
10/24/2017,461.03,458.35,462.76,457.09,118.26M,0.58%
10/23/2017,458.35,460.68,461.07,453.93,136.24M,-0.51%
10/20/2017,460.68,462.12,462.37,460.55,46.45M,-0.31%
10/19/2017,462.12,463.65,463.65,461.94,92.70M,-0.33%
10/18/2017,463.65,464.47,465.97,463.26,140.63M,-0.18%
10/17/2017,464.47,465.13,467.11,462.7,117.72M,-0.14%
10/16/2017,465.13,460.56,466.37,460.54,96.80M,0.99%
10/13/2017,460.56,457.15,460.56,457.15,71.86M,0.75%
10/12/2017,457.15,458.62,458.81,456.58,380.13M,-0.32%
10/11/2017,458.62,459.33,460.15,457.42,263.04M,-0.15%
10/10/2017,459.33,460.13,460.14,455.33,266.51M,-0.17%
10/9/2017,460.13,454.14,460.89,453.86,168.94M,1.32%
10/6/2017,454.14,449,456.2,448.66,243.41M,1.14%
10/5/2017,449,445.53,449,440.98,104.02M,0.78%
10/4/2017,445.53,442.94,446.55,442.94,91.07M,0.58%
10/3/2017,442.94,440.17,443.69,439.96,132.43M,0.63%
9/29/2017,440.17,438.42,442.3,438.26,162.37M,0.40%
9/28/2017,438.42,432.57,439.44,431.08,71.43M,1.35%
9/27/2017,432.57,433.39,434.55,432.28,30.83M,-0.19%
9/26/2017,433.39,432.97,436.39,431.29,196.33M,0.10%
9/25/2017,432.97,435.07,435.07,431.01,23.41M,-0.48%
9/22/2017,435.07,430.07,435.62,429.89,91.57M,1.16%
9/21/2017,430.07,429.08,431.23,424.31,282.98M,0.23%
9/20/2017,429.08,430.17,430.17,425.15,43.12M,-0.25%
9/19/2017,430.17,428.64,430.81,427.65,76.49M,0.36%
9/18/2017,428.64,424.92,428.69,422.53,83.62M,0.88%
9/15/2017,424.92,428.91,429.13,424.04,77.42M,-0.93%
9/14/2017,428.91,431.63,432.13,427.86,57.75M,-0.63%
9/13/2017,431.63,431.31,436.31,429.91,55.71M,0.22%
9/12/2017,430.67,433.17,433.26,427.38,262.66M,-0.58%
9/11/2017,433.17,434.93,438.55,432.72,58.19M,-0.40%
9/8/2017,434.93,438.74,441.65,434.57,77.28M,-0.87%
9/7/2017,438.74,439.87,441.54,438.34,117.25M,-0.26%
9/6/2017,439.87,439.44,445.01,439.3,184.86M,0.42%
9/5/2017,438.05,439.69,439.69,435.11,39.15M,-0.35%
8/31/2017,439.6,440.79,440.83,437.19,40.81M,-0.27%
8/30/2017,440.79,444.23,444.31,438.98,169.47M,-0.77%
8/29/2017,444.23,443.04,444.23,439.88,70.35M,0.27%
8/28/2017,443.04,450.33,450.33,441.16,70.27M,-1.62%
8/25/2017,450.33,450.57,455.11,448.37,93.61M,-0.05%
8/24/2017,450.57,452.64,454.63,449.08,169.52M,-0.41%
8/23/2017,452.44,447.88,453.29,444.32,170.49M,1.02%
8/22/2017,447.88,452.52,453.29,447.49,67.57M,-1.03%
8/21/2017,452.52,448.95,454.75,446.7,124.85M,0.80%
8/18/2017,448.95,431.79,451.02,431.61,163.49M,3.97%
8/17/2017,431.79,431.51,434.66,429.15,104.31M,0.06%
8/16/2017,431.51,444.12,444.42,430.26,98.81M,-2.84%
8/15/2017,444.12,449.73,449.9,439.49,286.53M,-1.25%
8/14/2017,449.73,450.99,450.99,446.02,238.54M,-0.28%
8/11/2017,450.99,450.09,456.53,450.09,256.52M,0.20%
8/10/2017,450.09,454.59,455.03,450.04,217.99M,-0.99%
8/9/2017,454.59,453.97,456.65,453.06,111.80M,0.14%
8/8/2017,453.97,454.38,454.95,450.12,82.45M,-0.09%
8/7/2017,454.38,455.28,456.06,453.78,144.48M,-0.20%
8/4/2017,455.28,455.44,459.58,453.44,225.24M,-0.04%
8/3/2017,455.44,448.4,455.64,447.77,160.04M,1.57%
8/2/2017,448.4,446.23,450.56,442.93,106.49M,0.49%
8/1/2017,446.23,445.33,447.54,430.43,168.87M,0.20%
7/31/2017,445.33,462.89,463.35,445.17,152.51M,-3.79%
7/28/2017,462.89,462.81,471.8,457.04,276.52M,0.02%
7/27/2017,462.81,454.86,463.46,450.83,296.37M,1.75%
7/26/2017,454.86,438.56,455.82,434.67,175.58M,3.72%
7/25/2017,438.56,427.35,440.66,427.35,336.77M,2.62%
7/24/2017,427.35,422.67,427.35,422.25,178.28M,1.11%
7/21/2017,422.67,416.19,424.13,412.35,250.08M,1.56%
7/20/2017,416.19,414.04,416.76,410.07,65.64M,0.52%
7/19/2017,414.04,409.64,414.44,409.64,124.56M,1.07%
7/18/2017,409.64,409.35,411.41,407.73,43.27M,-0.32%
7/17/2017,410.95,412.85,413.49,410.26,60.37M,-0.46%
7/14/2017,412.85,413.7,413.7,408.77,206.67M,-0.21%
7/13/2017,413.7,410.23,414.12,409.85,196.54M,0.85%
7/12/2017,410.23,404.79,410.23,402.38,156.38M,1.34%
7/11/2017,404.79,396.77,406.08,396.14,103.09M,2.02%
7/10/2017,396.77,389.12,397.47,387.84,79.12M,1.97%
7/7/2017,389.12,385.31,389.12,384.68,117.49M,0.99%
7/6/2017,385.31,383.28,385.5,382.95,72.98M,0.53%
7/5/2017,383.28,384.58,384.58,380.36,100.75M,-0.34%
7/4/2017,384.58,393.46,393.46,384.23,98.33M,-2.26%
7/3/2017,393.46,397.97,399.09,392.41,85.40M,-1.13%
6/30/2017,397.97,404.83,404.83,397.15,138.87M,-1.69%
6/29/2017,404.83,398.76,404.83,398.76,301.98M,1.52%
6/28/2017,398.76,386.6,399.01,384.71,235.59M,3.16%
6/23/2017,386.53,392.49,394.29,381,178.30M,-1.52%
6/22/2017,392.49,401.95,403.25,388.08,317.03M,-2.35%
6/21/2017,401.95,413.94,414.28,396.68,330.32M,-2.90%
6/20/2017,413.94,416.83,417.16,410.92,159.64M,-0.68%
6/19/2017,416.76,414.65,420.2,414.65,274.22M,0.51%
6/16/2017,414.65,413.37,416.25,411.96,245.23M,0.31%
6/15/2017,413.37,405.93,415.19,405.93,345.14M,1.83%
6/14/2017,405.93,394.43,406.91,391.45,325.69M,2.92%
6/13/2017,394.43,396.75,396.75,392.73,198.71M,-0.58%
6/12/2017,396.75,394.94,397.94,392.81,239.47M,0.46%
6/9/2017,394.94,391.24,396.9,391.24,343.81M,0.95%
6/8/2017,391.24,381.73,392.71,380.15,281.36M,2.49%
6/7/2017,381.73,384.06,384.65,377.96,245.29M,-0.61%
6/6/2017,384.06,383.04,386.15,378.3,448.71M,0.27%
6/5/2017,383.04,376.44,389.16,376.44,265.77M,1.75%
6/2/2017,376.44,364.62,377.91,364.62,416.10M,3.24%
6/1/2017,364.62,358.54,369.12,358.07,277.59M,1.70%
5/31/2017,358.54,369.84,370.01,356.64,187.18M,-3.06%
5/30/2017,369.84,362.04,381.34,362.04,535.00M,2.17%
5/26/2017,361.97,346.62,362.57,346.62,550.38M,4.43%
5/25/2017,346.62,340.75,348.26,338.66,277.23M,1.72%
5/24/2017,340.75,335.81,342.15,334.6,171.46M,1.47%
5/23/2017,335.81,336.19,337.6,333.65,104.67M,-0.11%
5/22/2017,336.19,336.28,339.04,334.65,131.61M,-0.03%
5/19/2017,336.28,335.86,337.02,332.95,152.40M,0.13%
5/18/2017,335.86,325.37,336.33,325.37,177.73M,3.22%
5/17/2017,325.37,319.9,325.84,318.78,219.32M,1.71%
5/16/2017,319.9,317.12,320.08,311.5,383.08M,0.88%
5/15/2017,317.12,327.83,329.57,314.7,534.58M,-3.27%
5/12/2017,327.83,327.43,343.07,326.42,336.41M,0.12%
5/11/2017,327.43,314.84,332.12,314.84,325.46M,4.00%
5/10/2017,314.84,302.59,316.83,298.62,334.08M,4.10%
5/9/2017,302.45,295.99,303.46,295.94,200.87M,2.18%
5/8/2017,295.99,294.87,296.84,292.07,115.32M,0.38%
5/5/2017,294.87,293.87,296.11,293.02,149.76M,0.34%
5/4/2017,293.87,292.95,294.28,291.03,128.17M,0.31%
5/3/2017,292.95,288.76,293.25,287.24,155.08M,1.45%
5/2/2017,288.76,284.5,288.76,282.94,102.64M,1.50%
4/28/2017,284.5,283.39,284.68,280.35,245.99M,0.39%
4/27/2017,283.39,278.71,285.93,278.58,234.97M,1.68%
4/26/2017,278.71,277.07,279.37,276.94,65.30M,0.59%
4/25/2017,277.07,276.18,277.16,273.68,38.28M,0.32%
4/24/2017,276.18,268.15,276.21,268.15,125.45M,3.01%
4/21/2017,268.11,270.06,270.06,267.42,40.02M,-0.72%
4/20/2017,270.06,270.91,270.94,269.44,70.03M,-0.31%
4/19/2017,270.91,268.66,270.91,267.82,125.40M,0.84%
4/18/2017,268.66,272.6,273.54,268.66,159.69M,-1.45%
4/13/2017,272.6,272.81,273.94,271.06,185.77M,-0.08%
4/12/2017,272.81,270.71,272.91,270.67,148.64M,0.78%
4/11/2017,270.71,272.58,272.75,269.88,297.82M,-0.62%
4/10/2017,272.41,273.7,274.22,270.68,23.21M,-0.47%
4/7/2017,273.7,272.95,274.23,272.95,48.00M,0.27%
4/6/2017,272.95,271.48,273.51,271.47,82.74M,0.54%
4/5/2017,271.48,268.28,271.48,267.41,110.35M,1.19%
4/4/2017,268.28,269.94,271.58,267.67,58.04M,-0.61%
4/3/2017,269.94,274.29,274.29,268.29,56.72M,-1.57%
3/31/2017,274.25,275.56,276.56,272.95,198.12M,-0.48%
3/30/2017,275.56,272.41,275.56,268.6,133.75M,1.16%
3/29/2017,272.41,279.21,279.48,270.72,171.25M,-2.44%
3/28/2017,279.21,277.4,279.34,274.53,99.29M,0.65%
3/27/2017,277.4,277.01,278.57,275.41,140.59M,0.14%
3/24/2017,277.01,279.06,279.06,273.29,46.59M,-0.76%
3/23/2017,279.13,279.25,280.11,277.81,62.71M,-0.04%
3/22/2017,279.25,279.8,280.87,277.16,147.43M,-0.20%
3/21/2017,279.8,285.4,285.48,277.32,75.50M,-1.96%
3/20/2017,285.4,282.89,285.76,281.04,116.34M,0.89%
3/17/2017,282.89,282.44,284.1,281.45,119.94M,0.16%
3/16/2017,282.44,277.5,283.12,277.15,93.88M,1.78%
3/15/2017,277.5,277.2,278.82,275.65,140.85M,0.11%
3/14/2017,277.2,273.55,277.2,269.34,115.66M,1.33%
3/13/2017,273.55,276.4,276.4,267.55,89.54M,-1.02%
3/10/2017,276.36,277.71,279.27,275.63,188.03M,-0.49%
3/9/2017,277.71,281.33,281.49,274.27,144.91M,-1.29%
3/8/2017,281.33,281.67,281.88,279.1,99.55M,-0.12%
3/7/2017,281.67,276.64,281.93,274.95,142.61M,1.82%
3/6/2017,276.64,276.09,277.28,274.58,64.35M,0.20%
3/3/2017,276.09,274.35,277.09,273.72,211.48M,0.63%
3/2/2017,274.35,274.04,274.35,273.28,100.31M,0.11%
3/1/2017,274.04,277.32,278.23,273.98,137.46M,-1.18%
2/28/2017,277.32,276.7,278.07,276.02,164.08M,0.22%
2/27/2017,276.7,273.97,277.31,273.97,109.00M,1.00%
2/24/2017,273.97,276.91,277.33,272.3,97.29M,-1.05%
2/23/2017,276.87,273.05,276.87,271.9,56.44M,1.40%
2/22/2017,273.05,274.07,274.73,272.2,68.63M,-0.37%
2/21/2017,274.07,275.61,275.61,273.87,27.60M,-0.56%
2/20/2017,275.61,276.15,276.21,274.36,39.93M,-0.20%
2/17/2017,276.15,274.1,278.41,274.05,98.11M,0.75%
2/16/2017,274.1,273.01,274.23,272.9,91.88M,0.40%
2/15/2017,273.01,276.15,276.15,272.97,121.35M,-1.14%
2/14/2017,276.15,278.25,279.37,275.09,72.86M,-0.75%
2/13/2017,278.25,277.38,282.21,276.27,78.19M,0.31%
2/10/2017,277.38,273.31,277.38,273.18,141.84M,1.49%
2/9/2017,273.31,274.5,275.05,272.84,74.13M,-0.43%
2/8/2017,274.5,272.66,275.05,271.57,89.69M,0.67%
2/7/2017,272.66,273.53,273.53,270.63,115.45M,-0.32%
2/6/2017,273.53,276.17,276.63,273.03,48.78M,-0.96%
2/3/2017,276.17,278.4,279.53,274.9,57.61M,-0.80%
2/2/2017,278.4,276.03,280.11,276.03,63.13M,0.86%
2/1/2017,276.03,277.32,277.92,275.89,87.17M,-0.47%
1/31/2017,277.32,280.89,281.14,277.32,57.97M,-1.27%
1/30/2017,280.89,284.16,284.16,280.34,31.46M,-1.15%
1/27/2017,284.16,283.82,285.47,283.37,81.51M,0.12%
1/26/2017,283.82,280.52,283.86,280.27,52.23M,1.18%
1/25/2017,280.52,280.53,281.75,280.3,81.45M,0.00%
1/24/2017,280.53,283.75,283.99,279.77,71.87M,-1.13%
1/23/2017,283.75,283.84,283.98,283.12,130.93M,-0.03%
1/20/2017,283.84,283.38,284.27,283.07,79.28M,0.16%
1/19/2017,283.38,282.1,283.43,280.92,95.14M,0.39%
1/18/2017,282.27,282.54,284.12,282.24,139.28M,-0.10%
1/17/2017,282.54,282.47,283.8,281.6,220.95M,0.02%
1/16/2017,282.47,278.83,282.47,278.83,101.14M,1.31%
1/13/2017,278.83,277.58,278.99,276.74,52.82M,0.45%
1/12/2017,277.58,275.01,277.58,274.72,89.97M,0.93%
1/11/2017,275.01,273.02,276.06,272.79,93.03M,0.73%
1/10/2017,273.02,280.91,283.08,273.02,124.12M,-2.81%
1/9/2017,280.91,270.01,280.91,269.68,108.57M,4.04%
1/6/2017,270.01,267.87,271.59,267.78,80.63M,0.80%
1/5/2017,267.87,263.47,271.5,263.47,81.59M,1.67%
1/4/2017,263.47,268.13,268.91,263.47,27.25M,-1.62%
1/3/2017,267.8,274.32,274.32,266.93,58.06M,-2.38%
12/30/2016,274.32,274.79,276.14,273.9,60.69M,-0.17%
12/29/2016,274.79,268.79,274.79,268.79,49.86M,2.23%
12/28/2016,268.79,266.91,268.79,266.56,39.55M,0.70%
12/23/2016,266.91,271.82,271.97,266.32,56.23M,-1.81%
12/22/2016,271.82,272.15,273.16,270.99,76.33M,-0.12%
12/21/2016,272.15,272.96,274.63,271.85,102.83M,-0.49%
12/20/2016,273.5,274.52,276.12,273.5,160.85M,-0.37%
12/19/2016,274.52,277.43,277.43,273.78,134.39M,-1.05%
12/16/2016,277.43,276.93,277.82,274.75,727.73M,0.18%
12/15/2016,276.93,268.55,276.99,268.55,86.68M,3.12%
12/14/2016,268.55,262.51,268.92,262.51,113.77M,2.30%
12/13/2016,262.51,261.03,262.72,260.72,221.37M,0.57%
12/9/2016,261.03,259.66,261.03,257.79,50.98M,0.53%
12/8/2016,259.66,258.74,260.06,258.45,101.20M,0.36%
12/7/2016,258.74,258.78,259.65,258.58,174.56M,0.02%
12/6/2016,258.68,258.39,259.09,258.35,102.91M,0.11%
12/5/2016,258.39,259.71,259.71,257.29,67.16M,-0.51%
12/2/2016,259.71,255.17,259.74,254.97,500.08M,1.78%
12/1/2016,255.17,254.52,255.31,253.06,705.56M,0.26%
11/30/2016,254.52,248.85,255.05,248.66,329.92M,2.28%
11/29/2016,248.85,249.88,249.88,247.22,457.00M,-0.41%
11/28/2016,249.88,249.17,251.56,247.86,139.75M,0.24%
11/25/2016,249.29,251.06,251.6,249.29,59.97M,-0.71%
11/24/2016,251.06,250.69,252.62,250.16,41.55M,0.15%
11/23/2016,250.69,248.82,251.41,248.82,94.26M,0.75%
11/22/2016,248.82,248.63,248.82,247.54,59.71M,0.05%
11/21/2016,248.7,249.23,249.54,248.17,40.03M,-0.21%
11/18/2016,249.23,250.53,250.53,249.12,86.97M,-0.52%
11/17/2016,250.53,250.06,251.19,249.93,75.17M,0.19%
11/16/2016,250.06,253.17,253.17,249.39,78.63M,-1.23%
11/15/2016,253.17,249.85,253.26,249.48,31.57M,1.33%
11/14/2016,249.85,255.32,258.74,249.39,69.11M,-2.14%
11/11/2016,255.32,253.83,258.05,253.7,84.66M,0.59%
11/10/2016,253.83,246.25,256.07,246.25,79.96M,3.08%
11/9/2016,246.25,253.91,254.42,243.41,56.24M,-3.02%
11/8/2016,253.91,257.05,257.18,252.8,80.51M,-1.22%
11/7/2016,257.05,260.83,260.83,256.8,70.59M,-1.45%
11/4/2016,260.83,266.71,267.28,260.69,98.11M,-2.20%
11/3/2016,266.71,266.39,267.3,266.18,38.56M,0.12%
11/2/2016,266.39,268.01,269.23,266.15,76.04M,-0.60%
11/1/2016,268.01,266.98,269.88,266.35,63.48M,0.39%
10/31/2016,266.98,269.51,269.7,266.9,107.78M,-0.94%
10/28/2016,269.51,268.7,269.79,267.49,69.44M,0.30%
10/27/2016,268.7,268.48,268.93,265.02,55.13M,0.08%
10/26/2016,268.48,268.11,268.48,267.28,40.77M,0.14%
10/25/2016,268.11,270.03,270.03,267.67,54.12M,-0.71%
10/24/2016,270.03,270.7,272.33,269.67,53.84M,-0.25%
10/21/2016,270.7,271.54,272.14,269.65,33.04M,-0.31%
10/20/2016,271.54,266.66,278.4,266.66,45.75M,1.83%
10/19/2016,266.66,266.99,268.41,265.8,24.49M,-0.12%
10/18/2016,266.99,269.51,270.55,266.89,111.40M,-0.94%
10/17/2016,269.51,272.06,274.54,269.3,26.73M,-0.94%
10/14/2016,272.06,269.1,274.2,268.91,155.61M,1.10%
10/13/2016,269.1,274.75,275.37,269.1,296.00M,-2.13%
10/12/2016,274.96,273.09,275.74,272.97,90.09M,0.68%
10/11/2016,273.09,270.33,273.28,270.33,135.81M,1.02%
10/10/2016,270.33,266.83,271.01,266.83,81.63M,1.30%
10/7/2016,266.86,271.36,271.99,265.6,130.97M,-1.66%
10/6/2016,271.36,272.11,274.72,267.92,193.92M,-0.28%
10/5/2016,272.11,278.63,278.87,272.07,113.45M,-2.34%
10/4/2016,278.63,274.77,279.05,273.8,104.93M,1.40%
9/30/2016,274.77,278.41,280.29,273.81,101.20M,-1.31%
9/29/2016,278.41,280.27,280.93,278.07,77.16M,-0.66%
9/28/2016,280.27,280.47,281.02,279.13,70.75M,-0.07%
9/27/2016,280.47,280.16,280.55,278.61,75.90M,0.11%
9/26/2016,280.16,281.11,281.35,279.59,146.03M,-0.34%
9/23/2016,281.11,284.74,285.24,278.03,105.60M,-1.27%
9/22/2016,284.74,285.41,287.06,281.46,254.27M,-0.23%
9/21/2016,285.41,284.27,285.77,283.32,127.30M,0.40%
9/20/2016,284.27,283.89,285.93,282.61,77.35M,0.13%
9/19/2016,283.89,283.19,284,282.48,189.62M,0.25%
9/16/2016,283.19,281.58,283.19,277.31,78.78M,0.57%
9/15/2016,281.58,283.96,283.96,281.52,70.02M,-0.84%
9/14/2016,283.96,285.83,285.86,283.85,104.42M,-0.65%
9/9/2016,285.83,285.03,286.75,284.04,160.89M,0.28%
9/8/2016,285.03,285.69,286.02,281.89,135.21M,-0.23%
9/7/2016,285.69,285.01,285.82,282.87,201.53M,0.24%
9/6/2016,285.01,288.61,288.66,284.37,122.05M,-1.25%
9/5/2016,288.61,286.54,288.78,286.12,81.28M,0.72%
9/2/2016,286.54,283.78,288.62,281.15,242.19M,0.97%
9/1/2016,283.78,282.79,283.91,282.37,134.66M,0.35%
8/31/2016,282.79,281.57,284.33,281.57,177.23M,0.43%
8/30/2016,281.57,283.03,284.07,281.39,133.77M,-0.52%
8/29/2016,283.03,284.56,284.79,282.74,,-0.54%
8/26/2016,284.56,284.91,286.62,282.76,,-0.12%
8/25/2016,284.91,286.93,287.22,284.49,,-0.70%
8/24/2016,286.93,286.46,287.55,284.12,,0.16%
8/23/2016,286.46,285.75,286.46,281.62,,0.25%
8/22/2016,285.75,282.13,287.23,282.13,,1.28%
8/19/2016,282.13,277.2,283.75,277.14,,2.25%
8/18/2016,275.92,276.11,277.08,272.56,,-0.07%
8/17/2016,276.11,274.09,281.49,272.51,,0.74%
8/16/2016,274.09,271.64,276.46,270.54,,0.90%
8/15/2016,271.64,276.23,276.23,270.37,,-1.66%
8/12/2016,276.23,277.06,277.14,273.26,,-0.30%
8/11/2016,277.06,281.87,284.98,275.76,,-1.71%
8/10/2016,281.87,279.71,282.43,279.58,,0.79%
8/9/2016,279.65,281.24,285.52,279.47,,-0.57%
8/8/2016,281.24,277.78,281.36,277.62,,1.25%
8/5/2016,277.78,285.54,285.54,277.78,,-2.72%
8/4/2016,285.54,287.2,287.82,284.99,,-0.58%
8/3/2016,287.2,290.22,290.35,287.2,,-1.04%
8/2/2016,290.22,290.59,291.24,288.17,,-0.13%
8/1/2016,290.59,290.91,291.38,283.56,,-0.11%
7/29/2016,290.91,286.78,291.98,285.85,,1.64%
7/28/2016,286.23,290.38,290.38,286.02,,-1.43%
7/27/2016,290.38,284.75,293.83,284.75,,1.98%
7/26/2016,284.75,271.34,285.33,271.08,,4.94%
7/25/2016,271.34,266.76,274.21,265.89,,1.72%
7/22/2016,266.76,267.81,268.21,263.89,,-0.39%
7/21/2016,267.81,274.84,274.84,267.66,,-2.56%
7/20/2016,274.84,278.57,278.57,270.1,,-1.34%
7/19/2016,278.57,286.83,286.83,277.77,,-2.70%
7/18/2016,286.31,287.89,288.93,286.09,,-0.48%
7/15/2016,287.69,289.36,289.53,287.07,,-0.58%
7/14/2016,289.36,293.61,293.61,288.64,,-1.45%
7/13/2016,293.61,296.18,296.39,293.07,,-0.87%
7/12/2016,296.18,293.32,297.65,291.33,,0.98%
7/11/2016,293.32,288.27,294.46,284.47,,1.75%
7/8/2016,288.27,292.46,294.4,287.72,,-1.56%
7/4/2016,292.83,296.03,296.49,291.41,,-1.08%
7/1/2016,296.03,298.81,298.98,294.68,,-0.93%
6/30/2016,298.81,301.19,302.52,298.42,,-0.79%
6/29/2016,301.19,295.29,304.28,294.46,,2.00%
6/28/2016,295.29,300.12,300.58,291.18,,-1.61%
6/27/2016,300.12,313.24,313.35,299.79,,-4.08%
6/24/2016,312.87,318.82,318.82,302.91,,-1.87%
6/23/2016,318.82,311.79,325.12,311.74,,2.25%
6/22/2016,311.79,302.95,312.25,302.95,,2.92%
6/21/2016,302.95,292.64,302.95,290.69,,3.52%
6/20/2016,292.64,300.1,303.93,292.08,,-2.61%
6/17/2016,300.47,295.34,301.95,294.2,,1.74%
6/16/2016,295.34,287.71,302.67,287.71,,3.10%
6/15/2016,286.46,275.54,289.36,275.54,,3.96%
6/14/2016,275.54,278.4,280.26,275.41,,-1.03%
6/13/2016,278.4,276.29,278.61,276.29,,0.76%
6/10/2016,276.29,273.67,277.2,273.16,,0.96%
6/9/2016,273.67,270.95,275.1,270.09,,1.00%
6/8/2016,270.95,271.65,272.29,269.2,,-0.26%
6/7/2016,271.65,274.66,274.66,268.32,,-1.34%
6/6/2016,275.33,278.98,280.75,274.32,,-1.31%
6/3/2016,278.98,264.33,279.93,264.33,,5.54%
6/2/2016,264.33,261.96,264.61,256.23,,0.52%
6/1/2016,262.97,282.35,282.35,258.15,,-6.86%
5/31/2016,282.35,302.36,302.46,282.3,,-6.62%
5/27/2016,302.36,302.63,309.94,300.81,,-0.09%
5/26/2016,302.63,292.18,302.77,292.18,,3.58%
5/25/2016,292.18,275.93,294.49,275.93,,5.89%
5/24/2016,275.93,273.92,276.54,273.27,,0.73%
5/23/2016,273.92,279.53,279.53,267.78,,-2.01%
5/20/2016,279.53,280.45,285.81,278.29,,-0.33%
5/19/2016,280.45,268.06,280.75,267.44,,4.62%
5/18/2016,268.06,263.49,268.78,262.11,,1.73%
5/17/2016,263.49,266.13,271.03,261.4,,-1.35%
5/16/2016,267.09,262.23,271.12,259.4,,1.85%
5/13/2016,262.23,252.62,265.08,252.45,,3.80%
5/12/2016,252.62,249.06,252.62,249.06,,1.43%
5/11/2016,249.06,247.62,250.57,247.4,,0.58%
5/10/2016,247.62,246.09,247.62,245,,0.62%
5/9/2016,246.09,241.08,246.26,241.08,,2.08%
5/6/2016,241.08,239.05,243.07,239.01,,0.85%
5/5/2016,239.05,238.31,239.52,238.31,,0.31%
5/4/2016,238.31,240.71,242.11,238.08,,-1.00%
5/3/2016,240.71,235.3,241.69,234.9,,2.30%
4/29/2016,235.3,233.1,236.27,232.45,,0.94%
4/28/2016,233.1,231.52,234.07,230.69,,0.68%
4/27/2016,231.52,230.5,231.84,230.03,,0.44%
4/26/2016,230.5,228.85,231.07,228.29,,0.91%
4/25/2016,228.43,227.87,228.65,226.84,,0.25%
4/22/2016,227.87,230.11,230.11,226.99,,-0.97%
4/21/2016,230.11,226.78,230.11,226.22,,1.47%
4/20/2016,226.78,222.6,226.95,222.6,,2.74%
4/19/2016,220.73,218.69,221.1,216.68,,1.57%
4/18/2016,217.32,219.48,219.48,216.72,,-0.98%
4/15/2016,219.48,216.95,219.48,215.99,,1.17%
4/14/2016,216.95,214.03,216.95,213.16,,1.36%
4/13/2016,214.03,212.23,214.42,210.62,,0.85%
4/12/2016,212.23,210.59,213.19,207.46,,0.78%
4/11/2016,210.59,218.8,218.8,210.5,,-3.75%
4/8/2016,218.8,219.06,219.61,218.42,,-0.12%
4/7/2016,219.06,217.65,219.3,217.65,,0.65%
4/6/2016,217.65,218.32,218.49,217.33,,-0.31%
4/5/2016,218.32,217.54,219.11,217.26,,0.36%
4/4/2016,217.54,219.26,219.43,217.5,,-0.86%
4/1/2016,219.43,215.47,220.22,214.41,,1.84%
3/31/2016,215.47,217.28,217.99,214.74,,-6.46%
3/30/2016,230.36,236.38,236.38,225.49,,-2.62%
3/29/2016,236.55,238.25,238.25,234.41,,-0.80%
3/24/2016,238.46,233.91,238.55,233.91,,1.95%
3/23/2016,233.91,237.29,237.71,232.63,,-1.52%
3/22/2016,237.52,240.04,241.49,236.33,,-1.05%
3/21/2016,240.04,235.23,240.78,233.45,,2.04%
3/18/2016,235.23,236.99,237.13,230.95,,-0.73%
3/17/2016,236.95,240,240.05,236.95,,-1.27%
3/16/2016,240,244.76,245.15,239.21,,-1.94%
3/15/2016,244.76,249.98,252.75,244.31,,-2.09%
3/14/2016,249.98,247.08,259.01,247.08,,1.17%
3/11/2016,247.08,247.7,248.32,246.83,,-0.25%
3/10/2016,247.7,247.59,248.41,247.1,,0.04%
3/9/2016,247.59,245.93,248.77,245.93,,0.67%
3/8/2016,245.93,242.67,245.93,242.67,,1.34%
3/7/2016,242.67,241.41,244.14,241.15,,0.52%
3/4/2016,241.41,240.84,241.96,239.98,,0.24%
3/3/2016,240.84,236.81,240.84,236.81,,1.70%
3/2/2016,236.81,232.44,237.58,232.44,,1.88%
3/1/2016,232.44,229.92,232.77,229.43,,1.10%
2/29/2016,229.92,228.94,229.98,226.94,,0.43%
2/26/2016,228.94,227.19,231.43,227.16,,0.77%
2/25/2016,227.19,224.32,229.15,224.18,,1.28%
2/24/2016,224.32,231.16,231.16,224.18,,-2.96%
2/23/2016,231.16,233.49,233.49,230.04,,-1.00%
2/22/2016,233.49,234.68,237.16,232.56,,-0.51%
2/19/2016,234.68,233.93,235.5,232.94,,0.32%
2/18/2016,233.93,230.61,234.1,228.3,,1.44%
2/17/2016,230.61,232.8,234.21,229.31,,-0.94%
2/16/2016,232.8,232.3,233.58,230.97,,0.22%
2/15/2016,232.3,234.58,234.58,230.93,,-0.97%
2/12/2016,234.58,237.58,238.77,234.29,,-1.26%
2/11/2016,237.58,237.37,242.1,236.57,,0.09%
2/10/2016,237.37,235.29,237.73,232.7,,0.88%
2/9/2016,235.29,237.47,237.49,233.14,,-0.92%
2/8/2016,237.47,237.29,237.79,236.12,,0.08%
2/5/2016,237.29,237.57,240.5,236.44,,-0.12%
2/4/2016,237.57,235.05,237.61,233.72,,1.07%
2/3/2016,235.05,242.15,242.55,233.21,,-2.93%
2/2/2016,242.15,243.91,243.91,238.84,,-0.72%
2/1/2016,243.91,238.89,247.2,238.89,,2.10%
1/29/2016,238.89,229.52,239.9,229.52,,4.08%
1/28/2016,229.52,222.19,229.52,222.19,,3.30%
1/27/2016,222.19,232.84,232.84,220.27,,-4.57%
1/26/2016,232.84,235.13,235.86,232.67,,-0.97%
1/25/2016,235.13,227.28,239.89,227.01,,3.45%
1/22/2016,227.28,223.17,227.99,223.17,,1.84%
1/21/2016,223.17,221.94,235.47,221.94,,0.55%
1/20/2016,221.94,205.36,222.22,205.36,,8.07%
1/19/2016,205.36,204.25,205.36,199.68,,0.54%
1/18/2016,204.25,207.66,207.66,203.62,,-1.64%
1/15/2016,207.66,223.32,223.32,207.37,,-7.01%
1/14/2016,223.32,234.3,234.3,222.31,,-4.69%
1/13/2016,234.3,245.95,245.95,234.05,,-4.74%
1/12/2016,245.95,253.75,254.75,245.83,,-3.07%
1/11/2016,253.75,255.34,257.57,251.88,,-0.62%
1/8/2016,255.34,261.8,261.9,254.99,,-2.47%
1/7/2016,261.8,267.27,267.38,261.09,,-2.05%
1/6/2016,267.27,269.63,270.23,266.65,,-0.88%
1/5/2016,269.63,268.75,271.68,267.18,,0.33%
1/4/2016,268.75,268.49,271.23,267.59,,0.10%
12/31/2015,268.49,263.64,268.49,263.12,,1.84%
12/30/2015,263.64,263.87,264.16,262.39,,-0.09%
12/29/2015,263.87,266.4,268.4,262.42,,-0.95%
12/23/2015,266.4,267.33,267.7,265.85,,-0.35%
12/22/2015,267.33,271.93,272.35,265.1,,-1.69%
12/21/2015,271.93,266.55,271.93,261.96,,2.36%
12/18/2015,265.65,268.55,268.65,263.06,,-1.08%
12/17/2015,268.55,268.3,270.65,268.3,,0.09%
12/16/2015,268.3,267.43,272.67,266.5,,0.33%
12/15/2015,267.43,269.57,269.57,264.44,,-0.79%
12/14/2015,269.57,271.77,273.69,267.54,,-0.81%
12/11/2015,271.77,272.42,278.18,269.08,,-0.24%
12/10/2015,272.42,266.28,273.46,266.28,,2.31%
12/9/2015,266.28,269.12,271.68,260.73,,-1.06%
12/8/2015,269.12,277.05,277.11,267.86,,-2.86%
12/7/2015,277.05,283.87,283.91,276.47,,-2.40%
12/4/2015,283.87,283.13,285.34,282.2,,0.26%
12/3/2015,283.13,279.77,283.3,279.77,,1.20%
12/2/2015,279.77,279.8,280.59,278.31,,-0.01%
12/1/2015,279.8,279.36,280.21,278.22,,0.16%
11/30/2015,279.36,281.24,281.76,276.43,,-0.67%
11/27/2015,281.24,284.88,286.05,280.08,,-1.28%
11/26/2015,284.88,289.31,289.81,283.78,,-1.53%
11/25/2015,289.31,286.3,289.31,284.56,,1.05%
11/24/2015,286.3,287.08,287.58,284.74,,-0.27%
11/23/2015,287.08,293.71,293.71,287.08,,-2.26%
11/20/2015,293.71,291.31,295.22,290.69,,-0.63%
11/19/2015,295.57,295.76,296.87,295.08,,-0.06%
11/18/2015,295.76,294.76,298.03,294.76,,0.34%
11/17/2015,294.76,295.3,300.89,294.59,,-0.18%
11/16/2015,295.3,305.66,305.66,295.07,,-3.39%
11/13/2015,305.66,303.33,306.82,303.02,,0.77%
11/12/2015,303.33,306.46,306.55,303.01,,-1.02%
11/11/2015,306.46,304.79,308.14,304.79,,0.55%
11/10/2015,304.79,308.35,309.91,304.74,,-1.15%
11/9/2015,308.35,308.66,310.43,307.9,,-0.10%
11/6/2015,308.66,305.74,309.29,305.74,,0.96%
11/5/2015,305.74,306.17,307.15,303.84,,-0.14%
11/4/2015,306.17,306.26,306.5,304.8,,-0.03%
11/3/2015,306.26,311.75,311.81,306.26,,-1.76%
11/2/2015,311.75,308.78,312.12,307.83,,0.98%
10/30/2015,308.72,305.44,312.33,303.52,,1.07%
10/29/2015,305.44,309.07,309.07,302.55,,-1.17%
10/28/2015,309.07,312.06,312.17,308.86,,-1.13%
10/27/2015,312.59,318.62,318.62,310.96,,-1.89%
10/26/2015,318.62,319.83,320.86,318.08,,-0.33%
10/23/2015,319.67,318.86,321.36,318.16,,0.25%
10/22/2015,318.86,319.88,320.77,318.16,,-0.32%
10/21/2015,319.88,320.27,321.3,318.66,,-0.12%
10/20/2015,320.27,317.75,321.08,315.01,,1.18%
10/19/2015,316.55,315.32,317.41,315.24,,0.39%
10/16/2015,315.32,310.53,317.48,310.53,,1.54%
10/15/2015,310.53,312.74,314.27,307.04,,-0.71%
10/14/2015,312.74,317.96,318.26,312.56,,-1.64%
10/13/2015,317.96,315.99,318.04,315.99,,0.62%
10/12/2015,315.99,313.21,317.24,308.14,,0.89%
10/9/2015,313.21,310.49,314.06,310.49,,0.88%
10/8/2015,310.49,312.48,316.61,310.25,,-0.64%
10/7/2015,312.48,319.5,319.5,310.38,,-2.20%
10/6/2015,319.5,319.09,320.57,317.79,,0.13%
10/5/2015,319.09,319.45,319.45,316.4,,-0.11%
10/2/2015,319.45,319.14,320.57,315.27,,0.10%
9/30/2015,319.14,323.89,324.16,318.7,,-0.54%
9/29/2015,320.87,324.69,324.96,314.86,,-1.18%
9/28/2015,324.69,325.2,327.65,324.32,,-0.16%
9/23/2015,325.2,326.3,327.77,324.98,281.46M,-0.29%
9/22/2015,326.13,327.25,327.88,326.01,,-0.34%
9/21/2015,327.25,327.35,330.64,325.59,,-0.03%
9/18/2015,327.35,324.85,327.35,324.7,,0.77%
9/17/2015,324.85,322.92,329.14,321.74,,0.60%
9/16/2015,322.92,318.06,323.09,316.42,,1.53%
9/15/2015,318.06,320.78,322.76,318.06,,-0.85%
9/14/2015,320.78,311.54,322.69,311.54,,2.97%
9/11/2015,311.54,308.71,313.74,308.71,,1.55%
9/10/2015,306.79,314.68,314.68,298.15,,-2.44%
9/9/2015,314.47,327.6,327.6,313.47,,-4.01%
9/8/2015,327.6,319.08,327.73,319.08,,2.52%
9/7/2015,319.55,309.68,319.77,309.68,,3.19%
9/4/2015,309.68,304.27,310.72,304.22,,2.08%
9/3/2015,303.38,302.96,303.53,300.72,,0.14%
9/2/2015,302.96,308.11,310.15,299.42,,-1.67%
9/1/2015,308.11,299.81,311.77,299.81,,2.77%
8/31/2015,299.81,285.52,299.81,285.52,,4.69%
8/28/2015,286.39,275.08,286.92,275.08,,4.11%
8/27/2015,275.08,272.96,275.13,270.82,,0.78%
8/26/2015,272.96,279.12,280.15,272.13,,-2.21%
8/25/2015,279.12,285.58,285.58,274.67,,-2.26%
8/24/2015,285.58,295.07,295.41,284.72,,-3.22%
8/21/2015,295.07,296.25,299.33,292.85,,-0.40%
8/20/2015,296.25,296.89,298.35,294.78,,-0.22%
8/19/2015,296.89,301.5,301.53,296.65,,-1.53%
8/18/2015,301.5,304.76,306.01,300.51,,-1.07%
8/17/2015,304.76,308.85,308.85,302.22,,-1.32%
8/14/2015,308.85,308.96,312.29,307.57,,-0.04%
8/13/2015,308.96,318.3,318.3,307.93,,-2.93%
8/12/2015,318.3,323.34,323.34,316.65,,-1.56%
8/11/2015,323.34,321.88,324.36,320.26,,0.45%
8/10/2015,321.88,325.8,325.92,321.83,,-1.20%
8/7/2015,325.8,329.66,330.31,322.7,,-1.17%
8/6/2015,329.66,334.88,337.76,329.23,,-1.59%
8/5/2015,334.99,325.54,338.54,325.35,,2.90%
8/4/2015,325.54,316.58,325.58,315.46,,2.83%
8/3/2015,316.58,315.71,319.45,315.04,,0.28%
7/31/2015,315.71,323.39,323.52,311.29,,-2.37%
7/30/2015,323.39,325.83,327.35,322.5,,-0.75%
7/29/2015,325.83,327.95,330.26,324.19,,-0.65%
7/28/2015,327.95,333.71,335.65,327.42,,-1.73%
7/27/2015,333.71,339.47,339.47,331.82,,-1.70%
7/24/2015,339.47,340.77,341.59,338.77,,-0.38%
7/23/2015,340.77,339.89,342.75,339.84,,0.26%
7/22/2015,339.87,344.46,344.7,339.87,,-1.33%
7/21/2015,344.46,345.15,345.6,341.66,,-0.20%
7/16/2015,345.15,338.72,345.24,336.88,,1.90%
7/15/2015,338.72,342.42,343.79,338.01,,-1.08%
7/14/2015,342.42,346.66,348.26,341.96,,-1.22%
7/13/2015,346.66,350.22,351.63,346.63,,-1.02%
7/10/2015,350.22,349.74,351.46,347.11,,0.14%
7/9/2015,349.74,354.41,354.58,349.39,,-1.32%
7/8/2015,354.41,358.09,358.09,353.54,,-1.03%
7/7/2015,358.09,360.68,365.01,357.87,,-0.72%
7/6/2015,360.68,361.48,361.61,358.43,,-0.22%
7/3/2015,361.48,363.5,364,361.06,,-0.56%
7/2/2015,363.5,364.49,364.82,361.98,,-0.28%
7/1/2015,364.52,368.99,368.99,363.71,,-1.02%
6/30/2015,368.29,370.18,371.65,367.27,,-0.51%
6/29/2015,370.18,364.94,370.49,364.27,,1.44%
6/26/2015,364.94,367.48,367.48,364.93,,-0.69%
6/25/2015,367.48,371.52,371.52,366.95,,-1.09%
6/24/2015,371.52,373.47,374.9,371.07,,-0.52%
6/23/2015,373.47,372.12,375.51,371.79,,0.36%
6/22/2015,372.12,369.9,372.17,369.7,,0.60%
6/19/2015,369.9,371.46,371.78,369.65,,-0.42%
6/18/2015,371.46,370.44,371.59,369.53,,0.28%
6/17/2015,370.44,372.25,373.51,370.28,,-0.49%
6/16/2015,372.25,372.04,372.25,370.24,,0.06%
6/15/2015,372.04,372.67,373.77,371.68,,-0.17%
6/12/2015,372.67,370.94,378.12,370.94,,0.47%
6/11/2015,370.94,366.95,371.02,365.88,,1.09%
6/10/2015,366.95,372.81,372.91,365.72,,-1.57%
6/9/2015,372.81,375.15,375.34,372.34,,-0.62%
6/8/2015,375.15,376.18,376.49,374.37,,-0.27%
6/5/2015,376.18,369.47,376.3,369.47,,1.82%
6/4/2015,369.47,379.12,379.19,367.36,,-2.55%
6/3/2015,379.12,385.21,385.21,377.52,,-1.58%
6/2/2015,385.21,386.48,388.21,382.61,,-0.33%
6/1/2015,386.48,391.92,392.47,386.48,,-1.39%
5/28/2015,391.92,394.31,397.4,390.64,,-0.61%
5/27/2015,394.31,394.63,394.63,392.06,,-0.08%
5/26/2015,394.63,393.16,395.5,393.15,,0.37%
5/25/2015,393.16,395.86,395.89,392.9,,-0.68%
5/22/2015,395.86,398.11,398.11,395.51,,-0.57%
5/21/2015,398.11,399.4,399.82,396.92,,-0.32%
5/20/2015,399.4,404.39,404.53,398.54,,-1.23%
5/19/2015,404.39,404.12,406.84,401.48,,0.07%
5/18/2015,404.12,396.51,404.12,396.51,,1.92%
5/15/2015,396.51,398.7,398.7,395.92,,-0.55%
5/14/2015,398.7,394.07,400.26,393.12,,1.17%
5/13/2015,394.07,389.18,395.75,389.15,,1.26%
5/12/2015,389.18,393.42,396.9,388.25,,-1.08%
5/11/2015,393.42,397.25,397.25,391.72,,-0.96%
5/8/2015,397.25,398.95,399.23,397.25,,-0.43%
5/7/2015,398.95,393.48,400.18,393.48,,1.39%
5/6/2015,393.48,393.23,395.37,390.99,,0.06%
5/5/2015,393.23,392.1,395.69,391.52,,0.30%
5/4/2015,392.07,389.37,397.14,388.47,,0.69%
4/30/2015,389.37,385.06,390.03,383.97,,1.12%
4/29/2015,385.06,390.99,392.61,384.03,,-1.52%
4/28/2015,390.99,395.4,395.48,390.21,,-1.12%
4/27/2015,395.4,396.08,397.26,394.44,,-0.17%
4/24/2015,396.08,398.35,398.83,394.82,,-0.63%
4/23/2015,398.59,406.36,408.48,398.25,,-1.91%
4/22/2015,406.36,402.6,406.57,402.51,,0.93%
4/21/2015,402.6,405.23,405.53,399.94,,-0.65%
4/20/2015,405.23,403.74,405.32,402.72,,0.37%
4/17/2015,403.74,398.91,404.13,398.57,,1.21%
4/16/2015,398.91,394.47,402.96,394.47,,1.13%
4/15/2015,394.47,395.8,398.17,394.02,,-0.34%
4/14/2015,395.8,405.3,405.34,395.53,,-2.34%
4/13/2015,405.3,397.84,405.3,397.84,,1.88%
4/10/2015,397.84,393.07,403.71,393.07,,1.21%
4/9/2015,393.07,389.01,393.78,386.36,,1.04%
4/8/2015,389.01,403.52,403.52,386.35,,-3.60%
4/7/2015,403.52,424.33,424.33,402.64,,-4.90%
4/2/2015,424.33,397.65,426.68,397.65,,7.02%
4/1/2015,396.5,364.16,396.65,364.16,,8.88%
3/31/2015,364.16,351.73,364.16,349.22,,3.53%
3/30/2015,351.73,342.67,351.73,342.67,,2.76%
3/27/2015,342.29,330.47,342.64,329.52,,3.58%
3/26/2015,330.47,327.3,332.42,327.3,,0.97%
3/25/2015,327.3,322.31,329.39,321.37,,1.55%
3/24/2015,322.31,321.67,324.48,318.68,,0.20%
3/23/2015,321.67,317.27,324.9,317.24,,1.39%
3/20/2015,317.27,317.35,320.71,315.98,,-0.03%
3/19/2015,317.35,320.51,320.51,314.43,,-1.32%
3/18/2015,321.59,329.49,329.49,320.78,,-2.28%
3/17/2015,329.11,342.41,343.42,323.8,,-3.88%
3/16/2015,342.41,359.61,359.61,341.52,,-4.78%
3/13/2015,359.61,364.07,366.14,359.35,,-1.23%
3/12/2015,364.07,358.12,364.37,355.71,,1.66%
3/11/2015,358.12,368.83,370.09,355.48,,-2.90%
3/10/2015,368.83,364.78,373.26,364.78,,1.03%
3/9/2015,365.06,359.8,382.33,359.8,,1.46%
3/6/2015,359.8,333.29,360.53,333.29,,7.95%
3/5/2015,333.29,337.88,337.88,331.37,,-1.36%
3/4/2015,337.88,339.5,344.77,335.98,,-0.48%
3/3/2015,339.5,333.53,341.92,333.53,,1.79%
3/2/2015,333.53,327.72,333.91,327.72,,1.77%
2/27/2015,327.72,326.23,327.86,323.39,,0.46%
2/26/2015,326.23,332.31,333.77,325.74,,-1.83%
2/25/2015,332.31,329.5,333.98,329.5,,1.20%
2/24/2015,328.38,319.3,330.26,319.3,,2.84%
2/23/2015,319.3,310.09,319.3,310.09,,2.97%
2/20/2015,310.09,304.44,311.52,298.64,,1.86%
2/19/2015,304.44,304.67,315.05,299.02,,-0.08%
2/18/2015,304.67,290.65,306.95,290.65,,4.82%
2/17/2015,290.65,279.78,291.67,277.89,,3.89%
2/16/2015,279.78,278.52,281.55,277.66,,0.45%
2/13/2015,278.52,286.24,286.24,277.71,,-2.70%
2/12/2015,286.24,293.1,293.1,284.53,,-2.50%
2/11/2015,293.59,296.68,296.77,292.18,,-1.04%
2/10/2015,296.68,300.8,300.8,294.06,,-1.37%
2/9/2015,300.8,305.86,305.86,300.07,,-1.65%
2/6/2015,305.86,316.51,317.42,305.44,,-3.36%
2/5/2015,316.51,323.24,325.6,314.74,,-2.08%
2/4/2015,323.24,309.25,324.2,309.25,,4.52%
2/3/2015,309.25,299.43,309.25,299.43,,3.28%
2/2/2015,299.43,297.93,304.05,297.84,,0.50%
1/30/2015,297.93,301.75,301.75,297.5,,-1.27%
1/29/2015,301.75,308.5,309.19,299.89,,-2.19%
1/28/2015,308.5,307.42,309.77,305.53,,0.35%
1/27/2015,307.42,306.43,308.88,303.71,,0.32%
1/26/2015,306.43,307.02,307.13,304.78,,-0.19%
1/23/2015,307.02,302.43,307.3,302.43,,1.52%
1/22/2015,302.43,306.53,306.53,301.13,,-1.34%
1/21/2015,306.53,307.39,310.63,306.29,,-0.28%
1/20/2015,307.39,300.9,312.71,300.9,,2.16%
1/19/2015,300.9,286.21,302.76,286.21,,5.13%
1/16/2015,286.21,278.17,286.57,278.17,,2.89%
1/15/2015,278.17,281.98,284.47,277.24,,-1.35%
1/14/2015,281.98,295.14,295.68,281.58,,-4.46%
1/13/2015,295.14,298.04,298.35,293.45,,-1.24%
1/12/2015,298.85,305.61,305.61,296.53,,-1.93%
1/9/2015,304.73,298.87,305.22,298.2,,1.96%
1/8/2015,298.87,309.83,311.08,297.74,,-3.54%
1/7/2015,309.83,334.85,334.85,309.22,,-7.47%
1/6/2015,334.85,348.74,348.74,333.54,,-3.47%
1/5/2015,346.88,351.4,351.4,342.44,,-1.29%
